<?xml version="1.0" encoding="UTF-8"?>

<StructureDefinition xmlns="http://hl7.org/fhir">
  <id value="allergyintolerance-qicore-qicore-allergyintolerance"/>
  <text>
    <status value="generated"/>
    <div xmlns="http://www.w3.org/1999/xhtml">to do</div>
  </text>
  <url value="http://hl7.org/fhir/StructureDefinition/allergyintolerance-qicore-qicore-allergyintolerance"/>
  <name value="QICore-AllergyIntolerance"/>
  <publisher value="Health Level Seven International (Clinical Quality Information - QI-Core)"/>
  <contact>
    <telecom>
      <system value="other"/>
      <value value="http://hl7.org/special/committees/CQI"/>
    </telecom>
  </contact>
  <description value="Profile of AllergyIntolerance for decision support/quality metrics. Defines the core set of elements and extensions for quality rule and measure authors."/>
  <status value="draft"/>
  <date value="2015-02-27"/>
  <kind value="resource"/>
  <constrainedType value="AllergyIntolerance"/>
  <abstract value="false"/>
  <base value="http://hl7.org/fhir/StructureDefinition/AllergyIntolerance"/>
  <snapshot>
    <element>
      <path value="AllergyIntolerance"/>
      <name value="QICore-AllergyIntolerance"/>
      <short value="Allergy or Intolerance (generally: Risk Of Adverse reaction to a substance)"/>
      <definition value="Risk of harmful or undesirable, physiological response which is unique to an individual and associated with exposure to a substance."/>
      <requirements value="To record a clinical assessment of a propensity, or potential risk to an individual, of an adverse reaction upon future exposure to the specified substance, or class of substance."/>
      <alias value="Allergy"/>
      <alias value="Intolerance"/>
      <alias value="Adverse Reaction"/>
      <min value="0"/>
      <max value="*"/>
      <base>
        <path value="AllergyIntolerance"/>
        <min value="0"/>
        <max value="*"/>
      </base>
      <type>
        <code value="AllergyIntolerance"/>
      </type>
    </element>
    <element>
      <path value="AllergyIntolerance.id"/>
      <short value="Logical id of this artifact"/>
      <definition value="The logical id of the resource, as used in the url for the resource. Once assigned, this value never changes."/>
      <min value="0"/>
      <max value="1"/>
      <base>
        <path value="AllergyIntolerance.id"/>
        <min value="0"/>
        <max value="1"/>
      </base>
      <type>
        <code value="id"/>
      </type>
    </element>
    <element>
      <path value="AllergyIntolerance.meta"/>
      <short value="Metadata about the resource"/>
      <definition value="The metadata about the resource. This is content that is maintained by the infrastructure. Changes to the content may not always be associated with version changes to the resource."/>
      <min value="0"/>
      <max value="1"/>
      <base>
        <path value="AllergyIntolerance.meta"/>
        <min value="0"/>
        <max value="1"/>
      </base>
      <type>
        <code value="Meta"/>
      </type>
    </element>
    <element>
      <path value="AllergyIntolerance.implicitRules"/>
      <short value="A set of rules under which this content was created"/>
      <definition value="A reference to a set of rules that were followed when the resource was constructed, and which must be understood when processing the content."/>
      <min value="0"/>
      <max value="1"/>
      <base>
        <path value="AllergyIntolerance.implicitRules"/>
        <min value="0"/>
        <max value="1"/>
      </base>
      <type>
        <code value="uri"/>
      </type>
      <isModifier value="true"/>
    </element>
    <element>
      <path value="AllergyIntolerance.language"/>
      <short value="Language of the resource content"/>
      <definition value="The base language in which the resource is written."/>
      <min value="0"/>
      <max value="1"/>
      <base>
        <path value="AllergyIntolerance.language"/>
        <min value="0"/>
        <max value="1"/>
      </base>
      <type>
        <code value="code"/>
      </type>
      <binding>
        <strength value="required"/>
        <description value="A human language"/>
        <valueSetUri value="http://tools.ietf.org/html/bcp47"/>
      </binding>
    </element>
    <element>
      <path value="AllergyIntolerance.text"/>
      <short value="Text summary of the resource, for human interpretation"/>
      <definition value="A human-readable narrative that contains a summary of the resource, and may be used to represent the content of the resource to a human. The narrative need not encode all the structured data, but is required to contain sufficient detail to make it &quot;clinically safe&quot; for a human to just read the narrative. Resource definitions may define what content should be represented in the narrative to ensure clinical safety."/>
      <alias value="narrative"/>
      <alias value="html"/>
      <alias value="xhtml"/>
      <alias value="display"/>
      <min value="0"/>
      <max value="1"/>
      <base>
        <path value="AllergyIntolerance.text"/>
        <min value="0"/>
        <max value="1"/>
      </base>
      <type>
        <code value="Narrative"/>
      </type>
      <condition value="dom-1"/>
      <mapping>
        <identity value="rim"/>
        <map value="Act.text?"/>
      </mapping>
    </element>
    <element>
      <path value="AllergyIntolerance.contained"/>
      <short value="Contained, inline Resources"/>
      <definition value="These resources do not have an independent existence apart from the resource that contains them - they cannot be identified independently, and nor can they have their own independent transaction scope."/>
      <alias value="inline resources"/>
      <alias value="anonymous resources"/>
      <alias value="contained resources"/>
      <min value="0"/>
      <max value="*"/>
      <base>
        <path value="AllergyIntolerance.contained"/>
        <min value="0"/>
        <max value="*"/>
      </base>
      <type>
        <code value="Resource"/>
      </type>
      <mapping>
        <identity value="rim"/>
        <map value="N/A"/>
      </mapping>
    </element>
    <element>
      <path value="AllergyIntolerance.extension"/>
      <slicing>
        <discriminator value="url"/>
        <ordered value="false"/>
        <rules value="open"/>
      </slicing>
      <short value="Extension"/>
      <definition value="An Extension"/>
      <min value="0"/>
      <max value="*"/>
      <base>
        <path value="AllergyIntolerance.extension"/>
        <min value="0"/>
        <max value="*"/>
      </base>
      <type>
        <code value="Extension"/>
      </type>
    </element>
    <element>
      <path value="AllergyIntolerance.extension"/>
      <name value="AllergyIntolerance.resolutionAge"/>
      <short value="Extension"/>
      <definition value="An Extension"/>
      <min value="0"/>
      <max value="1"/>
      <base>
        <path value="AllergyIntolerance.extension"/>
        <min value="0"/>
        <max value="*"/>
      </base>
      <type>
        <code value="Extension"/>
        <profile value="http://hl7.org/fhir/StructureDefinition/allergyintolerance-resolutionAge"/>
      </type>
    </element>
    <element>
      <path value="AllergyIntolerance.extension"/>
      <name value="AllergyIntolerance.reasonRefuted"/>
      <short value="Extension"/>
      <definition value="An Extension"/>
      <min value="0"/>
      <max value="1"/>
      <base>
        <path value="AllergyIntolerance.extension"/>
        <min value="0"/>
        <max value="*"/>
      </base>
      <type>
        <code value="Extension"/>
        <profile value="http://hl7.org/fhir/StructureDefinition/allergyintolerance-reasonRefuted"/>
      </type>
      <binding>
        <strength value="preferred"/>
        <valueSetReference>
          <reference value="http://hl7.org/fhir/ValueSet/v3-ActReason"/>
        </valueSetReference>
      </binding>
    </element>
    <element>
      <path value="AllergyIntolerance.modifierExtension"/>
      <short value="Extensions that cannot be ignored"/>
      <definition value="May be used to represent additional information that is not part of the basic definition of the resource, and that modifies the understanding of the element that contains it. Usually modifier elements provide negation or qualification. In order to make the use of extensions safe and manageable, there is a strict set of governance applied to the definition and use of extensions. Though any implementer is allowed to define an extension, there is a set of requirements that SHALL be met as part of the definition of the extension. Applications processing a resource are required to check for modifier extensions."/>
      <alias value="extensions"/>
      <alias value="user content"/>
      <min value="0"/>
      <max value="*"/>
      <base>
        <path value="AllergyIntolerance.modifierExtension"/>
        <min value="0"/>
        <max value="*"/>
      </base>
      <type>
        <code value="Extension"/>
      </type>
      <isModifier value="true"/>
      <mapping>
        <identity value="rim"/>
        <map value="N/A"/>
      </mapping>
    </element>
    <element>
      <path value="AllergyIntolerance.identifier"/>
      <short value="External Ids for this item"/>
      <definition value="This records identifiers associated with this allergy/intolerance concern that are defined by business processed and/ or used to refer to it when a direct URL reference to the resource itself is not appropriate (e.g. in CDA documents, or in written / printed documentation)."/>
      <min value="0"/>
      <max value="*"/>
      <base>
        <path value="AllergyIntolerance.identifier"/>
        <min value="0"/>
        <max value="*"/>
      </base>
      <type>
        <code value="Identifier"/>
      </type>
      <isSummary value="true"/>
      <mapping>
        <identity value="rim"/>
        <map value=".id"/>
      </mapping>
    </element>
    <element>
      <path value="AllergyIntolerance.recordedDate"/>
      <short value="When recorded"/>
      <definition value="Date when the sensitivity was recorded."/>
      <min value="0"/>
      <max value="1"/>
      <base>
        <path value="AllergyIntolerance.recordedDate"/>
        <min value="0"/>
        <max value="1"/>
      </base>
      <type>
        <code value="dateTime"/>
      </type>
      <mustSupport value="true"/>
      <isSummary value="true"/>
      <mapping>
        <identity value="rim"/>
        <map value=".participation[typeCode=AUT].time"/>
      </mapping>
    </element>
    <element>
      <path value="AllergyIntolerance.recorder"/>
      <short value="Who recorded the sensitivity"/>
      <definition value="Individual who recorded the record and takes responsibility for its conten."/>
      <alias value="Author"/>
      <min value="0"/>
      <max value="1"/>
      <base>
        <path value="AllergyIntolerance.recorder"/>
        <min value="0"/>
        <max value="1"/>
      </base>
      <type>
        <code value="Reference"/>
        <profile value="http://hl7.org/fhir/StructureDefinition/practitioner-qicore-qicore-practitioner"/>
      </type>
      <type>
        <code value="Reference"/>
        <profile value="http://hl7.org/fhir/StructureDefinition/patient-qicore-qicore-patient"/>
      </type>
      <isSummary value="true"/>
      <mapping>
        <identity value="rim"/>
        <map value=".participation[typeCode=AUT].role"/>
      </mapping>
    </element>
    <element>
      <path value="AllergyIntolerance.patient"/>
      <short value="Who the sensitivity is for"/>
      <definition value="The patient who has the allergy or intolerance."/>
      <alias value="Patient"/>
      <min value="1"/>
      <max value="1"/>
      <base>
        <path value="AllergyIntolerance.patient"/>
        <min value="1"/>
        <max value="1"/>
      </base>
      <type>
        <code value="Reference"/>
        <profile value="http://hl7.org/fhir/StructureDefinition/patient-qicore-qicore-patient"/>
      </type>
      <mustSupport value="true"/>
      <isSummary value="true"/>
      <mapping>
        <identity value="rim"/>
        <map value=".participation[typeCode=SBJ].role[classCode=PAT]"/>
      </mapping>
    </element>
    <element>
      <path value="AllergyIntolerance.reporter"/>
      <short value="Source of the information about the allergy"/>
      <definition value="The source of the information about the allergy that is recorded."/>
      <alias value="Source"/>
      <alias value="Informant"/>
      <min value="0"/>
      <max value="1"/>
      <base>
        <path value="AllergyIntolerance.reporter"/>
        <min value="0"/>
        <max value="1"/>
      </base>
      <type>
        <code value="Reference"/>
        <profile value="http://hl7.org/fhir/StructureDefinition/Patient"/>
      </type>
      <type>
        <code value="Reference"/>
        <profile value="http://hl7.org/fhir/StructureDefinition/RelatedPerson"/>
      </type>
      <type>
        <code value="Reference"/>
        <profile value="http://hl7.org/fhir/StructureDefinition/Practitioner"/>
      </type>
      <isSummary value="true"/>
    </element>
    <element>
      <path value="AllergyIntolerance.substance"/>
      <short value="Substance, (or class) considered to be responsible for risk"/>
      <definition value="Identification of a substance, or a class of substances, that is considered to be responsible for the Adverse reaction risk."/>
      <alias value="Agent"/>
      <min value="1"/>
      <max value="1"/>
      <base>
        <path value="AllergyIntolerance.substance"/>
        <min value="1"/>
        <max value="1"/>
      </base>
      <type>
        <code value="CodeableConcept"/>
      </type>
      <mustSupport value="true"/>
      <isSummary value="true"/>
      <binding>
        <strength value="example"/>
        <description value="Type of the substance"/>
        <valueSetReference>
          <reference value="http://hl7.org/fhir/ValueSet/substance-type"/>
        </valueSetReference>
      </binding>
    </element>
    <element>
      <path value="AllergyIntolerance.status"/>
      <short value="unconfirmed | confirmed | resolved | refuted | entered-in-error"/>
      <definition value="Assertion about certainty associated with the propensity, or potential risk, of a reaction to the identified Substance."/>
      <alias value="State"/>
      <min value="0"/>
      <max value="1"/>
      <base>
        <path value="AllergyIntolerance.status"/>
        <min value="0"/>
        <max value="1"/>
      </base>
      <type>
        <code value="code"/>
      </type>
      <mustSupport value="true"/>
      <isModifier value="true"/>
      <isSummary value="true"/>
      <binding>
        <strength value="required"/>
        <description value="Assertion about certainty associated with a propensity, or potential risk, of a reaction to the identified Substance"/>
        <valueSetReference>
          <reference value="http://hl7.org/fhir/ValueSet/allergy-intolerance-status"/>
        </valueSetReference>
      </binding>
    </element>
    <element>
      <path value="AllergyIntolerance.criticality"/>
      <short value="low | high | unassessible - Estimated potential clinical harm"/>
      <definition value="Estimate of the potential clinical harm, or seriousness, of the reaction to the identified Substance."/>
      <alias value="Severity"/>
      <alias value="Seriousness"/>
      <alias value="Contra-indication"/>
      <alias value="Risk"/>
      <min value="0"/>
      <max value="1"/>
      <base>
        <path value="AllergyIntolerance.criticality"/>
        <min value="0"/>
        <max value="1"/>
      </base>
      <type>
        <code value="code"/>
      </type>
      <mustSupport value="true"/>
      <isSummary value="true"/>
      <binding>
        <strength value="required"/>
        <description value="Estimate of the potential clinical harm, or seriousness, of a reaction to an identified Substance"/>
        <valueSetReference>
          <reference value="http://hl7.org/fhir/ValueSet/allergy-intolerance-criticality"/>
        </valueSetReference>
      </binding>
    </element>
    <element>
      <path value="AllergyIntolerance.type"/>
      <short value="immune | non-immune - Underlying mechanism (if known)"/>
      <definition value="Identification of the underlying physiological mechanism for the Reaction Risk."/>
      <alias value="Category"/>
      <alias value="Class"/>
      <min value="0"/>
      <max value="1"/>
      <base>
        <path value="AllergyIntolerance.type"/>
        <min value="0"/>
        <max value="1"/>
      </base>
      <type>
        <code value="code"/>
      </type>
      <mustSupport value="true"/>
      <isSummary value="true"/>
      <binding>
        <strength value="required"/>
        <description value="Identification of the underlying physiological mechanism for a Reaction Risk"/>
        <valueSetReference>
          <reference value="http://hl7.org/fhir/ValueSet/allergy-intolerance-type"/>
        </valueSetReference>
      </binding>
    </element>
    <element>
      <path value="AllergyIntolerance.category"/>
      <short value="food | medication | environment - Category of Substance"/>
      <definition value="Category of the identified Substance."/>
      <alias value="Category"/>
      <alias value="Type"/>
      <alias value="Reaction Type"/>
      <alias value="Class"/>
      <min value="0"/>
      <max value="1"/>
      <base>
        <path value="AllergyIntolerance.category"/>
        <min value="0"/>
        <max value="1"/>
      </base>
      <type>
        <code value="code"/>
      </type>
      <mustSupport value="true"/>
      <isSummary value="true"/>
      <binding>
        <strength value="required"/>
        <description value="Category of an identified Substance"/>
        <valueSetReference>
          <reference value="http://hl7.org/fhir/ValueSet/allergy-intolerance-category"/>
        </valueSetReference>
      </binding>
    </element>
    <element>
      <path value="AllergyIntolerance.lastOccurence"/>
      <short value="Date(/time) of last known occurence of a reaction"/>
      <definition value="Represents the date and/or time of the last known occurence of a reaction event."/>
      <min value="0"/>
      <max value="1"/>
      <base>
        <path value="AllergyIntolerance.lastOccurence"/>
        <min value="0"/>
        <max value="1"/>
      </base>
      <type>
        <code value="dateTime"/>
      </type>
      <isSummary value="true"/>
    </element>
    <element>
      <path value="AllergyIntolerance.comment"/>
      <short value="Additional text not captured in other fields"/>
      <definition value="Additional narrative about the propensity for the Adverse Reaction, not captured in other fields."/>
      <min value="0"/>
      <max value="1"/>
      <base>
        <path value="AllergyIntolerance.comment"/>
        <min value="0"/>
        <max value="1"/>
      </base>
      <type>
        <code value="string"/>
      </type>
    </element>
    <element>
      <path value="AllergyIntolerance.event"/>
      <short value="Adverse Reaction Events linked to exposure to substance"/>
      <definition value="Details about each Adverse Reaction Event linked to exposure to the identified Substance."/>
      <min value="0"/>
      <max value="*"/>
      <base>
        <path value="AllergyIntolerance.event"/>
        <min value="0"/>
        <max value="*"/>
      </base>
      <type>
        <code value="BackboneElement"/>
      </type>
    </element>
    <element>
      <path value="AllergyIntolerance.event.id"/>
      <representation value="xmlAttr"/>
      <short value="xml:id (or equivalent in JSON)"/>
      <definition value="unique id for the element within a resource (for internal references)."/>
      <min value="0"/>
      <max value="1"/>
      <base>
        <path value="AllergyIntolerance.event.id"/>
        <min value="0"/>
        <max value="1"/>
      </base>
      <type>
        <code value="id"/>
      </type>
      <mapping>
        <identity value="rim"/>
        <map value="n/a"/>
      </mapping>
    </element>
    <element>
      <path value="AllergyIntolerance.event.extension"/>
      <short value="Additional Content defined by implementations"/>
      <definition value="May be used to represent additional information that is not part of the basic definition of the element. In order to make the use of extensions safe and manageable, there is a strict set of governance  applied to the definition and use of extensions. Though any implementer is allowed to define an extension, there is a set of requirements that SHALL be met as part of the definition of the extension."/>
      <alias value="extensions"/>
      <alias value="user content"/>
      <min value="0"/>
      <max value="*"/>
      <base>
        <path value="AllergyIntolerance.event.extension"/>
        <min value="0"/>
        <max value="*"/>
      </base>
      <type>
        <code value="Extension"/>
      </type>
      <mapping>
        <identity value="rim"/>
        <map value="n/a"/>
      </mapping>
    </element>
    <element>
      <path value="AllergyIntolerance.event.modifierExtension"/>
      <short value="Extensions that cannot be ignored"/>
      <definition value="May be used to represent additional information that is not part of the basic definition of the element, and that modifies the understanding of the element that contains it. Usually modifier elements provide negation or qualification. In order to make the use of extensions safe and manageable, there is a strict set of governance applied to the definition and use of extensions. Though any implementer is allowed to define an extension, there is a set of requirements that SHALL be met as part of the definition of the extension. Applications processing a resource are required to check for modifier extensions."/>
      <alias value="extensions"/>
      <alias value="user content"/>
      <alias value="modifiers"/>
      <min value="0"/>
      <max value="*"/>
      <base>
        <path value="AllergyIntolerance.event.modifierExtension"/>
        <min value="0"/>
        <max value="*"/>
      </base>
      <type>
        <code value="Extension"/>
      </type>
      <isModifier value="true"/>
      <mapping>
        <identity value="rim"/>
        <map value="N/A"/>
      </mapping>
    </element>
    <element>
      <path value="AllergyIntolerance.event.substance"/>
      <short value="Specific substance considered to be responsible for event"/>
      <definition value="Identification of the specific substance considered to be responsible for the Adverse Reaction event. Note: the substance for a specific reaction may be different to the substance identified as the cause of the risk, but must be consistent with it. For instance, it may be a more specific substance (e.g. a brand medication) or a composite substance that includes the identified substance. It must be clinically safe to only process the AllergyIntolerance.substance and ignore the AllergyIntolerance.event.substance."/>
      <min value="0"/>
      <max value="1"/>
      <base>
        <path value="AllergyIntolerance.event.substance"/>
        <min value="0"/>
        <max value="1"/>
      </base>
      <type>
        <code value="CodeableConcept"/>
      </type>
      <isSummary value="true"/>
      <binding>
        <strength value="example"/>
        <description value="Type of the substance"/>
        <valueSetReference>
          <reference value="http://hl7.org/fhir/ValueSet/substance-type"/>
        </valueSetReference>
      </binding>
    </element>
    <element>
      <path value="AllergyIntolerance.event.certainty"/>
      <short value="unlikely | likely | confirmed - clinical certainty about the specific substance"/>
      <definition value="Statement about the degree of clinical certainty that the Specific Substance was the cause of the Manifestation in this reaction event."/>
      <alias value="Cause"/>
      <min value="0"/>
      <max value="1"/>
      <base>
        <path value="AllergyIntolerance.event.certainty"/>
        <min value="0"/>
        <max value="1"/>
      </base>
      <type>
        <code value="code"/>
      </type>
      <isSummary value="true"/>
      <binding>
        <strength value="required"/>
        <description value="Statement about the degree of clinical certainty that a Specific Substance was the cause of the Manifestation in an reaction event"/>
        <valueSetReference>
          <reference value="http://hl7.org/fhir/ValueSet/reaction-event-certainty"/>
        </valueSetReference>
      </binding>
    </element>
    <element>
      <path value="AllergyIntolerance.event.manifestation"/>
      <short value="Clinical symptoms/signs associated with the Event"/>
      <definition value="Clinical symptoms and/or signs that are observed or associated with the Adverse Reaction Event."/>
      <alias value="Symptoms"/>
      <alias value="Signs"/>
      <min value="1"/>
      <max value="*"/>
      <base>
        <path value="AllergyIntolerance.event.manifestation"/>
        <min value="1"/>
        <max value="*"/>
      </base>
      <type>
        <code value="CodeableConcept"/>
      </type>
      <mustSupport value="true"/>
      <isSummary value="true"/>
      <binding>
        <strength value="preferred"/>
        <description value="Clinical symptoms and/or signs that are observed or associated with an Adverse Reaction Event"/>
        <valueSetReference>
          <reference value="http://hl7.org/fhir/ValueSet/manifestation-c-cda-codes"/>
        </valueSetReference>
      </binding>
    </element>
    <element>
      <path value="AllergyIntolerance.event.description"/>
      <short value="Description of the event as a whole"/>
      <definition value="Text description about the Reaction as a whole, including details of the manifestation if required."/>
      <alias value="Narrative"/>
      <alias value="Text"/>
      <min value="0"/>
      <max value="1"/>
      <base>
        <path value="AllergyIntolerance.event.description"/>
        <min value="0"/>
        <max value="1"/>
      </base>
      <type>
        <code value="string"/>
      </type>
    </element>
    <element>
      <path value="AllergyIntolerance.event.onset"/>
      <short value="Date(/time) when manifestations showed"/>
      <definition value="Record of the date and/or time of the onset of the Reaction."/>
      <min value="0"/>
      <max value="1"/>
      <base>
        <path value="AllergyIntolerance.event.onset"/>
        <min value="0"/>
        <max value="1"/>
      </base>
      <type>
        <code value="dateTime"/>
      </type>
      <mustSupport value="true"/>
      <isSummary value="true"/>
    </element>
    <element>
      <path value="AllergyIntolerance.event.duration"/>
      <short value="How long Manifestations persisted"/>
      <definition value="The amount of time that the Adverse Reaction persisted."/>
      <min value="0"/>
      <max value="1"/>
      <base>
        <path value="AllergyIntolerance.event.duration"/>
        <min value="0"/>
        <max value="1"/>
      </base>
      <type>
        <code value="Duration"/>
      </type>
      <mustSupport value="true"/>
    </element>
    <element>
      <path value="AllergyIntolerance.event.severity"/>
      <short value="mild | moderate | severe (of event as a whole)"/>
      <definition value="Clinical assessment of the severity of the reaction event as a whole, potentially considering multiple different manifestations."/>
      <min value="0"/>
      <max value="1"/>
      <base>
        <path value="AllergyIntolerance.event.severity"/>
        <min value="0"/>
        <max value="1"/>
      </base>
      <type>
        <code value="code"/>
      </type>
      <isSummary value="true"/>
      <binding>
        <strength value="required"/>
        <description value="Clinical assessment of the severity of a reaction event as a whole, potentially considering multiple different manifestations"/>
        <valueSetReference>
          <reference value="http://hl7.org/fhir/ValueSet/reaction-event-severity"/>
        </valueSetReference>
      </binding>
    </element>
    <element>
      <path value="AllergyIntolerance.event.exposureRoute"/>
      <short value="How the subject was exposed to the substance"/>
      <definition value="Identification of the route by which the subject was exposed to the substance."/>
      <min value="0"/>
      <max value="1"/>
      <base>
        <path value="AllergyIntolerance.event.exposureRoute"/>
        <min value="0"/>
        <max value="1"/>
      </base>
      <type>
        <code value="CodeableConcept"/>
      </type>
      <isSummary value="true"/>
      <binding>
        <strength value="example"/>
        <description value="A coded concept describing the route or physiological path of administration of a therapeutic agent into or onto the body of a subject."/>
        <valueSetReference>
          <reference value="http://hl7.org/fhir/ValueSet/route-codes"/>
        </valueSetReference>
      </binding>
    </element>
    <element>
      <path value="AllergyIntolerance.event.comment"/>
      <short value="Text about event not captured in other fields"/>
      <definition value="Additional text about the Adverse Reaction event not captured in other fields."/>
      <min value="0"/>
      <max value="1"/>
      <base>
        <path value="AllergyIntolerance.event.comment"/>
        <min value="0"/>
        <max value="1"/>
      </base>
      <type>
        <code value="string"/>
      </type>
    </element>
  </snapshot>
  <differential>
    <element>
      <path value="AllergyIntolerance"/>
      <name value="QICore-AllergyIntolerance"/>
      <min value="0"/>
      <max value="*"/>
      <type>
        <code value="AllergyIntolerance"/>
      </type>
    </element>
    <element>
      <path value="AllergyIntolerance.extension"/>
      <slicing>
        <discriminator value="url"/>
        <ordered value="false"/>
        <rules value="open"/>
      </slicing>
    </element>
    <element>
      <path value="AllergyIntolerance.extension"/>
      <name value="AllergyIntolerance.resolutionAge"/>
      <min value="0"/>
      <max value="1"/>
      <type>
        <code value="Extension"/>
        <profile value="http://hl7.org/fhir/StructureDefinition/allergyintolerance-resolutionAge"/>
      </type>
    </element>
    <element>
      <path value="AllergyIntolerance.extension"/>
      <name value="AllergyIntolerance.reasonRefuted"/>
      <min value="0"/>
      <max value="1"/>
      <type>
        <code value="Extension"/>
        <profile value="http://hl7.org/fhir/StructureDefinition/allergyintolerance-reasonRefuted"/>
      </type>
      <binding>
        <strength value="preferred"/>
        <valueSetReference>
          <reference value="http://hl7.org/fhir/ValueSet/v3-ActReason"/>
        </valueSetReference>
      </binding>
    </element>
    <element>
      <path value="AllergyIntolerance.recordedDate"/>
      <mustSupport value="true"/>
    </element>
    <element>
      <path value="AllergyIntolerance.recorder"/>
      <type>
        <code value="Reference"/>
        <profile value="http://hl7.org/fhir/StructureDefinition/practitioner-qicore-qicore-practitioner"/>
      </type>
      <type>
        <code value="Reference"/>
        <profile value="http://hl7.org/fhir/StructureDefinition/patient-qicore-qicore-patient"/>
      </type>
    </element>
    <element>
      <path value="AllergyIntolerance.patient"/>
      <type>
        <code value="Reference"/>
        <profile value="http://hl7.org/fhir/StructureDefinition/patient-qicore-qicore-patient"/>
      </type>
      <mustSupport value="true"/>
    </element>
    <element>
      <path value="AllergyIntolerance.substance"/>
      <mustSupport value="true"/>
    </element>
    <element>
      <path value="AllergyIntolerance.status"/>
      <mustSupport value="true"/>
    </element>
    <element>
      <path value="AllergyIntolerance.criticality"/>
      <mustSupport value="true"/>
    </element>
    <element>
      <path value="AllergyIntolerance.type"/>
      <mustSupport value="true"/>
    </element>
    <element>
      <path value="AllergyIntolerance.category"/>
      <mustSupport value="true"/>
    </element>
    <element>
      <path value="AllergyIntolerance.event"/>
    </element>
    <element>
      <path value="AllergyIntolerance.event.manifestation"/>
      <mustSupport value="true"/>
      <binding>
        <strength value="preferred"/>
        <description value="Clinical symptoms and/or signs that are observed or associated with an Adverse Reaction Event"/>
        <valueSetReference>
          <reference value="http://hl7.org/fhir/ValueSet/manifestation-c-cda-codes"/>
        </valueSetReference>
      </binding>
    </element>
    <element>
      <path value="AllergyIntolerance.event.onset"/>
      <mustSupport value="true"/>
    </element>
    <element>
      <path value="AllergyIntolerance.event.duration"/>
      <mustSupport value="true"/>
    </element>
  </differential>
</StructureDefinition>