<?xml version="1.0" encoding="UTF-8"?><Basic xmlns="http://hl7.org/fhir">
  <id value="basic-example-adverseevent-qicore"/>
  <text><status value="generated"/><div xmlns="http://www.w3.org/1999/xhtml"><p><b>Generated Narrative with Details</b></p><p><b>id</b>: basic-example-adverseevent-qicore</p><p><b>code</b>: ADVEVENT <span>(Details : {http://hl7.org/fhir/other-resource-type code &#39;ADVEVENT&#39; = &#39;ADVEVENT)</span></p><p><b>subject</b>: <a>Peter Patient</a></p></div></text><extension url="http://hl7.org/fhir/StructureDefinition/adverseevent-qicore-cause">
    <extension url="http://hl7.org/fhir/StructureDefinition/adverseevent-qicore-cause#item">
      <valueReference>
        <reference value="Medication/example"/>
      </valueReference>
    </extension>
    <extension url="http://hl7.org/fhir/StructureDefinition/adverseevent-qicore-cause#certainty">
      <valueCodeableConcept>
        <coding>
          <system value="http://snomed.info/sct"/>
          <code value="415684004"/>
          <display value="Suspected (qualifier)"/>
        </coding>
      </valueCodeableConcept>
    </extension>
  </extension>
  <extension url="http://hl7.org/fhir/StructureDefinition/adverseevent-qicore-type">
    <valueCodeableConcept>
      <coding>
        <system value="http://snomed.info/sct"/>
        <code value="28926001"/>
        <display value="Eruption due to drug (disorder)"/>
      </coding>
    </valueCodeableConcept>
  </extension>
  <extension url="http://hl7.org/fhir/StructureDefinition/adverseevent-qicore-period">
    <valuePeriod>
      <start value="2014-01-14"/>
      <end value="2014-01-15"/>
    </valuePeriod>
  </extension>
  <modifierExtension url="http://hl7.org/fhir/StructureDefinition/adverseevent-qicore-didNotOccur">
    <valueBoolean value="false"/>      
  </modifierExtension>
  <code>
    <coding>
      <system value="http://hl7.org/fhir/other-resource-type"/>
      <code value="ADVEVENT"/>
    </coding>
  </code>  
  <subject>
    <reference value="Patient/example"/>
    <display value="Peter Patient"/>
  </subject>
</Basic>