<?xml version="1.0" encoding="UTF-8"?><CarePlan xmlns="http://hl7.org/fhir">
  <id value="f002"/>
  <text><status value="generated"/><div xmlns="http://www.w3.org/1999/xhtml"><p><b>Generated Narrative with Details</b></p><p><b>id</b>: f002</p><p><b>contained</b>: </p><p><b>identifier</b>: CP2934 (OFFICIAL)</p><p><b>patient</b>: <a>P. van de Heuvel</a></p><p><b>status</b>: completed</p><p><b>period</b>: Jul 6, 2011 --&gt; Jul 7, 2013</p><p><b>modified</b>: Jul 7, 2011 9:30:10 AM</p><p><b>concern</b>: <a>?????</a></p><h3>Participants</h3><table><tr><td>-</td><td><b>Member</b></td></tr><tr><td>*</td><td><a>M.I.M. Versteegh</a></td></tr></table><p><b>goal</b>: id: goal; description: succesful surgery on lung of patient; status: achieved; notes: goal accomplished with minor complications</p><blockquote><p><b>activity</b></p><h3>Details</h3><table><tr><td>-</td><td><b>Category</b></td><td><b>Code</b></td><td><b>Status</b></td><td><b>Prohibited</b></td><td><b>Scheduled[x]</b></td><td><b>Performer</b></td></tr><tr><td>*</td><td>procedure</td><td>Partial lobectomy of lung <span>(Details : {SNOMED CT code &#39;359615001&#39; = &#39;Partial lobectomy of lung&#39;, given as &#39;Partial lobectomy of lung&#39;})</span></td><td>completed</td><td>true</td><td>2011-07-07T09:30:10+01:00</td><td><a>M.I.M. Versteegh</a></td></tr></table></blockquote></div></text><contained>
    <Goal>
      <id value="goal"/>
			<patient>
				<reference value="Patient/f001"/>
				<display value="P. van de Heuvel"/>
			</patient>
      <description value="succesful surgery on lung of patient"/>
      <status value="achieved"/>
      <!--   urn:oid:2.16.840.1.113883.4.642.1.38   -->
      <notes value="goal accomplished with minor complications"/>
    </Goal>
  </contained>
  <identifier>
    <use value="official"/>
    <!--   urn:oid:2.16.840.1.113883.4.642.1.36   -->
    <system value="http://www.bmc.nl/zorgportal/identifiers/careplans"/>
    <value value="CP2934"/>
  </identifier>
  <patient>
    <reference value="Patient/f001"/>
    <display value="P. van de Heuvel"/>
  </patient>
  <status value="completed"/>
  <!--   urn:oid:2.16.840.1.113883.4.642.1.36   -->
  <period>
    <start value="2011-07-06"/>
    <end value="2013-07-07"/>
  </period>
  <modified value="2011-07-07T09:30:10+01:00"/>
  <concern>
    <reference value="Condition/f201"/>
    <!--  TODO Correcte referentie  -->
    <display value="?????"/>
  </concern>
  <participant>
    <member>
      <reference value="Practitioner/f003"/>
      <display value="M.I.M. Versteegh"/>
    </member>
  </participant>
  <goal>
    <reference value="#goal"/>
  </goal>
  <activity>
    <detail>
      <category value="procedure"/>
      <!--   urn:oid:2.16.840.1.113883.4.642.1.39   -->
      <code>
        <coding>
          <system value="http://snomed.info/sct"/>
          <code value="359615001"/>
          <display value="Partial lobectomy of lung"/>
        </coding>
      </code>
      <status value="completed"/>
      <prohibited value="true"/>
      <scheduledString value="2011-07-07T09:30:10+01:00"/>
      <performer>
        <reference value="Practitioner/f003"/>
        <display value="M.I.M. Versteegh"/>
      </performer>
    </detail>
  </activity>
</CarePlan>