<?xml version="1.0" encoding="UTF-8"?>

<StructureDefinition xmlns="http://hl7.org/fhir">
  <id value="cond-uslab-uslabreasonforstudy"/>
  <text>
    <status value="generated"/>
    <div xmlns="http://www.w3.org/1999/xhtml">to do</div>
  </text>
  <url value="http://hl7.org/fhir/StructureDefinition/cond-uslab-uslabreasonforstudy"/>
  <name value="US Laboratory Condition Profile"/>
  <publisher value="Health Level Seven International (Orders and Observations - US Lab)"/>
  <contact>
    <telecom>
      <system value="other"/>
      <value value="http://hl7.org"/>
    </telecom>
  </contact>
  <description value="The Condition(s) referenced in USRealm laboratory test  and reporting in ambulatory care setting."/>
  <status value="draft"/>
  <date value="2014-11-17"/>
  <kind value="resource"/>
  <constrainedType value="Condition"/>
  <abstract value="false"/>
  <base value="http://hl7.org/fhir/StructureDefinition/Condition"/>
  <snapshot>
    <element>
      <path value="Condition"/>
      <name value="USlabReasonForStudy"/>
      <short value="Detailed information about conditions, problems or diagnoses"/>
      <definition value="Reason for Study or Additional Clinical Information for Laboratorian or Pathologist."/>
      <alias value="Reason for Study"/>
      <min value="0"/>
      <max value="*"/>
      <base>
        <path value="Condition"/>
        <min value="0"/>
        <max value="*"/>
      </base>
      <type>
        <code value="Condition"/>
      </type>
      <mapping>
        <identity value="v2"/>
        <map value="PPR message"/>
      </mapping>
      <mapping>
        <identity value="rim"/>
        <map value="Observation[classCode=OBS, moodCode=EVN, code=ASSERTION, value&lt;Diagnosis]"/>
      </mapping>
    </element>
    <element>
      <path value="Condition.id"/>
      <short value="Logical id of this artifact"/>
      <definition value="The logical id of the resource, as used in the url for the resource. Once assigned, this value never changes."/>
      <min value="0"/>
      <max value="1"/>
      <base>
        <path value="Condition.id"/>
        <min value="0"/>
        <max value="1"/>
      </base>
      <type>
        <code value="id"/>
      </type>
    </element>
    <element>
      <path value="Condition.meta"/>
      <short value="Metadata about the resource"/>
      <definition value="The metadata about the resource. This is content that is maintained by the infrastructure. Changes to the content may not always be associated with version changes to the resource."/>
      <min value="0"/>
      <max value="1"/>
      <base>
        <path value="Condition.meta"/>
        <min value="0"/>
        <max value="1"/>
      </base>
      <type>
        <code value="Meta"/>
      </type>
    </element>
    <element>
      <path value="Condition.implicitRules"/>
      <short value="A set of rules under which this content was created"/>
      <definition value="A reference to a set of rules that were followed when the resource was constructed, and which must be understood when processing the content."/>
      <min value="0"/>
      <max value="1"/>
      <base>
        <path value="Condition.implicitRules"/>
        <min value="0"/>
        <max value="1"/>
      </base>
      <type>
        <code value="uri"/>
      </type>
      <isModifier value="true"/>
    </element>
    <element>
      <path value="Condition.language"/>
      <short value="Language of the resource content"/>
      <definition value="The base language in which the resource is written."/>
      <min value="0"/>
      <max value="1"/>
      <base>
        <path value="Condition.language"/>
        <min value="0"/>
        <max value="1"/>
      </base>
      <type>
        <code value="code"/>
      </type>
      <binding>
        <strength value="required"/>
        <description value="A human language"/>
        <valueSetUri value="http://tools.ietf.org/html/bcp47"/>
      </binding>
    </element>
    <element>
      <path value="Condition.text"/>
      <short value="Text summary of the resource, for human interpretation"/>
      <definition value="A human-readable narrative that contains a summary of the resource, and may be used to represent the content of the resource to a human. The narrative need not encode all the structured data, but is required to contain sufficient detail to make it &quot;clinically safe&quot; for a human to just read the narrative. Resource definitions may define what content should be represented in the narrative to ensure clinical safety."/>
      <alias value="narrative"/>
      <alias value="html"/>
      <alias value="xhtml"/>
      <alias value="display"/>
      <min value="0"/>
      <max value="1"/>
      <base>
        <path value="Condition.text"/>
        <min value="0"/>
        <max value="1"/>
      </base>
      <type>
        <code value="Narrative"/>
      </type>
      <condition value="dom-1"/>
      <mapping>
        <identity value="rim"/>
        <map value="Act.text?"/>
      </mapping>
    </element>
    <element>
      <path value="Condition.contained"/>
      <short value="Contained, inline Resources"/>
      <definition value="These resources do not have an independent existence apart from the resource that contains them - they cannot be identified independently, and nor can they have their own independent transaction scope."/>
      <alias value="inline resources"/>
      <alias value="anonymous resources"/>
      <alias value="contained resources"/>
      <min value="0"/>
      <max value="*"/>
      <base>
        <path value="Condition.contained"/>
        <min value="0"/>
        <max value="*"/>
      </base>
      <type>
        <code value="Resource"/>
      </type>
      <mapping>
        <identity value="rim"/>
        <map value="N/A"/>
      </mapping>
    </element>
    <element>
      <path value="Condition.extension"/>
      <short value="Additional Content defined by implementations"/>
      <definition value="May be used to represent additional information that is not part of the basic definition of the resource. In order to make the use of extensions safe and manageable, there is a strict set of governance  applied to the definition and use of extensions. Though any implementer is allowed to define an extension, there is a set of requirements that SHALL be met as part of the definition of the extension."/>
      <alias value="extensions"/>
      <alias value="user content"/>
      <min value="0"/>
      <max value="*"/>
      <base>
        <path value="Condition.extension"/>
        <min value="0"/>
        <max value="*"/>
      </base>
      <type>
        <code value="Extension"/>
      </type>
      <mapping>
        <identity value="rim"/>
        <map value="N/A"/>
      </mapping>
    </element>
    <element>
      <path value="Condition.modifierExtension"/>
      <short value="Extensions that cannot be ignored"/>
      <definition value="May be used to represent additional information that is not part of the basic definition of the resource, and that modifies the understanding of the element that contains it. Usually modifier elements provide negation or qualification. In order to make the use of extensions safe and manageable, there is a strict set of governance applied to the definition and use of extensions. Though any implementer is allowed to define an extension, there is a set of requirements that SHALL be met as part of the definition of the extension. Applications processing a resource are required to check for modifier extensions."/>
      <alias value="extensions"/>
      <alias value="user content"/>
      <min value="0"/>
      <max value="*"/>
      <base>
        <path value="Condition.modifierExtension"/>
        <min value="0"/>
        <max value="*"/>
      </base>
      <type>
        <code value="Extension"/>
      </type>
      <isModifier value="true"/>
      <mapping>
        <identity value="rim"/>
        <map value="N/A"/>
      </mapping>
    </element>
    <element>
      <path value="Condition.identifier"/>
      <short value="External Ids for this condition"/>
      <definition value="This records identifiers associated with this condition that are defined by business processed and/ or used to refer to it when a direct URL reference to the resource itself is not appropriate (e.g. in CDA documents, or in written / printed documentation)."/>
      <requirements value="Need to allow connection to a wider workflow."/>
      <min value="0"/>
      <max value="*"/>
      <base>
        <path value="Condition.identifier"/>
        <min value="0"/>
        <max value="*"/>
      </base>
      <type>
        <code value="Identifier"/>
      </type>
      <mapping>
        <identity value="rim"/>
        <map value=".id"/>
      </mapping>
    </element>
    <element>
      <path value="Condition.patient"/>
      <short value="Patient"/>
      <definition value="Patient."/>
      <alias value="Patient"/>
      <min value="1"/>
      <max value="1"/>
      <base>
        <path value="Condition.patient"/>
        <min value="1"/>
        <max value="1"/>
      </base>
      <type>
        <code value="Reference"/>
        <profile value="http://hl7.org/fhir/StructureDefinition/patient-uslab-uslabpatient"/>
      </type>
      <type>
        <code value="Reference"/>
        <profile value="http://hl7.org/fhir/StructureDefinition/patient-uslab-uslabphpatient"/>
      </type>
      <mustSupport value="true"/>
      <mapping>
        <identity value="v2"/>
        <map value="PID-3"/>
      </mapping>
      <mapping>
        <identity value="rim"/>
        <map value=".participation[typeCode=SBJ].role[classCode=PAT]"/>
      </mapping>
    </element>
    <element>
      <path value="Condition.encounter"/>
      <short value="Encounter when condition first asserted"/>
      <definition value="Encounter during which the condition was first asserted."/>
      <min value="0"/>
      <max value="1"/>
      <base>
        <path value="Condition.encounter"/>
        <min value="0"/>
        <max value="1"/>
      </base>
      <type>
        <code value="Reference"/>
        <profile value="http://hl7.org/fhir/StructureDefinition/Encounter"/>
      </type>
      <mapping>
        <identity value="v2"/>
        <map value="PV1-19 (+PV1-54)"/>
      </mapping>
      <mapping>
        <identity value="rim"/>
        <map value=".inboundRelationship[typeCode=COMP].source[classCode=ENC, moodCode=EVN]"/>
      </mapping>
    </element>
    <element>
      <path value="Condition.asserter"/>
      <short value="Person who asserts this condition"/>
      <definition value="Person who takes responsibility for asserting the existence of the condition as part of the electronic record."/>
      <min value="0"/>
      <max value="1"/>
      <base>
        <path value="Condition.asserter"/>
        <min value="0"/>
        <max value="1"/>
      </base>
      <type>
        <code value="Reference"/>
        <profile value="http://hl7.org/fhir/StructureDefinition/Practitioner"/>
      </type>
      <type>
        <code value="Reference"/>
        <profile value="http://hl7.org/fhir/StructureDefinition/Patient"/>
      </type>
      <mapping>
        <identity value="v2"/>
        <map value="REL-7.1 identifier + REL-7.12 type code"/>
      </mapping>
      <mapping>
        <identity value="rim"/>
        <map value=".participation[typeCode=AUT].role"/>
      </mapping>
    </element>
    <element>
      <path value="Condition.dateAsserted"/>
      <short value="When first detected/suspected/entered"/>
      <definition value="Estimated or actual date the condition/problem/diagnosis was first detected/suspected."/>
      <min value="0"/>
      <max value="1"/>
      <base>
        <path value="Condition.dateAsserted"/>
        <min value="0"/>
        <max value="1"/>
      </base>
      <type>
        <code value="date"/>
      </type>
      <mapping>
        <identity value="v2"/>
        <map value="REL-11"/>
      </mapping>
      <mapping>
        <identity value="rim"/>
        <map value=".participation[typeCode=AUT].time"/>
      </mapping>
    </element>
    <element>
      <path value="Condition.code"/>
      <short value="Identification of the condition, problem or diagnosis"/>
      <definition value="Identification of the condition, problem or diagnosis."/>
      <min value="1"/>
      <max value="1"/>
      <base>
        <path value="Condition.code"/>
        <min value="1"/>
        <max value="1"/>
      </base>
      <type>
        <code value="CodeableConcept"/>
      </type>
      <mustSupport value="true"/>
      <binding>
        <strength value="required"/>
        <description value="This value set includes all ICD-9CM and  ICD-10CM concept codes"/>
        <valueSetReference>
          <reference value="http://hl7.org/fhir/ValueSet/cond-uslab-reasonforstudy"/>
        </valueSetReference>
      </binding>
      <mapping>
        <identity value="v2"/>
        <map value="PRB-3"/>
      </mapping>
      <mapping>
        <identity value="rim"/>
        <map value=".value"/>
      </mapping>
    </element>
    <element>
      <path value="Condition.code.id"/>
      <representation value="xmlAttr"/>
      <short value="xml:id (or equivalent in JSON)"/>
      <definition value="unique id for the element within a resource (for internal references)."/>
      <min value="0"/>
      <max value="1"/>
      <base>
        <path value="CodeableConcept.id"/>
        <min value="0"/>
        <max value="1"/>
      </base>
      <type>
        <code value="id"/>
      </type>
      <mapping>
        <identity value="rim"/>
        <map value="n/a"/>
      </mapping>
    </element>
    <element>
      <path value="Condition.code.extension"/>
      <short value="Additional Content defined by implementations"/>
      <definition value="May be used to represent additional information that is not part of the basic definition of the element. In order to make the use of extensions safe and manageable, there is a strict set of governance  applied to the definition and use of extensions. Though any implementer is allowed to define an extension, there is a set of requirements that SHALL be met as part of the definition of the extension."/>
      <alias value="extensions"/>
      <alias value="user content"/>
      <min value="0"/>
      <max value="*"/>
      <base>
        <path value="CodeableConcept.extension"/>
        <min value="0"/>
        <max value="*"/>
      </base>
      <type>
        <code value="Extension"/>
      </type>
      <mapping>
        <identity value="rim"/>
        <map value="n/a"/>
      </mapping>
    </element>
    <element>
      <path value="Condition.code.coding"/>
      <short value="Code defined by a terminology system"/>
      <definition value="A reference to a code defined by a terminology system."/>
      <requirements value="Allows for translations and alternate encodings within a code system.  Also supports communication of the same instance to systems requiring different encodings."/>
      <alias value="ICD-9CM code"/>
      <min value="1"/>
      <max value="1"/>
      <base>
        <path value="CodeableConcept.coding"/>
        <min value="0"/>
        <max value="*"/>
      </base>
      <type>
        <code value="Coding"/>
      </type>
      <mustSupport value="true"/>
      <mapping>
        <identity value="orim"/>
        <map value="fhir:CodeableConcept.coding rdfs:subPropertyOf dt:CD.coding"/>
      </mapping>
      <mapping>
        <identity value="v2"/>
        <map value="C*E.1-8, C*E.10-22"/>
      </mapping>
      <mapping>
        <identity value="rim"/>
        <map value="union(., ./translation)"/>
      </mapping>
    </element>
    <element>
      <path value="Condition.code.coding.id"/>
      <representation value="xmlAttr"/>
      <short value="xml:id (or equivalent in JSON)"/>
      <definition value="unique id for the element within a resource (for internal references)."/>
      <min value="0"/>
      <max value="1"/>
      <base>
        <path value="Coding.id"/>
        <min value="0"/>
        <max value="1"/>
      </base>
      <type>
        <code value="id"/>
      </type>
      <mapping>
        <identity value="rim"/>
        <map value="n/a"/>
      </mapping>
    </element>
    <element>
      <path value="Condition.code.coding.extension"/>
      <short value="Additional Content defined by implementations"/>
      <definition value="May be used to represent additional information that is not part of the basic definition of the element. In order to make the use of extensions safe and manageable, there is a strict set of governance  applied to the definition and use of extensions. Though any implementer is allowed to define an extension, there is a set of requirements that SHALL be met as part of the definition of the extension."/>
      <alias value="extensions"/>
      <alias value="user content"/>
      <min value="0"/>
      <max value="*"/>
      <base>
        <path value="Coding.extension"/>
        <min value="0"/>
        <max value="*"/>
      </base>
      <type>
        <code value="Extension"/>
      </type>
      <mapping>
        <identity value="rim"/>
        <map value="n/a"/>
      </mapping>
    </element>
    <element>
      <path value="Condition.code.coding.system"/>
      <short value="Identity of the terminology system"/>
      <definition value="The identification of the code system that defines the meaning of the symbol in the code."/>
      <requirements value="Need to be unambiguous about the source of the definition of the symbol."/>
      <min value="1"/>
      <max value="1"/>
      <base>
        <path value="Coding.system"/>
        <min value="0"/>
        <max value="1"/>
      </base>
      <type>
        <code value="uri"/>
      </type>
      <mustSupport value="true"/>
      <mapping>
        <identity value="orim"/>
        <map value="fhir:Coding.system rdfs:subPropertyOf dt:CDCoding.codeSystem"/>
      </mapping>
      <mapping>
        <identity value="v2"/>
        <map value="C*E.3"/>
      </mapping>
      <mapping>
        <identity value="rim"/>
        <map value="./codeSystem"/>
      </mapping>
    </element>
    <element>
      <path value="Condition.code.coding.version"/>
      <short value="Version of the system - if relevant"/>
      <definition value="The version of the code system which was used when choosing this code. Note that a well-maintained code system does not need the version reported, because the meaning of codes is consistent across versions. However this cannot consistently be assured. and when the meaning is not guaranteed to be consistent, the version SHOULD be exchanged."/>
      <min value="0"/>
      <max value="1"/>
      <base>
        <path value="Coding.version"/>
        <min value="0"/>
        <max value="1"/>
      </base>
      <type>
        <code value="string"/>
      </type>
      <mapping>
        <identity value="orim"/>
        <map value="fhir:Coding.version rdfs:subPropertyOf dt:CDCoding.codeSystemVersion"/>
      </mapping>
      <mapping>
        <identity value="v2"/>
        <map value="C*E.7"/>
      </mapping>
      <mapping>
        <identity value="rim"/>
        <map value="./codeSystemVersion"/>
      </mapping>
    </element>
    <element>
      <path value="Condition.code.coding.code"/>
      <short value="Symbol in syntax defined by the system"/>
      <definition value="A symbol in syntax defined by the system. The symbol may be a predefined code or an expression in a syntax defined by the coding system (e.g. post-coordination)."/>
      <requirements value="Need to refer to a particular code in the system."/>
      <min value="1"/>
      <max value="1"/>
      <base>
        <path value="Coding.code"/>
        <min value="0"/>
        <max value="1"/>
      </base>
      <type>
        <code value="code"/>
      </type>
      <mustSupport value="true"/>
      <mapping>
        <identity value="orim"/>
        <map value="fhir:Coding.code rdfs:subPropertyOf dt:CDCoding.code"/>
      </mapping>
      <mapping>
        <identity value="v2"/>
        <map value="C*E.1"/>
      </mapping>
      <mapping>
        <identity value="rim"/>
        <map value="./code"/>
      </mapping>
    </element>
    <element>
      <path value="Condition.code.coding.display"/>
      <short value="Representation defined by the system"/>
      <definition value="A representation of the meaning of the code in the system, following the rules of the system."/>
      <requirements value="Need to be able to carry a human-readable meaning of the code for readers that do not know  the system."/>
      <min value="0"/>
      <max value="1"/>
      <base>
        <path value="Coding.display"/>
        <min value="0"/>
        <max value="1"/>
      </base>
      <type>
        <code value="string"/>
      </type>
      <mustSupport value="true"/>
      <mapping>
        <identity value="orim"/>
        <map value="fhir:Coding.display rdfs:subPropertyOf dt:CDCoding.displayName"/>
      </mapping>
      <mapping>
        <identity value="v2"/>
        <map value="C*E.2 - but note this is not well followed"/>
      </mapping>
      <mapping>
        <identity value="rim"/>
        <map value="CV.displayName"/>
      </mapping>
    </element>
    <element>
      <path value="Condition.code.coding.userSelected"/>
      <short value="If this coding was chosen directly by the user"/>
      <definition value="Indicates that this coding was chosen by a user directly - i.e. off a pick list of available items (codes or displays)."/>
      <requirements value="This has been identified as a clinical safety criterium - that this exact system/code pair was chosen explicitly, rather than inferred by the system based on some rules or language processing."/>
      <min value="0"/>
      <max value="1"/>
      <base>
        <path value="Coding.userSelected"/>
        <min value="0"/>
        <max value="1"/>
      </base>
      <type>
        <code value="boolean"/>
      </type>
      <mapping>
        <identity value="orim"/>
        <map value="fhir:Coding.userSelected fhir:mapsTo dt:CDCoding.codingRationale. fhir:Coding.userSelected fhir:hasMap fhir:Coding.userSelected.map. fhir:Coding.userSelected.map a fhir:Map;   fhir:target dt:CDCoding.codingRationale. fhir:Coding.userSelected\#true a [     fhir:source &quot;true&quot;;     fhir:target dt:CDCoding.codingRationale\#O   ]"/>
      </mapping>
      <mapping>
        <identity value="v2"/>
        <map value="Sometimes implied by being first"/>
      </mapping>
      <mapping>
        <identity value="rim"/>
        <map value="CD.codingRationale"/>
      </mapping>
    </element>
    <element>
      <path value="Condition.code.text"/>
      <short value="Plain text representation of the concept"/>
      <definition value="A human language representation of the concept as seen/selected/uttered by the user who entered the data and/or which represents the intended meaning of the user."/>
      <requirements value="The codes from the terminologies do not always capture the correct meaning with all the nuances of the human using them, or sometimes there is no appropriate code at all. In these cases, the text is used to capture the full meaning of the source."/>
      <min value="0"/>
      <max value="1"/>
      <base>
        <path value="CodeableConcept.text"/>
        <min value="0"/>
        <max value="1"/>
      </base>
      <type>
        <code value="string"/>
      </type>
      <mapping>
        <identity value="orim"/>
        <map value="fhir:CodeableConcept.text rdfs:subPropertyOf dt:CD.originalText"/>
      </mapping>
      <mapping>
        <identity value="v2"/>
        <map value="C*E.9. But note many systems use C*E.2 for this"/>
      </mapping>
      <mapping>
        <identity value="rim"/>
        <map value="./originalText[mediaType/code=&quot;text/plain&quot;]/data"/>
      </mapping>
    </element>
    <element>
      <path value="Condition.category"/>
      <short value="E.g. complaint | symptom | finding | diagnosis"/>
      <definition value="A category assigned to the condition. E.g. complaint | symptom | finding | diagnosis."/>
      <min value="1"/>
      <max value="1"/>
      <base>
        <path value="Condition.category"/>
        <min value="0"/>
        <max value="1"/>
      </base>
      <type>
        <code value="CodeableConcept"/>
      </type>
      <mustSupport value="true"/>
      <binding>
        <strength value="extensible"/>
        <description value="A category assigned to the condition. E.g. finding | Condition | diagnosis | concern | condition"/>
        <valueSetReference>
          <reference value="http://hl7.org/fhir/ValueSet/condition-category"/>
        </valueSetReference>
      </binding>
      <mapping>
        <identity value="v2"/>
        <map value="&#39;problem&#39; if from PRB-3. &#39;diagnosis&#39; if from DG1 segment in PV1 message"/>
      </mapping>
      <mapping>
        <identity value="rim"/>
        <map value=".code"/>
      </mapping>
    </element>
    <element>
      <path value="Condition.category.id"/>
      <representation value="xmlAttr"/>
      <short value="xml:id (or equivalent in JSON)"/>
      <definition value="unique id for the element within a resource (for internal references)."/>
      <min value="0"/>
      <max value="1"/>
      <base>
        <path value="CodeableConcept.id"/>
        <min value="0"/>
        <max value="1"/>
      </base>
      <type>
        <code value="id"/>
      </type>
      <mapping>
        <identity value="rim"/>
        <map value="n/a"/>
      </mapping>
    </element>
    <element>
      <path value="Condition.category.extension"/>
      <short value="Additional Content defined by implementations"/>
      <definition value="May be used to represent additional information that is not part of the basic definition of the element. In order to make the use of extensions safe and manageable, there is a strict set of governance  applied to the definition and use of extensions. Though any implementer is allowed to define an extension, there is a set of requirements that SHALL be met as part of the definition of the extension."/>
      <alias value="extensions"/>
      <alias value="user content"/>
      <min value="0"/>
      <max value="*"/>
      <base>
        <path value="CodeableConcept.extension"/>
        <min value="0"/>
        <max value="*"/>
      </base>
      <type>
        <code value="Extension"/>
      </type>
      <mapping>
        <identity value="rim"/>
        <map value="n/a"/>
      </mapping>
    </element>
    <element>
      <path value="Condition.category.coding"/>
      <short value="Code defined by a terminology system"/>
      <definition value="A reference to a code defined by a terminology system."/>
      <requirements value="Allows for translations and alternate encodings within a code system.  Also supports communication of the same instance to systems requiring different encodings."/>
      <min value="0"/>
      <max value="1"/>
      <base>
        <path value="CodeableConcept.coding"/>
        <min value="0"/>
        <max value="*"/>
      </base>
      <type>
        <code value="Coding"/>
      </type>
      <mustSupport value="true"/>
      <mapping>
        <identity value="orim"/>
        <map value="fhir:CodeableConcept.coding rdfs:subPropertyOf dt:CD.coding"/>
      </mapping>
      <mapping>
        <identity value="v2"/>
        <map value="C*E.1-8, C*E.10-22"/>
      </mapping>
      <mapping>
        <identity value="rim"/>
        <map value="union(., ./translation)"/>
      </mapping>
    </element>
    <element>
      <path value="Condition.category.coding.id"/>
      <representation value="xmlAttr"/>
      <short value="xml:id (or equivalent in JSON)"/>
      <definition value="unique id for the element within a resource (for internal references)."/>
      <min value="0"/>
      <max value="1"/>
      <base>
        <path value="Coding.id"/>
        <min value="0"/>
        <max value="1"/>
      </base>
      <type>
        <code value="id"/>
      </type>
      <mapping>
        <identity value="rim"/>
        <map value="n/a"/>
      </mapping>
    </element>
    <element>
      <path value="Condition.category.coding.extension"/>
      <short value="Additional Content defined by implementations"/>
      <definition value="May be used to represent additional information that is not part of the basic definition of the element. In order to make the use of extensions safe and manageable, there is a strict set of governance  applied to the definition and use of extensions. Though any implementer is allowed to define an extension, there is a set of requirements that SHALL be met as part of the definition of the extension."/>
      <alias value="extensions"/>
      <alias value="user content"/>
      <min value="0"/>
      <max value="*"/>
      <base>
        <path value="Coding.extension"/>
        <min value="0"/>
        <max value="*"/>
      </base>
      <type>
        <code value="Extension"/>
      </type>
      <mapping>
        <identity value="rim"/>
        <map value="n/a"/>
      </mapping>
    </element>
    <element>
      <path value="Condition.category.coding.system"/>
      <short value="Identity of the terminology system"/>
      <definition value="The identification of the code system that defines the meaning of the symbol in the code."/>
      <requirements value="Need to be unambiguous about the source of the definition of the symbol."/>
      <min value="1"/>
      <max value="1"/>
      <base>
        <path value="Coding.system"/>
        <min value="0"/>
        <max value="1"/>
      </base>
      <type>
        <code value="uri"/>
      </type>
      <mustSupport value="true"/>
      <mapping>
        <identity value="orim"/>
        <map value="fhir:Coding.system rdfs:subPropertyOf dt:CDCoding.codeSystem"/>
      </mapping>
      <mapping>
        <identity value="v2"/>
        <map value="C*E.3"/>
      </mapping>
      <mapping>
        <identity value="rim"/>
        <map value="./codeSystem"/>
      </mapping>
    </element>
    <element>
      <path value="Condition.category.coding.version"/>
      <short value="Version of the system - if relevant"/>
      <definition value="The version of the code system which was used when choosing this code. Note that a well-maintained code system does not need the version reported, because the meaning of codes is consistent across versions. However this cannot consistently be assured. and when the meaning is not guaranteed to be consistent, the version SHOULD be exchanged."/>
      <min value="0"/>
      <max value="1"/>
      <base>
        <path value="Coding.version"/>
        <min value="0"/>
        <max value="1"/>
      </base>
      <type>
        <code value="string"/>
      </type>
      <mapping>
        <identity value="orim"/>
        <map value="fhir:Coding.version rdfs:subPropertyOf dt:CDCoding.codeSystemVersion"/>
      </mapping>
      <mapping>
        <identity value="v2"/>
        <map value="C*E.7"/>
      </mapping>
      <mapping>
        <identity value="rim"/>
        <map value="./codeSystemVersion"/>
      </mapping>
    </element>
    <element>
      <path value="Condition.category.coding.code"/>
      <short value="Symbol in syntax defined by the system"/>
      <definition value="A symbol in syntax defined by the system. The symbol may be a predefined code or an expression in a syntax defined by the coding system (e.g. post-coordination)."/>
      <requirements value="Need to refer to a particular code in the system."/>
      <min value="1"/>
      <max value="1"/>
      <base>
        <path value="Coding.code"/>
        <min value="0"/>
        <max value="1"/>
      </base>
      <type>
        <code value="code"/>
      </type>
      <mustSupport value="true"/>
      <mapping>
        <identity value="orim"/>
        <map value="fhir:Coding.code rdfs:subPropertyOf dt:CDCoding.code"/>
      </mapping>
      <mapping>
        <identity value="v2"/>
        <map value="C*E.1"/>
      </mapping>
      <mapping>
        <identity value="rim"/>
        <map value="./code"/>
      </mapping>
    </element>
    <element>
      <path value="Condition.category.coding.display"/>
      <short value="Representation defined by the system"/>
      <definition value="A representation of the meaning of the code in the system, following the rules of the system."/>
      <requirements value="Need to be able to carry a human-readable meaning of the code for readers that do not know  the system."/>
      <min value="0"/>
      <max value="1"/>
      <base>
        <path value="Coding.display"/>
        <min value="0"/>
        <max value="1"/>
      </base>
      <type>
        <code value="string"/>
      </type>
      <mustSupport value="true"/>
      <mapping>
        <identity value="orim"/>
        <map value="fhir:Coding.display rdfs:subPropertyOf dt:CDCoding.displayName"/>
      </mapping>
      <mapping>
        <identity value="v2"/>
        <map value="C*E.2 - but note this is not well followed"/>
      </mapping>
      <mapping>
        <identity value="rim"/>
        <map value="CV.displayName"/>
      </mapping>
    </element>
    <element>
      <path value="Condition.category.coding.userSelected"/>
      <short value="If this coding was chosen directly by the user"/>
      <definition value="Indicates that this coding was chosen by a user directly - i.e. off a pick list of available items (codes or displays)."/>
      <requirements value="This has been identified as a clinical safety criterium - that this exact system/code pair was chosen explicitly, rather than inferred by the system based on some rules or language processing."/>
      <min value="0"/>
      <max value="1"/>
      <base>
        <path value="Coding.userSelected"/>
        <min value="0"/>
        <max value="1"/>
      </base>
      <type>
        <code value="boolean"/>
      </type>
      <mapping>
        <identity value="orim"/>
        <map value="fhir:Coding.userSelected fhir:mapsTo dt:CDCoding.codingRationale. fhir:Coding.userSelected fhir:hasMap fhir:Coding.userSelected.map. fhir:Coding.userSelected.map a fhir:Map;   fhir:target dt:CDCoding.codingRationale. fhir:Coding.userSelected\#true a [     fhir:source &quot;true&quot;;     fhir:target dt:CDCoding.codingRationale\#O   ]"/>
      </mapping>
      <mapping>
        <identity value="v2"/>
        <map value="Sometimes implied by being first"/>
      </mapping>
      <mapping>
        <identity value="rim"/>
        <map value="CD.codingRationale"/>
      </mapping>
    </element>
    <element>
      <path value="Condition.category.text"/>
      <short value="Plain text representation of the concept"/>
      <definition value="A human language representation of the concept as seen/selected/uttered by the user who entered the data and/or which represents the intended meaning of the user."/>
      <requirements value="The codes from the terminologies do not always capture the correct meaning with all the nuances of the human using them, or sometimes there is no appropriate code at all. In these cases, the text is used to capture the full meaning of the source."/>
      <min value="0"/>
      <max value="1"/>
      <base>
        <path value="CodeableConcept.text"/>
        <min value="0"/>
        <max value="1"/>
      </base>
      <type>
        <code value="string"/>
      </type>
      <mapping>
        <identity value="orim"/>
        <map value="fhir:CodeableConcept.text rdfs:subPropertyOf dt:CD.originalText"/>
      </mapping>
      <mapping>
        <identity value="v2"/>
        <map value="C*E.9. But note many systems use C*E.2 for this"/>
      </mapping>
      <mapping>
        <identity value="rim"/>
        <map value="./originalText[mediaType/code=&quot;text/plain&quot;]/data"/>
      </mapping>
    </element>
    <element>
      <path value="Condition.clinicalStatus"/>
      <short value="provisional | working | confirmed | refuted | entered-in-error | unknown"/>
      <definition value="The clinical status of the condition."/>
      <min value="1"/>
      <max value="1"/>
      <base>
        <path value="Condition.clinicalStatus"/>
        <min value="1"/>
        <max value="1"/>
      </base>
      <type>
        <code value="code"/>
      </type>
      <mustSupport value="true"/>
      <isModifier value="true"/>
      <binding>
        <strength value="required"/>
        <description value="The clinical status of the Condition or diagnosis"/>
        <valueSetReference>
          <reference value="http://hl7.org/fhir/ValueSet/condition-status"/>
        </valueSetReference>
      </binding>
      <mapping>
        <identity value="v2"/>
        <map value="PRB-14 / DG1-6"/>
      </mapping>
      <mapping>
        <identity value="rim"/>
        <map value=".code (pre or post-coordinated in)  Can use valueNegationInd for refuted"/>
      </mapping>
    </element>
    <element>
      <path value="Condition.severity"/>
      <short value="Subjective severity of condition"/>
      <definition value="A subjective assessment of the severity of the condition as evaluated by the clinician."/>
      <min value="0"/>
      <max value="1"/>
      <base>
        <path value="Condition.severity"/>
        <min value="0"/>
        <max value="1"/>
      </base>
      <type>
        <code value="CodeableConcept"/>
      </type>
      <binding>
        <strength value="example"/>
        <description value="A subjective assessment of the severity of the condition as evaluated by the clinician."/>
        <valueSetReference>
          <reference value="http://hl7.org/fhir/ValueSet/condition-severity"/>
        </valueSetReference>
      </binding>
      <mapping>
        <identity value="v2"/>
        <map value="PRB-26 / ABS-3"/>
      </mapping>
      <mapping>
        <identity value="rim"/>
        <map value="Can be pre/post-coordinated into value.  Or ./inboundRelationship[typeCode=SUBJ].source[classCode=OBS, moodCode=EVN, code=&quot;severity&quot;].value"/>
      </mapping>
    </element>
    <element>
      <path value="Condition.onset[x]"/>
      <short value="Estimated or actual date,  date-time, or age"/>
      <definition value="Estimated or actual date or date-time  the condition began, in the opinion of the clinician."/>
      <min value="0"/>
      <max value="1"/>
      <base>
        <path value="Condition.onset[x]"/>
        <min value="0"/>
        <max value="1"/>
      </base>
      <type>
        <code value="dateTime"/>
      </type>
      <type>
        <code value="Age"/>
      </type>
      <type>
        <code value="Period"/>
      </type>
      <type>
        <code value="Range"/>
      </type>
      <type>
        <code value="string"/>
      </type>
      <mapping>
        <identity value="v2"/>
        <map value="PRB-16"/>
      </mapping>
      <mapping>
        <identity value="rim"/>
        <map value=".effectiveTime.low or .inboundRelationship[typeCode=SUBJ].source[classCode=OBS, moodCode=EVN, code=&quot;age at onset&quot;].value"/>
      </mapping>
    </element>
    <element>
      <path value="Condition.abatement[x]"/>
      <short value="If/when in resolution/remission"/>
      <definition value="The date or estimated date that the condition resolved or went into remission. This is called &quot;abatement&quot; because of the many overloaded connotations associated with &quot;remission&quot; or &quot;resolution&quot; - Conditions are never really resolved, but they can abate."/>
      <min value="0"/>
      <max value="1"/>
      <base>
        <path value="Condition.abatement[x]"/>
        <min value="0"/>
        <max value="1"/>
      </base>
      <type>
        <code value="date"/>
      </type>
      <type>
        <code value="Age"/>
      </type>
      <type>
        <code value="boolean"/>
      </type>
      <type>
        <code value="Period"/>
      </type>
      <type>
        <code value="Range"/>
      </type>
      <type>
        <code value="string"/>
      </type>
      <mapping>
        <identity value="rim"/>
        <map value=".effectiveTime.high or .inboundRelationship[typeCode=SUBJ].source[classCode=OBS, moodCode=EVN, code=&quot;age at remission&quot;].value or .inboundRelationship[typeCode=SUBJ]source[classCode=CONC, moodCode=EVN].status=completed"/>
      </mapping>
    </element>
    <element>
      <path value="Condition.stage"/>
      <short value="Stage/grade, usually assessed formally"/>
      <definition value="Clinical stage or grade of a condition. May include formal severity assessments."/>
      <min value="0"/>
      <max value="1"/>
      <base>
        <path value="Condition.stage"/>
        <min value="0"/>
        <max value="1"/>
      </base>
      <type>
        <code value="BackboneElement"/>
      </type>
      <constraint>
        <key value="con-1"/>
        <severity value="error"/>
        <human value="Stage SHALL have summary or assessment"/>
        <xpath value="exists(f:summary) or exists(f:assessment)"/>
      </constraint>
      <mapping>
        <identity value="rim"/>
        <map value="./inboundRelationship[typeCode=SUBJ].source[classCode=OBS, moodCode=EVN, code=&quot;stage/grade&quot;]"/>
      </mapping>
    </element>
    <element>
      <path value="Condition.stage.id"/>
      <representation value="xmlAttr"/>
      <short value="xml:id (or equivalent in JSON)"/>
      <definition value="unique id for the element within a resource (for internal references)."/>
      <min value="0"/>
      <max value="1"/>
      <base>
        <path value="Condition.stage.id"/>
        <min value="0"/>
        <max value="1"/>
      </base>
      <type>
        <code value="id"/>
      </type>
      <mapping>
        <identity value="rim"/>
        <map value="n/a"/>
      </mapping>
    </element>
    <element>
      <path value="Condition.stage.extension"/>
      <short value="Additional Content defined by implementations"/>
      <definition value="May be used to represent additional information that is not part of the basic definition of the element. In order to make the use of extensions safe and manageable, there is a strict set of governance  applied to the definition and use of extensions. Though any implementer is allowed to define an extension, there is a set of requirements that SHALL be met as part of the definition of the extension."/>
      <alias value="extensions"/>
      <alias value="user content"/>
      <min value="0"/>
      <max value="*"/>
      <base>
        <path value="Condition.stage.extension"/>
        <min value="0"/>
        <max value="*"/>
      </base>
      <type>
        <code value="Extension"/>
      </type>
      <mapping>
        <identity value="rim"/>
        <map value="n/a"/>
      </mapping>
    </element>
    <element>
      <path value="Condition.stage.modifierExtension"/>
      <short value="Extensions that cannot be ignored"/>
      <definition value="May be used to represent additional information that is not part of the basic definition of the element, and that modifies the understanding of the element that contains it. Usually modifier elements provide negation or qualification. In order to make the use of extensions safe and manageable, there is a strict set of governance applied to the definition and use of extensions. Though any implementer is allowed to define an extension, there is a set of requirements that SHALL be met as part of the definition of the extension. Applications processing a resource are required to check for modifier extensions."/>
      <alias value="extensions"/>
      <alias value="user content"/>
      <alias value="modifiers"/>
      <min value="0"/>
      <max value="*"/>
      <base>
        <path value="Condition.stage.modifierExtension"/>
        <min value="0"/>
        <max value="*"/>
      </base>
      <type>
        <code value="Extension"/>
      </type>
      <isModifier value="true"/>
      <mapping>
        <identity value="rim"/>
        <map value="N/A"/>
      </mapping>
    </element>
    <element>
      <path value="Condition.stage.summary"/>
      <short value="Simple summary (disease specific)"/>
      <definition value="A simple summary of the stage such as &quot;Stage 3&quot;. The determination of the stage is disease-specific."/>
      <min value="0"/>
      <max value="1"/>
      <base>
        <path value="Condition.stage.summary"/>
        <min value="0"/>
        <max value="1"/>
      </base>
      <type>
        <code value="CodeableConcept"/>
      </type>
      <condition value="con-1"/>
      <mapping>
        <identity value="rim"/>
        <map value=".value"/>
      </mapping>
    </element>
    <element>
      <path value="Condition.stage.assessment"/>
      <short value="Formal record of assessment"/>
      <definition value="Reference to a formal record of the evidence on which the staging assessment is based."/>
      <min value="0"/>
      <max value="*"/>
      <base>
        <path value="Condition.stage.assessment"/>
        <min value="0"/>
        <max value="*"/>
      </base>
      <type>
        <code value="Reference"/>
        <profile value="http://hl7.org/fhir/StructureDefinition/ClinicalImpression"/>
      </type>
      <type>
        <code value="Reference"/>
        <profile value="http://hl7.org/fhir/StructureDefinition/DiagnosticReport"/>
      </type>
      <type>
        <code value="Reference"/>
        <profile value="http://hl7.org/fhir/StructureDefinition/Observation"/>
      </type>
      <condition value="con-1"/>
      <mapping>
        <identity value="rim"/>
        <map value=".self"/>
      </mapping>
    </element>
    <element>
      <path value="Condition.evidence"/>
      <short value="Supporting evidence"/>
      <definition value="Supporting Evidence / manifestations that are the basis on which this condition is suspected or confirmed."/>
      <min value="0"/>
      <max value="*"/>
      <base>
        <path value="Condition.evidence"/>
        <min value="0"/>
        <max value="*"/>
      </base>
      <type>
        <code value="BackboneElement"/>
      </type>
      <constraint>
        <key value="con-2"/>
        <severity value="error"/>
        <human value="evidence SHALL have code or details"/>
        <xpath value="exists(f:code) or exists(f:detail)"/>
      </constraint>
      <mapping>
        <identity value="rim"/>
        <map value=".outboundRelationship[typeCode=SPRT].target[classCode=OBS, moodCode=EVN]"/>
      </mapping>
    </element>
    <element>
      <path value="Condition.evidence.id"/>
      <representation value="xmlAttr"/>
      <short value="xml:id (or equivalent in JSON)"/>
      <definition value="unique id for the element within a resource (for internal references)."/>
      <min value="0"/>
      <max value="1"/>
      <base>
        <path value="Condition.evidence.id"/>
        <min value="0"/>
        <max value="1"/>
      </base>
      <type>
        <code value="id"/>
      </type>
      <mapping>
        <identity value="rim"/>
        <map value="n/a"/>
      </mapping>
    </element>
    <element>
      <path value="Condition.evidence.extension"/>
      <short value="Additional Content defined by implementations"/>
      <definition value="May be used to represent additional information that is not part of the basic definition of the element. In order to make the use of extensions safe and manageable, there is a strict set of governance  applied to the definition and use of extensions. Though any implementer is allowed to define an extension, there is a set of requirements that SHALL be met as part of the definition of the extension."/>
      <alias value="extensions"/>
      <alias value="user content"/>
      <min value="0"/>
      <max value="*"/>
      <base>
        <path value="Condition.evidence.extension"/>
        <min value="0"/>
        <max value="*"/>
      </base>
      <type>
        <code value="Extension"/>
      </type>
      <mapping>
        <identity value="rim"/>
        <map value="n/a"/>
      </mapping>
    </element>
    <element>
      <path value="Condition.evidence.modifierExtension"/>
      <short value="Extensions that cannot be ignored"/>
      <definition value="May be used to represent additional information that is not part of the basic definition of the element, and that modifies the understanding of the element that contains it. Usually modifier elements provide negation or qualification. In order to make the use of extensions safe and manageable, there is a strict set of governance applied to the definition and use of extensions. Though any implementer is allowed to define an extension, there is a set of requirements that SHALL be met as part of the definition of the extension. Applications processing a resource are required to check for modifier extensions."/>
      <alias value="extensions"/>
      <alias value="user content"/>
      <alias value="modifiers"/>
      <min value="0"/>
      <max value="*"/>
      <base>
        <path value="Condition.evidence.modifierExtension"/>
        <min value="0"/>
        <max value="*"/>
      </base>
      <type>
        <code value="Extension"/>
      </type>
      <isModifier value="true"/>
      <mapping>
        <identity value="rim"/>
        <map value="N/A"/>
      </mapping>
    </element>
    <element>
      <path value="Condition.evidence.code"/>
      <short value="Manifestation/symptom"/>
      <definition value="A manifestation or symptom that led to the recording of this condition."/>
      <min value="0"/>
      <max value="1"/>
      <base>
        <path value="Condition.evidence.code"/>
        <min value="0"/>
        <max value="1"/>
      </base>
      <type>
        <code value="CodeableConcept"/>
      </type>
      <condition value="con-2"/>
      <binding>
        <strength value="example"/>
        <description value="Codes that describe the manifestation or symptoms of a condition."/>
        <valueSetReference>
          <reference value="http://hl7.org/fhir/ValueSet/manifestation-or-symptom"/>
        </valueSetReference>
      </binding>
      <mapping>
        <identity value="rim"/>
        <map value="[code=&quot;diagnosis&quot;].value"/>
      </mapping>
    </element>
    <element>
      <path value="Condition.evidence.detail"/>
      <short value="Supporting information found elsewhere"/>
      <definition value="Links to other relevant information, including pathology reports."/>
      <min value="0"/>
      <max value="*"/>
      <base>
        <path value="Condition.evidence.detail"/>
        <min value="0"/>
        <max value="*"/>
      </base>
      <type>
        <code value="Reference"/>
        <profile value="http://hl7.org/fhir/StructureDefinition/Resource"/>
      </type>
      <condition value="con-2"/>
      <mapping>
        <identity value="rim"/>
        <map value=".self"/>
      </mapping>
    </element>
    <element>
      <path value="Condition.location"/>
      <short value="Anatomical location, if relevant"/>
      <definition value="The anatomical location where this condition manifests itself."/>
      <min value="0"/>
      <max value="*"/>
      <base>
        <path value="Condition.location"/>
        <min value="0"/>
        <max value="*"/>
      </base>
      <type>
        <code value="BackboneElement"/>
      </type>
      <mapping>
        <identity value="rim"/>
        <map value=".targetBodySiteCode"/>
      </mapping>
    </element>
    <element>
      <path value="Condition.location.id"/>
      <representation value="xmlAttr"/>
      <short value="xml:id (or equivalent in JSON)"/>
      <definition value="unique id for the element within a resource (for internal references)."/>
      <min value="0"/>
      <max value="1"/>
      <base>
        <path value="Condition.location.id"/>
        <min value="0"/>
        <max value="1"/>
      </base>
      <type>
        <code value="id"/>
      </type>
      <mapping>
        <identity value="rim"/>
        <map value="n/a"/>
      </mapping>
    </element>
    <element>
      <path value="Condition.location.extension"/>
      <short value="Additional Content defined by implementations"/>
      <definition value="May be used to represent additional information that is not part of the basic definition of the element. In order to make the use of extensions safe and manageable, there is a strict set of governance  applied to the definition and use of extensions. Though any implementer is allowed to define an extension, there is a set of requirements that SHALL be met as part of the definition of the extension."/>
      <alias value="extensions"/>
      <alias value="user content"/>
      <min value="0"/>
      <max value="*"/>
      <base>
        <path value="Condition.location.extension"/>
        <min value="0"/>
        <max value="*"/>
      </base>
      <type>
        <code value="Extension"/>
      </type>
      <mapping>
        <identity value="rim"/>
        <map value="n/a"/>
      </mapping>
    </element>
    <element>
      <path value="Condition.location.modifierExtension"/>
      <short value="Extensions that cannot be ignored"/>
      <definition value="May be used to represent additional information that is not part of the basic definition of the element, and that modifies the understanding of the element that contains it. Usually modifier elements provide negation or qualification. In order to make the use of extensions safe and manageable, there is a strict set of governance applied to the definition and use of extensions. Though any implementer is allowed to define an extension, there is a set of requirements that SHALL be met as part of the definition of the extension. Applications processing a resource are required to check for modifier extensions."/>
      <alias value="extensions"/>
      <alias value="user content"/>
      <alias value="modifiers"/>
      <min value="0"/>
      <max value="*"/>
      <base>
        <path value="Condition.location.modifierExtension"/>
        <min value="0"/>
        <max value="*"/>
      </base>
      <type>
        <code value="Extension"/>
      </type>
      <isModifier value="true"/>
      <mapping>
        <identity value="rim"/>
        <map value="N/A"/>
      </mapping>
    </element>
    <element>
      <path value="Condition.location.site[x]"/>
      <short value="Location - may include laterality"/>
      <definition value="Code that identifies the structural location."/>
      <min value="0"/>
      <max value="1"/>
      <base>
        <path value="Condition.location.site[x]"/>
        <min value="0"/>
        <max value="1"/>
      </base>
      <type>
        <code value="CodeableConcept"/>
      </type>
      <type>
        <code value="Reference"/>
        <profile value="http://hl7.org/fhir/StructureDefinition/BodySite"/>
      </type>
      <binding>
        <strength value="example"/>
        <description value="Codes describing anatomical locations. May include laterality"/>
        <valueSetReference>
          <reference value="http://hl7.org/fhir/ValueSet/body-site"/>
        </valueSetReference>
      </binding>
      <mapping>
        <identity value="rim"/>
        <map value=".self"/>
      </mapping>
    </element>
    <element>
      <path value="Condition.dueTo"/>
      <short value="Causes for this Condition"/>
      <definition value="Further conditions, problems, diagnoses, procedures or events or the substance that caused/triggered this Condition."/>
      <min value="0"/>
      <max value="*"/>
      <base>
        <path value="Condition.dueTo"/>
        <min value="0"/>
        <max value="*"/>
      </base>
      <type>
        <code value="BackboneElement"/>
      </type>
      <constraint>
        <key value="con-4"/>
        <severity value="error"/>
        <human value="Relationship SHALL have either a code or a target"/>
        <xpath value="exists(f:code) != exists(f:target)"/>
      </constraint>
      <mapping>
        <identity value="rim"/>
        <map value=".typeCode"/>
      </mapping>
    </element>
    <element>
      <path value="Condition.dueTo.id"/>
      <representation value="xmlAttr"/>
      <short value="xml:id (or equivalent in JSON)"/>
      <definition value="unique id for the element within a resource (for internal references)."/>
      <min value="0"/>
      <max value="1"/>
      <base>
        <path value="Condition.dueTo.id"/>
        <min value="0"/>
        <max value="1"/>
      </base>
      <type>
        <code value="id"/>
      </type>
      <mapping>
        <identity value="rim"/>
        <map value="n/a"/>
      </mapping>
    </element>
    <element>
      <path value="Condition.dueTo.extension"/>
      <short value="Additional Content defined by implementations"/>
      <definition value="May be used to represent additional information that is not part of the basic definition of the element. In order to make the use of extensions safe and manageable, there is a strict set of governance  applied to the definition and use of extensions. Though any implementer is allowed to define an extension, there is a set of requirements that SHALL be met as part of the definition of the extension."/>
      <alias value="extensions"/>
      <alias value="user content"/>
      <min value="0"/>
      <max value="*"/>
      <base>
        <path value="Condition.dueTo.extension"/>
        <min value="0"/>
        <max value="*"/>
      </base>
      <type>
        <code value="Extension"/>
      </type>
      <mapping>
        <identity value="rim"/>
        <map value="n/a"/>
      </mapping>
    </element>
    <element>
      <path value="Condition.dueTo.modifierExtension"/>
      <short value="Extensions that cannot be ignored"/>
      <definition value="May be used to represent additional information that is not part of the basic definition of the element, and that modifies the understanding of the element that contains it. Usually modifier elements provide negation or qualification. In order to make the use of extensions safe and manageable, there is a strict set of governance applied to the definition and use of extensions. Though any implementer is allowed to define an extension, there is a set of requirements that SHALL be met as part of the definition of the extension. Applications processing a resource are required to check for modifier extensions."/>
      <alias value="extensions"/>
      <alias value="user content"/>
      <alias value="modifiers"/>
      <min value="0"/>
      <max value="*"/>
      <base>
        <path value="Condition.dueTo.modifierExtension"/>
        <min value="0"/>
        <max value="*"/>
      </base>
      <type>
        <code value="Extension"/>
      </type>
      <isModifier value="true"/>
      <mapping>
        <identity value="rim"/>
        <map value="N/A"/>
      </mapping>
    </element>
    <element>
      <path value="Condition.dueTo.code"/>
      <short value="Relationship target by means of a predefined code"/>
      <definition value="Code that identifies the target of this relationship. The code takes the place of a detailed instance target."/>
      <min value="0"/>
      <max value="1"/>
      <base>
        <path value="Condition.dueTo.code"/>
        <min value="0"/>
        <max value="1"/>
      </base>
      <type>
        <code value="CodeableConcept"/>
      </type>
      <condition value="con-4"/>
      <binding>
        <strength value="example"/>
        <description value="Codes that describe causes of patient conditions.  E.g. Surgical mishap, escalation of a previous condition, etc."/>
        <valueSetReference>
          <reference value="http://hl7.org/fhir/ValueSet/condition-cause"/>
        </valueSetReference>
      </binding>
      <mapping>
        <identity value="rim"/>
        <map value=".target[classCode=OBS, moodCode=EVN].code"/>
      </mapping>
    </element>
    <element>
      <path value="Condition.dueTo.target"/>
      <short value="Relationship target resource"/>
      <definition value="Target of the relationship."/>
      <min value="0"/>
      <max value="1"/>
      <base>
        <path value="Condition.dueTo.target"/>
        <min value="0"/>
        <max value="1"/>
      </base>
      <type>
        <code value="Reference"/>
        <profile value="http://hl7.org/fhir/StructureDefinition/Condition"/>
      </type>
      <type>
        <code value="Reference"/>
        <profile value="http://hl7.org/fhir/StructureDefinition/Procedure"/>
      </type>
      <type>
        <code value="Reference"/>
        <profile value="http://hl7.org/fhir/StructureDefinition/MedicationAdministration"/>
      </type>
      <type>
        <code value="Reference"/>
        <profile value="http://hl7.org/fhir/StructureDefinition/Immunization"/>
      </type>
      <type>
        <code value="Reference"/>
        <profile value="http://hl7.org/fhir/StructureDefinition/MedicationStatement"/>
      </type>
      <condition value="con-4"/>
      <mapping>
        <identity value="rim"/>
        <map value=".target[classCode=OBS, moodCode=EVN]"/>
      </mapping>
    </element>
    <element>
      <path value="Condition.occurredFollowing"/>
      <short value="Precedent for this Condition"/>
      <definition value="Further conditions, problems, diagnoses, procedures or events or the substance that preceded this Condition."/>
      <min value="0"/>
      <max value="*"/>
      <base>
        <path value="Condition.occurredFollowing"/>
        <min value="0"/>
        <max value="*"/>
      </base>
      <type>
        <code value="BackboneElement"/>
      </type>
      <constraint>
        <key value="con-5"/>
        <severity value="error"/>
        <human value="Relationship SHALL have either a code or a target"/>
        <xpath value="exists(f:code) != exists(f:target)"/>
      </constraint>
      <mapping>
        <identity value="rim"/>
        <map value=".typeCode"/>
      </mapping>
    </element>
    <element>
      <path value="Condition.occurredFollowing.id"/>
      <representation value="xmlAttr"/>
      <short value="xml:id (or equivalent in JSON)"/>
      <definition value="unique id for the element within a resource (for internal references)."/>
      <min value="0"/>
      <max value="1"/>
      <base>
        <path value="Condition.occurredFollowing.id"/>
        <min value="0"/>
        <max value="1"/>
      </base>
      <type>
        <code value="id"/>
      </type>
      <mapping>
        <identity value="rim"/>
        <map value="n/a"/>
      </mapping>
    </element>
    <element>
      <path value="Condition.occurredFollowing.extension"/>
      <short value="Additional Content defined by implementations"/>
      <definition value="May be used to represent additional information that is not part of the basic definition of the element. In order to make the use of extensions safe and manageable, there is a strict set of governance  applied to the definition and use of extensions. Though any implementer is allowed to define an extension, there is a set of requirements that SHALL be met as part of the definition of the extension."/>
      <alias value="extensions"/>
      <alias value="user content"/>
      <min value="0"/>
      <max value="*"/>
      <base>
        <path value="Condition.occurredFollowing.extension"/>
        <min value="0"/>
        <max value="*"/>
      </base>
      <type>
        <code value="Extension"/>
      </type>
      <mapping>
        <identity value="rim"/>
        <map value="n/a"/>
      </mapping>
    </element>
    <element>
      <path value="Condition.occurredFollowing.modifierExtension"/>
      <short value="Extensions that cannot be ignored"/>
      <definition value="May be used to represent additional information that is not part of the basic definition of the element, and that modifies the understanding of the element that contains it. Usually modifier elements provide negation or qualification. In order to make the use of extensions safe and manageable, there is a strict set of governance applied to the definition and use of extensions. Though any implementer is allowed to define an extension, there is a set of requirements that SHALL be met as part of the definition of the extension. Applications processing a resource are required to check for modifier extensions."/>
      <alias value="extensions"/>
      <alias value="user content"/>
      <alias value="modifiers"/>
      <min value="0"/>
      <max value="*"/>
      <base>
        <path value="Condition.occurredFollowing.modifierExtension"/>
        <min value="0"/>
        <max value="*"/>
      </base>
      <type>
        <code value="Extension"/>
      </type>
      <isModifier value="true"/>
      <mapping>
        <identity value="rim"/>
        <map value="N/A"/>
      </mapping>
    </element>
    <element>
      <path value="Condition.occurredFollowing.code"/>
      <short value="Relationship target by means of a predefined code"/>
      <definition value="Code that identifies the target of this relationship. The code takes the place of a detailed instance target."/>
      <min value="0"/>
      <max value="1"/>
      <base>
        <path value="Condition.occurredFollowing.code"/>
        <min value="0"/>
        <max value="1"/>
      </base>
      <type>
        <code value="CodeableConcept"/>
      </type>
      <condition value="con-5"/>
      <binding>
        <strength value="example"/>
        <description value="Codes that describe activities or observations that occurred prior to the condition"/>
        <valueSetReference>
          <reference value="http://hl7.org/fhir/ValueSet/condition-predecessor"/>
        </valueSetReference>
      </binding>
      <mapping>
        <identity value="rim"/>
        <map value=".target[classCode=OBS, moodCode=EVN].code"/>
      </mapping>
    </element>
    <element>
      <path value="Condition.occurredFollowing.target"/>
      <short value="Relationship target resource"/>
      <definition value="Target of the relationship."/>
      <min value="0"/>
      <max value="1"/>
      <base>
        <path value="Condition.occurredFollowing.target"/>
        <min value="0"/>
        <max value="1"/>
      </base>
      <type>
        <code value="Reference"/>
        <profile value="http://hl7.org/fhir/StructureDefinition/Condition"/>
      </type>
      <type>
        <code value="Reference"/>
        <profile value="http://hl7.org/fhir/StructureDefinition/Procedure"/>
      </type>
      <type>
        <code value="Reference"/>
        <profile value="http://hl7.org/fhir/StructureDefinition/MedicationAdministration"/>
      </type>
      <type>
        <code value="Reference"/>
        <profile value="http://hl7.org/fhir/StructureDefinition/Immunization"/>
      </type>
      <type>
        <code value="Reference"/>
        <profile value="http://hl7.org/fhir/StructureDefinition/MedicationStatement"/>
      </type>
      <condition value="con-5"/>
      <mapping>
        <identity value="rim"/>
        <map value=".target[classCode=OBS, moodCode=EVN]"/>
      </mapping>
    </element>
    <element>
      <path value="Condition.notes"/>
      <short value="Additional information about the Condition"/>
      <definition value="Additional information about the Condition. This is a general notes/comments entry  for description of the Condition, its diagnosis and prognosis."/>
      <min value="0"/>
      <max value="1"/>
      <base>
        <path value="Condition.notes"/>
        <min value="0"/>
        <max value="1"/>
      </base>
      <type>
        <code value="string"/>
      </type>
      <mapping>
        <identity value="v2"/>
        <map value="NTE child of PRB"/>
      </mapping>
      <mapping>
        <identity value="rim"/>
        <map value=".inboundRelationship[typeCode=SUBJ].source[classCode=OBS, moodCode=EVN, code=&quot;annotation&quot;].value"/>
      </mapping>
    </element>
  </snapshot>
  <differential>
    <element>
      <path value="Condition"/>
      <name value="USlabReasonForStudy"/>
      <definition value="Reason for Study or Additional Clinical Information for Laboratorian or Pathologist."/>
      <alias value="Reason for Study"/>
      <min value="0"/>
      <max value="*"/>
      <type>
        <code value="Condition"/>
      </type>
    </element>
    <element>
      <path value="Condition.patient"/>
      <short value="Patient"/>
      <definition value="Patient."/>
      <alias value="Patient"/>
      <min value="1"/>
      <max value="1"/>
      <type>
        <code value="Reference"/>
        <profile value="http://hl7.org/fhir/StructureDefinition/patient-uslab-uslabpatient"/>
      </type>
      <type>
        <code value="Reference"/>
        <profile value="http://hl7.org/fhir/StructureDefinition/patient-uslab-uslabphpatient"/>
      </type>
      <mustSupport value="true"/>
    </element>
    <element>
      <path value="Condition.code"/>
      <min value="1"/>
      <max value="1"/>
      <type>
        <code value="CodeableConcept"/>
      </type>
      <mustSupport value="true"/>
      <binding>
        <strength value="required"/>
        <description value="This value set includes all ICD-9CM and  ICD-10CM concept codes"/>
        <valueSetReference>
          <reference value="http://hl7.org/fhir/ValueSet/cond-uslab-reasonforstudy"/>
        </valueSetReference>
      </binding>
    </element>
    <element>
      <path value="Condition.code.coding"/>
      <alias value="ICD-9CM code"/>
      <min value="1"/>
      <max value="1"/>
      <mustSupport value="true"/>
    </element>
    <element>
      <path value="Condition.code.coding.system"/>
      <min value="1"/>
      <max value="1"/>
      <mustSupport value="true"/>
    </element>
    <element>
      <path value="Condition.code.coding.code"/>
      <min value="1"/>
      <max value="1"/>
      <mustSupport value="true"/>
    </element>
    <element>
      <path value="Condition.code.coding.display"/>
      <min value="0"/>
      <max value="1"/>
      <mustSupport value="true"/>
    </element>
    <element>
      <path value="Condition.category"/>
      <min value="1"/>
      <max value="1"/>
      <mustSupport value="true"/>
    </element>
    <element>
      <path value="Condition.category.coding"/>
      <min value="0"/>
      <max value="1"/>
      <mustSupport value="true"/>
    </element>
    <element>
      <path value="Condition.category.coding.system"/>
      <min value="1"/>
      <max value="1"/>
      <mustSupport value="true"/>
    </element>
    <element>
      <path value="Condition.category.coding.code"/>
      <min value="1"/>
      <max value="1"/>
      <mustSupport value="true"/>
    </element>
    <element>
      <path value="Condition.category.coding.display"/>
      <min value="0"/>
      <max value="1"/>
      <mustSupport value="true"/>
    </element>
    <element>
      <path value="Condition.clinicalStatus"/>
      <min value="1"/>
      <max value="1"/>
      <mustSupport value="true"/>
    </element>
  </differential>
</StructureDefinition>