<?xml version="1.0" encoding="UTF-8"?>

<StructureDefinition xmlns="http://hl7.org/fhir">
  <id value="device-qicore-qicore-device"/>
  <text>
    <status value="generated"/>
    <div xmlns="http://www.w3.org/1999/xhtml">to do</div>
  </text>
  <url value="http://hl7.org/fhir/StructureDefinition/device-qicore-qicore-device"/>
  <name value="QICore-Device"/>
  <publisher value="Health Level Seven International (Clinical Quality Information - QI-Core)"/>
  <contact>
    <telecom>
      <system value="other"/>
      <value value="http://hl7.org/special/committees/CQI"/>
    </telecom>
  </contact>
  <description value="Profile of Device for decision support/quality metrics. Defines the core set of elements and extensions for quality rule and measure authors."/>
  <status value="draft"/>
  <date value="2015-03-11"/>
  <kind value="resource"/>
  <constrainedType value="Device"/>
  <abstract value="false"/>
  <base value="http://hl7.org/fhir/StructureDefinition/Device"/>
  <snapshot>
    <element>
      <path value="Device"/>
      <name value="QICore-Device"/>
      <short value="An instance of a manufactured thing that is used in the provision of healthcare"/>
      <definition value="This resource identifies an instance of a manufactured thing that is used in the provision of healthcare without being substantially changed through that activity. The device may be a medical or non-medical device.  Medical devices includes durable (reusable) medical equipment, implantable devices, as well as disposable equipment used for diagnostic, treatment, and research for healthcare and public health.  Non medical devices may includes things such as a machine, a cellphone, a computer, an application, etc."/>
      <requirements value="Allows institutions to track their devices."/>
      <min value="0"/>
      <max value="*"/>
      <base>
        <path value="Device"/>
        <min value="0"/>
        <max value="*"/>
      </base>
      <type>
        <code value="Device"/>
      </type>
      <mapping>
        <identity value="rim"/>
        <map value="Device"/>
      </mapping>
    </element>
    <element>
      <path value="Device.id"/>
      <short value="Logical id of this artifact"/>
      <definition value="The logical id of the resource, as used in the url for the resource. Once assigned, this value never changes."/>
      <min value="0"/>
      <max value="1"/>
      <base>
        <path value="Device.id"/>
        <min value="0"/>
        <max value="1"/>
      </base>
      <type>
        <code value="id"/>
      </type>
    </element>
    <element>
      <path value="Device.meta"/>
      <short value="Metadata about the resource"/>
      <definition value="The metadata about the resource. This is content that is maintained by the infrastructure. Changes to the content may not always be associated with version changes to the resource."/>
      <min value="0"/>
      <max value="1"/>
      <base>
        <path value="Device.meta"/>
        <min value="0"/>
        <max value="1"/>
      </base>
      <type>
        <code value="Meta"/>
      </type>
    </element>
    <element>
      <path value="Device.implicitRules"/>
      <short value="A set of rules under which this content was created"/>
      <definition value="A reference to a set of rules that were followed when the resource was constructed, and which must be understood when processing the content."/>
      <min value="0"/>
      <max value="1"/>
      <base>
        <path value="Device.implicitRules"/>
        <min value="0"/>
        <max value="1"/>
      </base>
      <type>
        <code value="uri"/>
      </type>
      <isModifier value="true"/>
    </element>
    <element>
      <path value="Device.language"/>
      <short value="Language of the resource content"/>
      <definition value="The base language in which the resource is written."/>
      <min value="0"/>
      <max value="1"/>
      <base>
        <path value="Device.language"/>
        <min value="0"/>
        <max value="1"/>
      </base>
      <type>
        <code value="code"/>
      </type>
      <binding>
        <strength value="required"/>
        <description value="A human language"/>
        <valueSetUri value="http://tools.ietf.org/html/bcp47"/>
      </binding>
    </element>
    <element>
      <path value="Device.text"/>
      <short value="Text summary of the resource, for human interpretation"/>
      <definition value="A human-readable narrative that contains a summary of the resource, and may be used to represent the content of the resource to a human. The narrative need not encode all the structured data, but is required to contain sufficient detail to make it &quot;clinically safe&quot; for a human to just read the narrative. Resource definitions may define what content should be represented in the narrative to ensure clinical safety."/>
      <alias value="narrative"/>
      <alias value="html"/>
      <alias value="xhtml"/>
      <alias value="display"/>
      <min value="0"/>
      <max value="1"/>
      <base>
        <path value="Device.text"/>
        <min value="0"/>
        <max value="1"/>
      </base>
      <type>
        <code value="Narrative"/>
      </type>
      <condition value="dom-1"/>
      <mapping>
        <identity value="rim"/>
        <map value="Act.text?"/>
      </mapping>
    </element>
    <element>
      <path value="Device.contained"/>
      <short value="Contained, inline Resources"/>
      <definition value="These resources do not have an independent existence apart from the resource that contains them - they cannot be identified independently, and nor can they have their own independent transaction scope."/>
      <alias value="inline resources"/>
      <alias value="anonymous resources"/>
      <alias value="contained resources"/>
      <min value="0"/>
      <max value="*"/>
      <base>
        <path value="Device.contained"/>
        <min value="0"/>
        <max value="*"/>
      </base>
      <type>
        <code value="Resource"/>
      </type>
      <mapping>
        <identity value="rim"/>
        <map value="N/A"/>
      </mapping>
    </element>
    <element>
      <path value="Device.extension"/>
      <short value="Additional Content defined by implementations"/>
      <definition value="May be used to represent additional information that is not part of the basic definition of the resource. In order to make the use of extensions safe and manageable, there is a strict set of governance  applied to the definition and use of extensions. Though any implementer is allowed to define an extension, there is a set of requirements that SHALL be met as part of the definition of the extension."/>
      <alias value="extensions"/>
      <alias value="user content"/>
      <min value="0"/>
      <max value="*"/>
      <base>
        <path value="Device.extension"/>
        <min value="0"/>
        <max value="*"/>
      </base>
      <type>
        <code value="Extension"/>
      </type>
      <mapping>
        <identity value="rim"/>
        <map value="N/A"/>
      </mapping>
    </element>
    <element>
      <path value="Device.modifierExtension"/>
      <short value="Extensions that cannot be ignored"/>
      <definition value="May be used to represent additional information that is not part of the basic definition of the resource, and that modifies the understanding of the element that contains it. Usually modifier elements provide negation or qualification. In order to make the use of extensions safe and manageable, there is a strict set of governance applied to the definition and use of extensions. Though any implementer is allowed to define an extension, there is a set of requirements that SHALL be met as part of the definition of the extension. Applications processing a resource are required to check for modifier extensions."/>
      <alias value="extensions"/>
      <alias value="user content"/>
      <min value="0"/>
      <max value="*"/>
      <base>
        <path value="Device.modifierExtension"/>
        <min value="0"/>
        <max value="*"/>
      </base>
      <type>
        <code value="Extension"/>
      </type>
      <isModifier value="true"/>
      <mapping>
        <identity value="rim"/>
        <map value="N/A"/>
      </mapping>
    </element>
    <element>
      <path value="Device.identifier"/>
      <short value="Instance id from manufacturer, owner, and others"/>
      <definition value="Unique instance identifiers assigned to a device by organizations like manufacturers or owners .   If the identifier identifies the type of device, Device.type should be used."/>
      <min value="0"/>
      <max value="*"/>
      <base>
        <path value="Device.identifier"/>
        <min value="0"/>
        <max value="*"/>
      </base>
      <type>
        <code value="Identifier"/>
      </type>
      <mapping>
        <identity value="rim"/>
        <map value=".id"/>
      </mapping>
    </element>
    <element>
      <path value="Device.type"/>
      <short value="What kind of device this is"/>
      <definition value="Code or identifier to identify a kind of device."/>
      <min value="1"/>
      <max value="1"/>
      <base>
        <path value="Device.type"/>
        <min value="1"/>
        <max value="1"/>
      </base>
      <type>
        <code value="CodeableConcept"/>
      </type>
      <mustSupport value="true"/>
      <binding>
        <strength value="preferred"/>
        <description value="Defines the nature of the device and the kind of functionality/services/behavior that may be expected from it"/>
        <valueSetUri value="https://www.gmdnagency.org/Info.aspx?pageid=1091"/>
      </binding>
      <mapping>
        <identity value="rim"/>
        <map value=".code"/>
      </mapping>
    </element>
    <element>
      <path value="Device.note"/>
      <short value="Device notes and comments"/>
      <definition value="Descriptive information, usage information or implantation information that is not captured in an existing element."/>
      <min value="0"/>
      <max value="*"/>
      <base>
        <path value="Device.note"/>
        <min value="0"/>
        <max value="*"/>
      </base>
      <type>
        <code value="Annotation"/>
      </type>
      <mapping>
        <identity value="rim"/>
        <map value=".text"/>
      </mapping>
    </element>
    <element>
      <path value="Device.status"/>
      <short value="available | not-available | entered-in-error"/>
      <definition value="Status of the Device availability."/>
      <min value="0"/>
      <max value="1"/>
      <base>
        <path value="Device.status"/>
        <min value="0"/>
        <max value="1"/>
      </base>
      <type>
        <code value="code"/>
      </type>
      <mustSupport value="true"/>
      <isModifier value="true"/>
      <isSummary value="true"/>
      <binding>
        <strength value="required"/>
        <description value="The availability status of the device"/>
        <valueSetReference>
          <reference value="http://hl7.org/fhir/ValueSet/devicestatus"/>
        </valueSetReference>
      </binding>
      <mapping>
        <identity value="rim"/>
        <map value=".statusCode"/>
      </mapping>
    </element>
    <element>
      <path value="Device.manufacturer"/>
      <short value="Name of device manufacturer"/>
      <definition value="A name of the manufacturer."/>
      <min value="0"/>
      <max value="1"/>
      <base>
        <path value="Device.manufacturer"/>
        <min value="0"/>
        <max value="1"/>
      </base>
      <type>
        <code value="string"/>
      </type>
      <mapping>
        <identity value="rim"/>
        <map value=".playedRole[typeCode=MANU].scoper.name"/>
      </mapping>
    </element>
    <element>
      <path value="Device.model"/>
      <short value="Model id assigned by the manufacturer"/>
      <definition value="The &quot;model&quot; - an identifier assigned by the manufacturer to identify the product by its type. This number is shared by the all devices sold as the same type."/>
      <min value="0"/>
      <max value="1"/>
      <base>
        <path value="Device.model"/>
        <min value="0"/>
        <max value="1"/>
      </base>
      <type>
        <code value="string"/>
      </type>
      <mapping>
        <identity value="rim"/>
        <map value=".playedRole[typeCode=MANU].code"/>
      </mapping>
    </element>
    <element>
      <path value="Device.version"/>
      <short value="Version number (i.e. software)"/>
      <definition value="The version of the device, if the device has multiple releases under the same model, or if the device is software or carries firmware."/>
      <min value="0"/>
      <max value="1"/>
      <base>
        <path value="Device.version"/>
        <min value="0"/>
        <max value="1"/>
      </base>
      <type>
        <code value="string"/>
      </type>
      <mapping>
        <identity value="rim"/>
        <map value=".softwareName (included as part)"/>
      </mapping>
    </element>
    <element>
      <path value="Device.manufactureDate"/>
      <short value="Manufacture date"/>
      <definition value="The Date and time when the device was manufactured."/>
      <min value="0"/>
      <max value="1"/>
      <base>
        <path value="Device.manufactureDate"/>
        <min value="0"/>
        <max value="1"/>
      </base>
      <type>
        <code value="dateTime"/>
      </type>
    </element>
    <element>
      <path value="Device.expiry"/>
      <short value="Date and time of expiry of this device (if applicable)"/>
      <definition value="The date and time beyond which this device is no longer valid or should not be used (if applicable)."/>
      <min value="0"/>
      <max value="1"/>
      <base>
        <path value="Device.expiry"/>
        <min value="0"/>
        <max value="1"/>
      </base>
      <type>
        <code value="dateTime"/>
      </type>
      <mapping>
        <identity value="rim"/>
        <map value=".expirationTime"/>
      </mapping>
    </element>
    <element>
      <path value="Device.udi"/>
      <short value="FDA Mandated Unique Device Identifier"/>
      <definition value="United States Food and Drug Administration mandated Unique Device Identifier (UDI). Use the human readable information (the content that the user sees, which is sometimes different to the exact syntax represented in the barcode)  - see http://www.fda.gov/MedicalDevices/DeviceRegulationandGuidance/UniqueDeviceIdentification/default.htm."/>
      <min value="0"/>
      <max value="1"/>
      <base>
        <path value="Device.udi"/>
        <min value="0"/>
        <max value="1"/>
      </base>
      <type>
        <code value="string"/>
      </type>
      <mapping>
        <identity value="rim"/>
        <map value=".id[where root is root for UDI]"/>
      </mapping>
    </element>
    <element>
      <path value="Device.lotNumber"/>
      <short value="Lot number of manufacture"/>
      <definition value="Lot number assigned by the manufacturer."/>
      <min value="0"/>
      <max value="1"/>
      <base>
        <path value="Device.lotNumber"/>
        <min value="0"/>
        <max value="1"/>
      </base>
      <type>
        <code value="string"/>
      </type>
      <mapping>
        <identity value="rim"/>
        <map value=".lotNumberText"/>
      </mapping>
    </element>
    <element>
      <path value="Device.owner"/>
      <short value="Organization responsible for device"/>
      <definition value="An organization that is responsible for the provision and ongoing maintenance of the device."/>
      <min value="0"/>
      <max value="1"/>
      <base>
        <path value="Device.owner"/>
        <min value="0"/>
        <max value="1"/>
      </base>
      <type>
        <code value="Reference"/>
        <profile value="http://hl7.org/fhir/StructureDefinition/organization-qicore-qicore-organization"/>
      </type>
      <mapping>
        <identity value="rim"/>
        <map value=".playedRole[typeCode=OWN].scoper"/>
      </mapping>
    </element>
    <element>
      <path value="Device.location"/>
      <short value="Where the resource is found"/>
      <definition value="The resource may be found in a literal location (i.e. GPS coordinates), a logical place (i.e. &quot;in/with the patient&quot;), or a coded location."/>
      <min value="0"/>
      <max value="1"/>
      <base>
        <path value="Device.location"/>
        <min value="0"/>
        <max value="1"/>
      </base>
      <type>
        <code value="Reference"/>
        <profile value="http://hl7.org/fhir/StructureDefinition/location-qicore-qicore-location"/>
      </type>
      <mustSupport value="true"/>
      <mapping>
        <identity value="rim"/>
        <map value=".playedRole[typeCode=LOCE].scoper"/>
      </mapping>
    </element>
    <element>
      <path value="Device.patient"/>
      <short value="If the resource is affixed to a person"/>
      <definition value="Patient information, if the resource is affixed to a person."/>
      <min value="0"/>
      <max value="1"/>
      <base>
        <path value="Device.patient"/>
        <min value="0"/>
        <max value="1"/>
      </base>
      <type>
        <code value="Reference"/>
        <profile value="http://hl7.org/fhir/StructureDefinition/patient-qicore-qicore-patient"/>
      </type>
      <mustSupport value="true"/>
      <mapping>
        <identity value="rim"/>
        <map value=".playedRole[typeCode=USED].scoper.playedRole[typeCode=PAT]"/>
      </mapping>
    </element>
    <element>
      <path value="Device.contact"/>
      <short value="Details for human/organization for support"/>
      <definition value="Contact details for an organization or a particular human that is responsible for the device."/>
      <min value="0"/>
      <max value="*"/>
      <base>
        <path value="Device.contact"/>
        <min value="0"/>
        <max value="*"/>
      </base>
      <type>
        <code value="ContactPoint"/>
      </type>
      <mapping>
        <identity value="rim"/>
        <map value=".scopedRole[typeCode=CON].player"/>
      </mapping>
    </element>
    <element>
      <path value="Device.url"/>
      <short value="Network address to contact device"/>
      <definition value="A network address on which the device may be contacted directly."/>
      <min value="0"/>
      <max value="1"/>
      <base>
        <path value="Device.url"/>
        <min value="0"/>
        <max value="1"/>
      </base>
      <type>
        <code value="uri"/>
      </type>
      <mapping>
        <identity value="rim"/>
        <map value=".telecom"/>
      </mapping>
    </element>
  </snapshot>
  <differential>
    <element>
      <path value="Device"/>
      <name value="QICore-Device"/>
      <min value="0"/>
      <max value="*"/>
      <type>
        <code value="Device"/>
      </type>
    </element>
    <element>
      <path value="Device.type"/>
      <mustSupport value="true"/>
    </element>
    <element>
      <path value="Device.status"/>
      <mustSupport value="true"/>
    </element>
    <element>
      <path value="Device.owner"/>
      <type>
        <code value="Reference"/>
        <profile value="http://hl7.org/fhir/StructureDefinition/organization-qicore-qicore-organization"/>
      </type>
    </element>
    <element>
      <path value="Device.location"/>
      <type>
        <code value="Reference"/>
        <profile value="http://hl7.org/fhir/StructureDefinition/location-qicore-qicore-location"/>
      </type>
      <mustSupport value="true"/>
    </element>
    <element>
      <path value="Device.patient"/>
      <type>
        <code value="Reference"/>
        <profile value="http://hl7.org/fhir/StructureDefinition/patient-qicore-qicore-patient"/>
      </type>
      <mustSupport value="true"/>
    </element>
  </differential>
</StructureDefinition>