<?xml version="1.0" encoding="UTF-8"?>

<StructureDefinition xmlns="http://hl7.org/fhir">
  <id value="diagnosticorder-daf-dafdiagnosticorder"/>
  <text>
    <status value="generated"/>
    <div xmlns="http://www.w3.org/1999/xhtml">to do</div>
  </text>
  <url value="http://hl7.org/fhir/StructureDefinition/diagnosticorder-daf-dafdiagnosticorder"/>
  <name value="U.S. Data Access Framework (DAF) DiagnosticOrder Profile"/>
  <publisher value="Health Level Seven International (Infrastructure and Messaging - Data Access Framework)"/>
  <contact>
    <telecom>
      <system value="other"/>
      <value value="http://www.healthit.gov"/>
    </telecom>
  </contact>
  <description value="Defines constraints and extensions on the DiagnosticOrder resource for use in querying and retrieving DiagnosticOrder information."/>
  <status value="draft"/>
  <date value="2014-08-21"/>
  <kind value="resource"/>
  <constrainedType value="DiagnosticOrder"/>
  <abstract value="false"/>
  <base value="http://hl7.org/fhir/StructureDefinition/DiagnosticOrder"/>
  <snapshot>
    <element>
      <path value="DiagnosticOrder"/>
      <name value="DAFDiagnosticOrder"/>
      <short value="A request for a diagnostic service"/>
      <definition value="A record of a request for a diagnostic investigation service to be performed."/>
      <alias value="DO"/>
      <min value="0"/>
      <max value="*"/>
      <base>
        <path value="DiagnosticOrder"/>
        <min value="0"/>
        <max value="*"/>
      </base>
      <type>
        <code value="DiagnosticOrder"/>
      </type>
      <mapping>
        <identity value="rim"/>
        <map value="Observation[classCode=OBS, moodCode=RQO, code&lt;&quot;diagnostic order&quot;]"/>
      </mapping>
    </element>
    <element>
      <path value="DiagnosticOrder.id"/>
      <short value="Logical id of this artifact"/>
      <definition value="The logical id of the resource, as used in the url for the resource. Once assigned, this value never changes."/>
      <min value="0"/>
      <max value="1"/>
      <base>
        <path value="DiagnosticOrder.id"/>
        <min value="0"/>
        <max value="1"/>
      </base>
      <type>
        <code value="id"/>
      </type>
    </element>
    <element>
      <path value="DiagnosticOrder.meta"/>
      <short value="Metadata about the resource"/>
      <definition value="The metadata about the resource. This is content that is maintained by the infrastructure. Changes to the content may not always be associated with version changes to the resource."/>
      <min value="0"/>
      <max value="1"/>
      <base>
        <path value="DiagnosticOrder.meta"/>
        <min value="0"/>
        <max value="1"/>
      </base>
      <type>
        <code value="Meta"/>
      </type>
    </element>
    <element>
      <path value="DiagnosticOrder.implicitRules"/>
      <short value="A set of rules under which this content was created"/>
      <definition value="A reference to a set of rules that were followed when the resource was constructed, and which must be understood when processing the content."/>
      <min value="0"/>
      <max value="1"/>
      <base>
        <path value="DiagnosticOrder.implicitRules"/>
        <min value="0"/>
        <max value="1"/>
      </base>
      <type>
        <code value="uri"/>
      </type>
      <isModifier value="true"/>
    </element>
    <element>
      <path value="DiagnosticOrder.language"/>
      <short value="Language of the resource content"/>
      <definition value="The base language in which the resource is written."/>
      <min value="0"/>
      <max value="1"/>
      <base>
        <path value="DiagnosticOrder.language"/>
        <min value="0"/>
        <max value="1"/>
      </base>
      <type>
        <code value="code"/>
      </type>
      <binding>
        <strength value="required"/>
        <description value="A human language"/>
        <valueSetUri value="http://tools.ietf.org/html/bcp47"/>
      </binding>
    </element>
    <element>
      <path value="DiagnosticOrder.text"/>
      <short value="Text summary of the resource, for human interpretation"/>
      <definition value="A human-readable narrative that contains a summary of the resource, and may be used to represent the content of the resource to a human. The narrative need not encode all the structured data, but is required to contain sufficient detail to make it &quot;clinically safe&quot; for a human to just read the narrative. Resource definitions may define what content should be represented in the narrative to ensure clinical safety."/>
      <alias value="narrative"/>
      <alias value="html"/>
      <alias value="xhtml"/>
      <alias value="display"/>
      <min value="0"/>
      <max value="1"/>
      <base>
        <path value="DiagnosticOrder.text"/>
        <min value="0"/>
        <max value="1"/>
      </base>
      <type>
        <code value="Narrative"/>
      </type>
      <condition value="dom-1"/>
      <mapping>
        <identity value="rim"/>
        <map value="Act.text?"/>
      </mapping>
    </element>
    <element>
      <path value="DiagnosticOrder.contained"/>
      <short value="Contained, inline Resources"/>
      <definition value="These resources do not have an independent existence apart from the resource that contains them - they cannot be identified independently, and nor can they have their own independent transaction scope."/>
      <alias value="inline resources"/>
      <alias value="anonymous resources"/>
      <alias value="contained resources"/>
      <min value="0"/>
      <max value="*"/>
      <base>
        <path value="DiagnosticOrder.contained"/>
        <min value="0"/>
        <max value="*"/>
      </base>
      <type>
        <code value="Resource"/>
      </type>
      <mapping>
        <identity value="rim"/>
        <map value="N/A"/>
      </mapping>
    </element>
    <element>
      <path value="DiagnosticOrder.extension"/>
      <short value="Additional Content defined by implementations"/>
      <definition value="May be used to represent additional information that is not part of the basic definition of the resource. In order to make the use of extensions safe and manageable, there is a strict set of governance  applied to the definition and use of extensions. Though any implementer is allowed to define an extension, there is a set of requirements that SHALL be met as part of the definition of the extension."/>
      <alias value="extensions"/>
      <alias value="user content"/>
      <min value="0"/>
      <max value="*"/>
      <base>
        <path value="DiagnosticOrder.extension"/>
        <min value="0"/>
        <max value="*"/>
      </base>
      <type>
        <code value="Extension"/>
      </type>
      <mapping>
        <identity value="rim"/>
        <map value="N/A"/>
      </mapping>
    </element>
    <element>
      <path value="DiagnosticOrder.modifierExtension"/>
      <short value="Extensions that cannot be ignored"/>
      <definition value="May be used to represent additional information that is not part of the basic definition of the resource, and that modifies the understanding of the element that contains it. Usually modifier elements provide negation or qualification. In order to make the use of extensions safe and manageable, there is a strict set of governance applied to the definition and use of extensions. Though any implementer is allowed to define an extension, there is a set of requirements that SHALL be met as part of the definition of the extension. Applications processing a resource are required to check for modifier extensions."/>
      <alias value="extensions"/>
      <alias value="user content"/>
      <min value="0"/>
      <max value="*"/>
      <base>
        <path value="DiagnosticOrder.modifierExtension"/>
        <min value="0"/>
        <max value="*"/>
      </base>
      <type>
        <code value="Extension"/>
      </type>
      <isModifier value="true"/>
      <mapping>
        <identity value="rim"/>
        <map value="N/A"/>
      </mapping>
    </element>
    <element>
      <path value="DiagnosticOrder.subject"/>
      <short value="Who and/or what test is about"/>
      <definition value="Who or what the investigation is to be performed on. This is usually a human patient, but diagnostic tests can also be requested on animals, groups of humans or animals, devices such as dialysis machines, or even locations (typically for environmental scans)."/>
      <requirements value="Limited to single patient per Diagnostic Order (Requisition)."/>
      <alias value="Patient"/>
      <min value="1"/>
      <max value="1"/>
      <base>
        <path value="DiagnosticOrder.subject"/>
        <min value="1"/>
        <max value="1"/>
      </base>
      <type>
        <code value="Reference"/>
        <profile value="http://hl7.org/fhir/StructureDefinition/patient-daf-dafpatient"/>
      </type>
      <mustSupport value="true"/>
      <isSummary value="true"/>
      <mapping>
        <identity value="rim"/>
        <map value=".participation[typeCode=SBJ].role"/>
      </mapping>
    </element>
    <element>
      <path value="DiagnosticOrder.orderer"/>
      <short value="Who ordered the test"/>
      <definition value="The practitioner that holds legal responsibility for ordering the investigation."/>
      <requirements value="Limited to single orderer per Diagnostic Order (Requisition)."/>
      <alias value="Ordering Provider"/>
      <alias value="OP"/>
      <alias value="Submitter"/>
      <alias value="Placer"/>
      <min value="1"/>
      <max value="1"/>
      <base>
        <path value="DiagnosticOrder.orderer"/>
        <min value="0"/>
        <max value="1"/>
      </base>
      <type>
        <code value="Reference"/>
        <profile value="http://hl7.org/fhir/StructureDefinition/pract-daf-dafpract"/>
      </type>
      <mustSupport value="true"/>
      <isSummary value="true"/>
      <mapping>
        <identity value="rim"/>
        <map value=".participation[typeCode=AUT].role"/>
      </mapping>
    </element>
    <element>
      <path value="DiagnosticOrder.identifier"/>
      <short value="Identifiers assigned to this order"/>
      <definition value="Identifiers assigned to this order by the orderer and/or  the receiver and/or order fulfiller."/>
      <requirements value="Limit to Globally unique IDs using a URI ( could be a URL)."/>
      <alias value="Placer ID"/>
      <alias value="Filler ID"/>
      <min value="1"/>
      <max value="*"/>
      <base>
        <path value="DiagnosticOrder.identifier"/>
        <min value="0"/>
        <max value="*"/>
      </base>
      <type>
        <code value="Identifier"/>
      </type>
      <mustSupport value="true"/>
      <isSummary value="true"/>
      <mapping>
        <identity value="rim"/>
        <map value=".id"/>
      </mapping>
    </element>
    <element>
      <path value="DiagnosticOrder.identifier.id"/>
      <representation value="xmlAttr"/>
      <short value="xml:id (or equivalent in JSON)"/>
      <definition value="unique id for the element within a resource (for internal references)."/>
      <min value="0"/>
      <max value="1"/>
      <base>
        <path value="Identifier.id"/>
        <min value="0"/>
        <max value="1"/>
      </base>
      <type>
        <code value="id"/>
      </type>
      <mapping>
        <identity value="rim"/>
        <map value="n/a"/>
      </mapping>
    </element>
    <element>
      <path value="DiagnosticOrder.identifier.extension"/>
      <short value="Additional Content defined by implementations"/>
      <definition value="May be used to represent additional information that is not part of the basic definition of the element. In order to make the use of extensions safe and manageable, there is a strict set of governance  applied to the definition and use of extensions. Though any implementer is allowed to define an extension, there is a set of requirements that SHALL be met as part of the definition of the extension."/>
      <alias value="extensions"/>
      <alias value="user content"/>
      <min value="0"/>
      <max value="*"/>
      <base>
        <path value="Identifier.extension"/>
        <min value="0"/>
        <max value="*"/>
      </base>
      <type>
        <code value="Extension"/>
      </type>
      <mapping>
        <identity value="rim"/>
        <map value="n/a"/>
      </mapping>
    </element>
    <element>
      <path value="DiagnosticOrder.identifier.use"/>
      <short value="usual | official | temp | secondary (If known)"/>
      <definition value="The purpose of this identifier."/>
      <requirements value="Allows the appropriate identifier for a particular context of use to be selected from among a set of identifiers."/>
      <min value="1"/>
      <max value="1"/>
      <base>
        <path value="Identifier.use"/>
        <min value="0"/>
        <max value="1"/>
      </base>
      <type>
        <code value="code"/>
      </type>
      <fixedCode value="official"/>
      <mustSupport value="true"/>
      <isModifier value="true"/>
      <binding>
        <strength value="required"/>
        <description value="Identifies the purpose for this identifier, if known"/>
        <valueSetReference>
          <reference value="http://hl7.org/fhir/ValueSet/identifier-use"/>
        </valueSetReference>
      </binding>
      <mapping>
        <identity value="v2"/>
        <map value="N/A"/>
      </mapping>
      <mapping>
        <identity value="rim"/>
        <map value="Role.code or implied by context"/>
      </mapping>
    </element>
    <element>
      <path value="DiagnosticOrder.identifier.type"/>
      <short value="Description of identifier"/>
      <definition value="A coded type for the identifier that can be used to determine which identifier to use for a specific purpose."/>
      <requirements value="Allows users to make use of identifiers when the identifier system is not known."/>
      <min value="0"/>
      <max value="1"/>
      <base>
        <path value="Identifier.type"/>
        <min value="0"/>
        <max value="1"/>
      </base>
      <type>
        <code value="CodeableConcept"/>
      </type>
      <binding>
        <strength value="extensible"/>
        <description value="A coded type for an identifier that can be used to determine which identifier to use for a specific purpose"/>
        <valueSetReference>
          <reference value="http://hl7.org/fhir/ValueSet/identifier-type"/>
        </valueSetReference>
      </binding>
      <mapping>
        <identity value="v2"/>
        <map value="CX.5"/>
      </mapping>
      <mapping>
        <identity value="rim"/>
        <map value="Role.code or implied by context"/>
      </mapping>
    </element>
    <element>
      <path value="DiagnosticOrder.identifier.system"/>
      <short value="The namespace for the identifier"/>
      <definition value="Establishes the namespace in which set of possible id values is unique."/>
      <requirements value="There are many sequences of identifiers.  To perform matching, we need to know what sequence we&#39;re dealing with. The system identifies a particular sequence or set of unique identifiers."/>
      <min value="1"/>
      <max value="1"/>
      <base>
        <path value="Identifier.system"/>
        <min value="0"/>
        <max value="1"/>
      </base>
      <type>
        <code value="uri"/>
      </type>
      <exampleUri value="http://www.acme.com/identifiers/patient or urn:ietf:rfc:3986 if the id itself is a full uri"/>
      <mustSupport value="true"/>
      <mapping>
        <identity value="v2"/>
        <map value="CX.4 / EI-2-4"/>
      </mapping>
      <mapping>
        <identity value="rim"/>
        <map value="II.root or Role.id.root"/>
      </mapping>
      <mapping>
        <identity value="servd"/>
        <map value="./IdentifierType"/>
      </mapping>
    </element>
    <element>
      <path value="DiagnosticOrder.identifier.value"/>
      <short value="The value that is unique"/>
      <definition value="The portion of the identifier typically displayed to the user and which is unique within the context of the system."/>
      <min value="1"/>
      <max value="1"/>
      <base>
        <path value="Identifier.value"/>
        <min value="0"/>
        <max value="1"/>
      </base>
      <type>
        <code value="string"/>
      </type>
      <exampleString value="123456"/>
      <mustSupport value="true"/>
      <mapping>
        <identity value="v2"/>
        <map value="CX.1 / EI.1"/>
      </mapping>
      <mapping>
        <identity value="rim"/>
        <map value="II.extension or II.root if system indicates OID or GUID (Or Role.id.extension or root)"/>
      </mapping>
      <mapping>
        <identity value="servd"/>
        <map value="./Value"/>
      </mapping>
    </element>
    <element>
      <path value="DiagnosticOrder.identifier.period"/>
      <short value="Time period when id is/was valid for use"/>
      <definition value="Time period during which identifier is/was valid for use."/>
      <min value="0"/>
      <max value="1"/>
      <base>
        <path value="Identifier.period"/>
        <min value="0"/>
        <max value="1"/>
      </base>
      <type>
        <code value="Period"/>
      </type>
      <mapping>
        <identity value="v2"/>
        <map value="CX.7 + CX.8"/>
      </mapping>
      <mapping>
        <identity value="rim"/>
        <map value="Role.effectiveTime or implied by context"/>
      </mapping>
      <mapping>
        <identity value="servd"/>
        <map value="./StartDate and ./EndDate"/>
      </mapping>
    </element>
    <element>
      <path value="DiagnosticOrder.identifier.assigner"/>
      <short value="Organization that issued id (may be just text)"/>
      <definition value="Organization that issued/manages the identifier."/>
      <min value="0"/>
      <max value="1"/>
      <base>
        <path value="Identifier.assigner"/>
        <min value="0"/>
        <max value="1"/>
      </base>
      <type>
        <code value="Reference"/>
        <profile value="http://hl7.org/fhir/StructureDefinition/Organization"/>
      </type>
      <mapping>
        <identity value="v2"/>
        <map value="CX.4 / (CX.4,CX.9,CX.10)"/>
      </mapping>
      <mapping>
        <identity value="rim"/>
        <map value="II.assigningAuthorityName but note that this is an improper use by the definition of the field.  Also Role.scoper"/>
      </mapping>
      <mapping>
        <identity value="servd"/>
        <map value="./IdentifierIssuingAuthority"/>
      </mapping>
    </element>
    <element>
      <path value="DiagnosticOrder.encounter"/>
      <short value="The encounter that this diagnostic order is associated with"/>
      <definition value="An encounter that provides additional information about the healthcare context in which this request is made."/>
      <min value="0"/>
      <max value="*"/>
      <base>
        <path value="DiagnosticOrder.encounter"/>
        <min value="0"/>
        <max value="1"/>
      </base>
      <type>
        <code value="Reference"/>
        <profile value="http://hl7.org/fhir/StructureDefinition/encounter-daf-dafencounter"/>
      </type>
      <mustSupport value="true"/>
      <isSummary value="true"/>
      <mapping>
        <identity value="rim"/>
        <map value=".inboundRelationship[typeCode=COMP].source[classCode=ENC, moodCode=EVN]"/>
      </mapping>
    </element>
    <element>
      <path value="DiagnosticOrder.clinicalNotes"/>
      <short value="Explanation/Justification for test"/>
      <definition value="An explanation or justification for why this diagnostic investigation is being requested."/>
      <min value="0"/>
      <max value="1"/>
      <base>
        <path value="DiagnosticOrder.clinicalNotes"/>
        <min value="0"/>
        <max value="1"/>
      </base>
      <type>
        <code value="string"/>
      </type>
      <mustSupport value="true"/>
      <mapping>
        <identity value="rim"/>
        <map value=".reasonCode.originalText"/>
      </mapping>
    </element>
    <element>
      <path value="DiagnosticOrder.supportingInformation"/>
      <slicing>
        <discriminator value="@Profile"/>
        <discriminator value="@type"/>
        <ordered value="false"/>
        <rules value="open"/>
      </slicing>
      <short value="Additional clinical information"/>
      <definition value="Additional clinical information about the patient or specimen that may influence test interpretations."/>
      <min value="0"/>
      <max value="*"/>
      <base>
        <path value="DiagnosticOrder.supportingInformation"/>
        <min value="0"/>
        <max value="*"/>
      </base>
      <type>
        <code value="Reference"/>
        <profile value="http://hl7.org/fhir/StructureDefinition/Observation"/>
      </type>
      <type>
        <code value="Reference"/>
        <profile value="http://hl7.org/fhir/StructureDefinition/Condition"/>
      </type>
      <type>
        <code value="Reference"/>
        <profile value="http://hl7.org/fhir/StructureDefinition/DocumentReference"/>
      </type>
      <mapping>
        <identity value="v2"/>
        <map value="OBR-13"/>
      </mapping>
      <mapping>
        <identity value="rim"/>
        <map value="outboundRelationship[typeCode=SPRT]/target[classCode=ACT, moodCode=EVN]"/>
      </mapping>
    </element>
    <element>
      <path value="DiagnosticOrder.supportingInformation"/>
      <name value="DAFSupportingInformation"/>
      <short value="Additional clinical information"/>
      <definition value="Additional clinical information about the patient or specimen that may influence test interpretations."/>
      <requirements value="AOES are captured in the USLabObservation resource and Reasons for the testing in USLabCondition."/>
      <min value="0"/>
      <max value="*"/>
      <base>
        <path value="DiagnosticOrder.supportingInformation"/>
        <min value="0"/>
        <max value="*"/>
      </base>
      <type>
        <code value="Reference"/>
        <profile value="http://hl7.org/fhir/StructureDefinition/observation-daf-results-dafresultobscode"/>
      </type>
      <type>
        <code value="Reference"/>
        <profile value="http://hl7.org/fhir/StructureDefinition/observation-daf-results-dafresultobsquantity"/>
      </type>
      <type>
        <code value="Reference"/>
        <profile value="http://hl7.org/fhir/StructureDefinition/observation-daf-results-dafresultobsratio"/>
      </type>
      <type>
        <code value="Reference"/>
        <profile value="http://hl7.org/fhir/StructureDefinition/observation-daf-results-dafresultobsother"/>
      </type>
      <type>
        <code value="Reference"/>
        <profile value="http://hl7.org/fhir/StructureDefinition/observation-daf-results-dafresultobspanel"/>
      </type>
      <type>
        <code value="Reference"/>
        <profile value="http://hl7.org/fhir/StructureDefinition/condition-daf-dafcondition"/>
      </type>
      <mustSupport value="true"/>
      <mapping>
        <identity value="v2"/>
        <map value="OBR-13"/>
      </mapping>
      <mapping>
        <identity value="rim"/>
        <map value="outboundRelationship[typeCode=SPRT]/target[classCode=ACT, moodCode=EVN]"/>
      </mapping>
    </element>
    <element>
      <path value="DiagnosticOrder.specimen"/>
      <short value="If the whole order relates to specific specimens"/>
      <definition value="One or more specimens that the diagnostic investigation is about."/>
      <min value="0"/>
      <max value="*"/>
      <base>
        <path value="DiagnosticOrder.specimen"/>
        <min value="0"/>
        <max value="*"/>
      </base>
      <type>
        <code value="Reference"/>
        <profile value="http://hl7.org/fhir/StructureDefinition/Specimen"/>
      </type>
      <mapping>
        <identity value="rim"/>
        <map value=".participation[typeCode=SPC].role"/>
      </mapping>
    </element>
    <element>
      <path value="DiagnosticOrder.status"/>
      <short value="proposed | draft | planned | requested | received | accepted | in-progress | review | completed | cancelled | suspended | rejected | failed"/>
      <definition value="The status of the order."/>
      <min value="1"/>
      <max value="1"/>
      <base>
        <path value="DiagnosticOrder.status"/>
        <min value="0"/>
        <max value="1"/>
      </base>
      <type>
        <code value="code"/>
      </type>
      <mustSupport value="true"/>
      <isModifier value="true"/>
      <isSummary value="true"/>
      <binding>
        <strength value="required"/>
        <description value="The status of a diagnostic order"/>
        <valueSetReference>
          <reference value="http://hl7.org/fhir/ValueSet/diagnostic-order-status"/>
        </valueSetReference>
      </binding>
      <mapping>
        <identity value="rim"/>
        <map value=".statusCode
also influenced by whether a ControlAct fulfillment requeste exists, whether a promise exists, status of the review component, whether a fulfilling observation exists, whether a refusal exists"/>
      </mapping>
    </element>
    <element>
      <path value="DiagnosticOrder.priority"/>
      <short value="routine | urgent | stat | asap"/>
      <definition value="The clinical priority associated with this order."/>
      <min value="1"/>
      <max value="1"/>
      <base>
        <path value="DiagnosticOrder.priority"/>
        <min value="0"/>
        <max value="1"/>
      </base>
      <type>
        <code value="code"/>
      </type>
      <mustSupport value="true"/>
      <isSummary value="true"/>
      <binding>
        <strength value="required"/>
        <description value="The clinical priority of a diagnostic order"/>
        <valueSetReference>
          <reference value="http://hl7.org/fhir/ValueSet/diagnostic-order-priority"/>
        </valueSetReference>
      </binding>
      <mapping>
        <identity value="rim"/>
        <map value=".priorityCode"/>
      </mapping>
    </element>
    <element>
      <path value="DiagnosticOrder.event"/>
      <short value="A list of events of interest in the lifecycle"/>
      <definition value="A summary of the events of interest that have occurred as the request is processed. E.g. when the order was made, various processing steps (specimens received), when it was completed."/>
      <min value="1"/>
      <max value="*"/>
      <base>
        <path value="DiagnosticOrder.event"/>
        <min value="0"/>
        <max value="*"/>
      </base>
      <type>
        <code value="BackboneElement"/>
      </type>
      <mustSupport value="true"/>
      <mapping>
        <identity value="rim"/>
        <map value=".inboundRelationship[typeCode=FLFS].source"/>
      </mapping>
    </element>
    <element>
      <path value="DiagnosticOrder.event.id"/>
      <representation value="xmlAttr"/>
      <short value="xml:id (or equivalent in JSON)"/>
      <definition value="unique id for the element within a resource (for internal references)."/>
      <min value="0"/>
      <max value="1"/>
      <base>
        <path value="DiagnosticOrder.event.id"/>
        <min value="0"/>
        <max value="1"/>
      </base>
      <type>
        <code value="id"/>
      </type>
      <mapping>
        <identity value="rim"/>
        <map value="n/a"/>
      </mapping>
    </element>
    <element>
      <path value="DiagnosticOrder.event.extension"/>
      <short value="Additional Content defined by implementations"/>
      <definition value="May be used to represent additional information that is not part of the basic definition of the element. In order to make the use of extensions safe and manageable, there is a strict set of governance  applied to the definition and use of extensions. Though any implementer is allowed to define an extension, there is a set of requirements that SHALL be met as part of the definition of the extension."/>
      <alias value="extensions"/>
      <alias value="user content"/>
      <min value="0"/>
      <max value="*"/>
      <base>
        <path value="DiagnosticOrder.event.extension"/>
        <min value="0"/>
        <max value="*"/>
      </base>
      <type>
        <code value="Extension"/>
      </type>
      <mapping>
        <identity value="rim"/>
        <map value="n/a"/>
      </mapping>
    </element>
    <element>
      <path value="DiagnosticOrder.event.modifierExtension"/>
      <short value="Extensions that cannot be ignored"/>
      <definition value="May be used to represent additional information that is not part of the basic definition of the element, and that modifies the understanding of the element that contains it. Usually modifier elements provide negation or qualification. In order to make the use of extensions safe and manageable, there is a strict set of governance applied to the definition and use of extensions. Though any implementer is allowed to define an extension, there is a set of requirements that SHALL be met as part of the definition of the extension. Applications processing a resource are required to check for modifier extensions."/>
      <alias value="extensions"/>
      <alias value="user content"/>
      <alias value="modifiers"/>
      <min value="0"/>
      <max value="*"/>
      <base>
        <path value="DiagnosticOrder.event.modifierExtension"/>
        <min value="0"/>
        <max value="*"/>
      </base>
      <type>
        <code value="Extension"/>
      </type>
      <isModifier value="true"/>
      <mapping>
        <identity value="rim"/>
        <map value="N/A"/>
      </mapping>
    </element>
    <element>
      <path value="DiagnosticOrder.event.status"/>
      <short value="proposed | draft | planned | requested | received | accepted | in-progress | review | completed | cancelled | suspended | rejected | failed"/>
      <definition value="The status for the event."/>
      <min value="1"/>
      <max value="1"/>
      <base>
        <path value="DiagnosticOrder.event.status"/>
        <min value="1"/>
        <max value="1"/>
      </base>
      <type>
        <code value="code"/>
      </type>
      <isSummary value="true"/>
      <binding>
        <strength value="required"/>
        <description value="The status of a diagnostic order"/>
        <valueSetReference>
          <reference value="http://hl7.org/fhir/ValueSet/diagnostic-order-status"/>
        </valueSetReference>
      </binding>
      <mapping>
        <identity value="rim"/>
        <map value=".statusCode
also influenced by whether a ControlAct fulfillment requeste exists, whether a promise exists, status of the review component, whether a fulfilling observation exists, whether a refusal exists"/>
      </mapping>
    </element>
    <element>
      <path value="DiagnosticOrder.event.description"/>
      <short value="More information about the event and its context"/>
      <definition value="Additional information about the event that occurred - e.g. if the status remained unchanged."/>
      <min value="1"/>
      <max value="1"/>
      <base>
        <path value="DiagnosticOrder.event.description"/>
        <min value="0"/>
        <max value="1"/>
      </base>
      <type>
        <code value="CodeableConcept"/>
      </type>
      <mustSupport value="true"/>
      <isSummary value="true"/>
      <binding>
        <strength value="extensible"/>
        <description value="Information about an event that occurred to a diagnostic order that corresponds to the USLabOrder Use Cases"/>
        <valueSetReference>
          <reference value="http://hl7.org/fhir/ValueSet/do-uslab-event"/>
        </valueSetReference>
      </binding>
      <mapping>
        <identity value="rim"/>
        <map value=".text"/>
      </mapping>
    </element>
    <element>
      <path value="DiagnosticOrder.event.description.id"/>
      <representation value="xmlAttr"/>
      <short value="xml:id (or equivalent in JSON)"/>
      <definition value="unique id for the element within a resource (for internal references)."/>
      <min value="0"/>
      <max value="1"/>
      <base>
        <path value="CodeableConcept.id"/>
        <min value="0"/>
        <max value="1"/>
      </base>
      <type>
        <code value="id"/>
      </type>
      <mapping>
        <identity value="rim"/>
        <map value="n/a"/>
      </mapping>
    </element>
    <element>
      <path value="DiagnosticOrder.event.description.extension"/>
      <short value="Additional Content defined by implementations"/>
      <definition value="May be used to represent additional information that is not part of the basic definition of the element. In order to make the use of extensions safe and manageable, there is a strict set of governance  applied to the definition and use of extensions. Though any implementer is allowed to define an extension, there is a set of requirements that SHALL be met as part of the definition of the extension."/>
      <alias value="extensions"/>
      <alias value="user content"/>
      <min value="0"/>
      <max value="*"/>
      <base>
        <path value="CodeableConcept.extension"/>
        <min value="0"/>
        <max value="*"/>
      </base>
      <type>
        <code value="Extension"/>
      </type>
      <mapping>
        <identity value="rim"/>
        <map value="n/a"/>
      </mapping>
    </element>
    <element>
      <path value="DiagnosticOrder.event.description.coding"/>
      <short value="Code defined by a terminology system"/>
      <definition value="A reference to a code defined by a terminology system."/>
      <requirements value="Allows for translations and alternate encodings within a code system.  Also supports communication of the same instance to systems requiring different encodings."/>
      <min value="1"/>
      <max value="1"/>
      <base>
        <path value="CodeableConcept.coding"/>
        <min value="0"/>
        <max value="*"/>
      </base>
      <type>
        <code value="Coding"/>
      </type>
      <mustSupport value="true"/>
      <mapping>
        <identity value="orim"/>
        <map value="fhir:CodeableConcept.coding rdfs:subPropertyOf dt:CD.coding"/>
      </mapping>
      <mapping>
        <identity value="v2"/>
        <map value="C*E.1-8, C*E.10-22"/>
      </mapping>
      <mapping>
        <identity value="rim"/>
        <map value="union(., ./translation)"/>
      </mapping>
    </element>
    <element>
      <path value="DiagnosticOrder.event.description.coding.id"/>
      <representation value="xmlAttr"/>
      <short value="xml:id (or equivalent in JSON)"/>
      <definition value="unique id for the element within a resource (for internal references)."/>
      <min value="0"/>
      <max value="1"/>
      <base>
        <path value="Coding.id"/>
        <min value="0"/>
        <max value="1"/>
      </base>
      <type>
        <code value="id"/>
      </type>
      <mapping>
        <identity value="rim"/>
        <map value="n/a"/>
      </mapping>
    </element>
    <element>
      <path value="DiagnosticOrder.event.description.coding.extension"/>
      <short value="Additional Content defined by implementations"/>
      <definition value="May be used to represent additional information that is not part of the basic definition of the element. In order to make the use of extensions safe and manageable, there is a strict set of governance  applied to the definition and use of extensions. Though any implementer is allowed to define an extension, there is a set of requirements that SHALL be met as part of the definition of the extension."/>
      <alias value="extensions"/>
      <alias value="user content"/>
      <min value="0"/>
      <max value="*"/>
      <base>
        <path value="Coding.extension"/>
        <min value="0"/>
        <max value="*"/>
      </base>
      <type>
        <code value="Extension"/>
      </type>
      <mapping>
        <identity value="rim"/>
        <map value="n/a"/>
      </mapping>
    </element>
    <element>
      <path value="DiagnosticOrder.event.description.coding.system"/>
      <short value="Identity of the terminology system"/>
      <definition value="The identification of the code system that defines the meaning of the symbol in the code."/>
      <requirements value="Need to be unambiguous about the source of the definition of the symbol."/>
      <min value="1"/>
      <max value="1"/>
      <base>
        <path value="Coding.system"/>
        <min value="0"/>
        <max value="1"/>
      </base>
      <type>
        <code value="uri"/>
      </type>
      <mustSupport value="true"/>
      <mapping>
        <identity value="orim"/>
        <map value="fhir:Coding.system rdfs:subPropertyOf dt:CDCoding.codeSystem"/>
      </mapping>
      <mapping>
        <identity value="v2"/>
        <map value="C*E.3"/>
      </mapping>
      <mapping>
        <identity value="rim"/>
        <map value="./codeSystem"/>
      </mapping>
    </element>
    <element>
      <path value="DiagnosticOrder.event.description.coding.version"/>
      <short value="Version of the system - if relevant"/>
      <definition value="The version of the code system which was used when choosing this code. Note that a well-maintained code system does not need the version reported, because the meaning of codes is consistent across versions. However this cannot consistently be assured. and when the meaning is not guaranteed to be consistent, the version SHOULD be exchanged."/>
      <min value="0"/>
      <max value="1"/>
      <base>
        <path value="Coding.version"/>
        <min value="0"/>
        <max value="1"/>
      </base>
      <type>
        <code value="string"/>
      </type>
      <mapping>
        <identity value="orim"/>
        <map value="fhir:Coding.version rdfs:subPropertyOf dt:CDCoding.codeSystemVersion"/>
      </mapping>
      <mapping>
        <identity value="v2"/>
        <map value="C*E.7"/>
      </mapping>
      <mapping>
        <identity value="rim"/>
        <map value="./codeSystemVersion"/>
      </mapping>
    </element>
    <element>
      <path value="DiagnosticOrder.event.description.coding.code"/>
      <short value="Symbol in syntax defined by the system"/>
      <definition value="A symbol in syntax defined by the system. The symbol may be a predefined code or an expression in a syntax defined by the coding system (e.g. post-coordination)."/>
      <requirements value="Need to refer to a particular code in the system."/>
      <min value="1"/>
      <max value="1"/>
      <base>
        <path value="Coding.code"/>
        <min value="0"/>
        <max value="1"/>
      </base>
      <type>
        <code value="code"/>
      </type>
      <mustSupport value="true"/>
      <mapping>
        <identity value="orim"/>
        <map value="fhir:Coding.code rdfs:subPropertyOf dt:CDCoding.code"/>
      </mapping>
      <mapping>
        <identity value="v2"/>
        <map value="C*E.1"/>
      </mapping>
      <mapping>
        <identity value="rim"/>
        <map value="./code"/>
      </mapping>
    </element>
    <element>
      <path value="DiagnosticOrder.event.description.coding.display"/>
      <short value="Representation defined by the system"/>
      <definition value="A representation of the meaning of the code in the system, following the rules of the system."/>
      <requirements value="Need to be able to carry a human-readable meaning of the code for readers that do not know  the system."/>
      <min value="0"/>
      <max value="1"/>
      <base>
        <path value="Coding.display"/>
        <min value="0"/>
        <max value="1"/>
      </base>
      <type>
        <code value="string"/>
      </type>
      <mapping>
        <identity value="orim"/>
        <map value="fhir:Coding.display rdfs:subPropertyOf dt:CDCoding.displayName"/>
      </mapping>
      <mapping>
        <identity value="v2"/>
        <map value="C*E.2 - but note this is not well followed"/>
      </mapping>
      <mapping>
        <identity value="rim"/>
        <map value="CV.displayName"/>
      </mapping>
    </element>
    <element>
      <path value="DiagnosticOrder.event.description.coding.userSelected"/>
      <short value="If this coding was chosen directly by the user"/>
      <definition value="Indicates that this coding was chosen by a user directly - i.e. off a pick list of available items (codes or displays)."/>
      <requirements value="This has been identified as a clinical safety criterium - that this exact system/code pair was chosen explicitly, rather than inferred by the system based on some rules or language processing."/>
      <min value="0"/>
      <max value="1"/>
      <base>
        <path value="Coding.userSelected"/>
        <min value="0"/>
        <max value="1"/>
      </base>
      <type>
        <code value="boolean"/>
      </type>
      <mapping>
        <identity value="orim"/>
        <map value="fhir:Coding.userSelected fhir:mapsTo dt:CDCoding.codingRationale. fhir:Coding.userSelected fhir:hasMap fhir:Coding.userSelected.map. fhir:Coding.userSelected.map a fhir:Map;   fhir:target dt:CDCoding.codingRationale. fhir:Coding.userSelected\#true a [     fhir:source &quot;true&quot;;     fhir:target dt:CDCoding.codingRationale\#O   ]"/>
      </mapping>
      <mapping>
        <identity value="v2"/>
        <map value="Sometimes implied by being first"/>
      </mapping>
      <mapping>
        <identity value="rim"/>
        <map value="CD.codingRationale"/>
      </mapping>
    </element>
    <element>
      <path value="DiagnosticOrder.event.description.text"/>
      <short value="Plain text representation of the concept"/>
      <definition value="A human language representation of the concept as seen/selected/uttered by the user who entered the data and/or which represents the intended meaning of the user."/>
      <requirements value="The codes from the terminologies do not always capture the correct meaning with all the nuances of the human using them, or sometimes there is no appropriate code at all. In these cases, the text is used to capture the full meaning of the source."/>
      <min value="0"/>
      <max value="1"/>
      <base>
        <path value="CodeableConcept.text"/>
        <min value="0"/>
        <max value="1"/>
      </base>
      <type>
        <code value="string"/>
      </type>
      <mapping>
        <identity value="orim"/>
        <map value="fhir:CodeableConcept.text rdfs:subPropertyOf dt:CD.originalText"/>
      </mapping>
      <mapping>
        <identity value="v2"/>
        <map value="C*E.9. But note many systems use C*E.2 for this"/>
      </mapping>
      <mapping>
        <identity value="rim"/>
        <map value="./originalText[mediaType/code=&quot;text/plain&quot;]/data"/>
      </mapping>
    </element>
    <element>
      <path value="DiagnosticOrder.event.dateTime"/>
      <short value="The date at which the event happened"/>
      <definition value="The date/time at which the event occurred."/>
      <min value="1"/>
      <max value="1"/>
      <base>
        <path value="DiagnosticOrder.event.dateTime"/>
        <min value="1"/>
        <max value="1"/>
      </base>
      <type>
        <code value="dateTime"/>
      </type>
      <mustSupport value="true"/>
      <isSummary value="true"/>
      <mapping>
        <identity value="rim"/>
        <map value=".effectiveTime"/>
      </mapping>
    </element>
    <element>
      <path value="DiagnosticOrder.event.actor"/>
      <short value="Who recorded or did this"/>
      <definition value="The person who was responsible for performing or recording the action."/>
      <min value="0"/>
      <max value="1"/>
      <base>
        <path value="DiagnosticOrder.event.actor"/>
        <min value="0"/>
        <max value="1"/>
      </base>
      <type>
        <code value="Reference"/>
        <profile value="http://hl7.org/fhir/StructureDefinition/Practitioner"/>
      </type>
      <type>
        <code value="Reference"/>
        <profile value="http://hl7.org/fhir/StructureDefinition/Device"/>
      </type>
      <mapping>
        <identity value="rim"/>
        <map value=".participation[AUT or PFM]"/>
      </mapping>
    </element>
    <element>
      <path value="DiagnosticOrder.item"/>
      <short value="The items the orderer requested"/>
      <definition value="The specific diagnostic investigations that are requested as part of this request. Sometimes, there can only be one item per request, but in most contexts, more than one investigation can be requested."/>
      <min value="1"/>
      <max value="*"/>
      <base>
        <path value="DiagnosticOrder.item"/>
        <min value="0"/>
        <max value="*"/>
      </base>
      <type>
        <code value="BackboneElement"/>
      </type>
      <mustSupport value="true"/>
      <mapping>
        <identity value="rim"/>
        <map value=".outboundRelationship[typeCode=COMP].target[classCode=OBS, moodCode=OBS]"/>
      </mapping>
    </element>
    <element>
      <path value="DiagnosticOrder.item.id"/>
      <representation value="xmlAttr"/>
      <short value="xml:id (or equivalent in JSON)"/>
      <definition value="unique id for the element within a resource (for internal references)."/>
      <min value="0"/>
      <max value="1"/>
      <base>
        <path value="DiagnosticOrder.item.id"/>
        <min value="0"/>
        <max value="1"/>
      </base>
      <type>
        <code value="id"/>
      </type>
      <mapping>
        <identity value="rim"/>
        <map value="n/a"/>
      </mapping>
    </element>
    <element>
      <path value="DiagnosticOrder.item.extension"/>
      <short value="Additional Content defined by implementations"/>
      <definition value="May be used to represent additional information that is not part of the basic definition of the element. In order to make the use of extensions safe and manageable, there is a strict set of governance  applied to the definition and use of extensions. Though any implementer is allowed to define an extension, there is a set of requirements that SHALL be met as part of the definition of the extension."/>
      <alias value="extensions"/>
      <alias value="user content"/>
      <min value="0"/>
      <max value="*"/>
      <base>
        <path value="DiagnosticOrder.item.extension"/>
        <min value="0"/>
        <max value="*"/>
      </base>
      <type>
        <code value="Extension"/>
      </type>
      <mapping>
        <identity value="rim"/>
        <map value="n/a"/>
      </mapping>
    </element>
    <element>
      <path value="DiagnosticOrder.item.modifierExtension"/>
      <short value="Extensions that cannot be ignored"/>
      <definition value="May be used to represent additional information that is not part of the basic definition of the element, and that modifies the understanding of the element that contains it. Usually modifier elements provide negation or qualification. In order to make the use of extensions safe and manageable, there is a strict set of governance applied to the definition and use of extensions. Though any implementer is allowed to define an extension, there is a set of requirements that SHALL be met as part of the definition of the extension. Applications processing a resource are required to check for modifier extensions."/>
      <alias value="extensions"/>
      <alias value="user content"/>
      <alias value="modifiers"/>
      <min value="0"/>
      <max value="*"/>
      <base>
        <path value="DiagnosticOrder.item.modifierExtension"/>
        <min value="0"/>
        <max value="*"/>
      </base>
      <type>
        <code value="Extension"/>
      </type>
      <isModifier value="true"/>
      <mapping>
        <identity value="rim"/>
        <map value="N/A"/>
      </mapping>
    </element>
    <element>
      <path value="DiagnosticOrder.item.code"/>
      <short value="US Realm Laboratory Report Order Code"/>
      <definition value="The laboratory test, panel or battery that was ordered."/>
      <requirements value="Requires at least a code, code system an d display text."/>
      <min value="1"/>
      <max value="1"/>
      <base>
        <path value="DiagnosticOrder.item.code"/>
        <min value="1"/>
        <max value="1"/>
      </base>
      <type>
        <code value="CodeableConcept"/>
      </type>
      <mustSupport value="true"/>
      <isSummary value="true"/>
      <binding>
        <strength value="extensible"/>
        <description value="LOINC codes"/>
        <valueSetReference>
          <reference value="http://hl7.org/fhir/ValueSet/obs-uslab-codes"/>
        </valueSetReference>
      </binding>
      <mapping>
        <identity value="v2"/>
        <map value="OBX-4"/>
      </mapping>
      <mapping>
        <identity value="rim"/>
        <map value=".code"/>
      </mapping>
    </element>
    <element>
      <path value="DiagnosticOrder.item.code.id"/>
      <representation value="xmlAttr"/>
      <short value="xml:id (or equivalent in JSON)"/>
      <definition value="unique id for the element within a resource (for internal references)."/>
      <min value="0"/>
      <max value="1"/>
      <base>
        <path value="CodeableConcept.id"/>
        <min value="0"/>
        <max value="1"/>
      </base>
      <type>
        <code value="id"/>
      </type>
      <mapping>
        <identity value="rim"/>
        <map value="n/a"/>
      </mapping>
    </element>
    <element>
      <path value="DiagnosticOrder.item.code.extension"/>
      <short value="Additional Content defined by implementations"/>
      <definition value="May be used to represent additional information that is not part of the basic definition of the element. In order to make the use of extensions safe and manageable, there is a strict set of governance  applied to the definition and use of extensions. Though any implementer is allowed to define an extension, there is a set of requirements that SHALL be met as part of the definition of the extension."/>
      <alias value="extensions"/>
      <alias value="user content"/>
      <min value="0"/>
      <max value="*"/>
      <base>
        <path value="CodeableConcept.extension"/>
        <min value="0"/>
        <max value="*"/>
      </base>
      <type>
        <code value="Extension"/>
      </type>
      <mapping>
        <identity value="rim"/>
        <map value="n/a"/>
      </mapping>
    </element>
    <element>
      <path value="DiagnosticOrder.item.code.coding"/>
      <short value="Code defined by a terminology system"/>
      <definition value="A reference to a code defined by a terminology system."/>
      <requirements value="Allows for translations and alternate encodings within a code system.  Also supports communication of the same instance to systems requiring different encodings."/>
      <min value="1"/>
      <max value="*"/>
      <base>
        <path value="CodeableConcept.coding"/>
        <min value="0"/>
        <max value="*"/>
      </base>
      <type>
        <code value="Coding"/>
      </type>
      <mustSupport value="true"/>
      <mapping>
        <identity value="orim"/>
        <map value="fhir:CodeableConcept.coding rdfs:subPropertyOf dt:CD.coding"/>
      </mapping>
      <mapping>
        <identity value="v2"/>
        <map value="C*E.1-8, C*E.10-22"/>
      </mapping>
      <mapping>
        <identity value="rim"/>
        <map value="union(., ./translation)"/>
      </mapping>
    </element>
    <element>
      <path value="DiagnosticOrder.item.code.coding.id"/>
      <representation value="xmlAttr"/>
      <short value="xml:id (or equivalent in JSON)"/>
      <definition value="unique id for the element within a resource (for internal references)."/>
      <min value="0"/>
      <max value="1"/>
      <base>
        <path value="Coding.id"/>
        <min value="0"/>
        <max value="1"/>
      </base>
      <type>
        <code value="id"/>
      </type>
      <mapping>
        <identity value="rim"/>
        <map value="n/a"/>
      </mapping>
    </element>
    <element>
      <path value="DiagnosticOrder.item.code.coding.extension"/>
      <short value="Additional Content defined by implementations"/>
      <definition value="May be used to represent additional information that is not part of the basic definition of the element. In order to make the use of extensions safe and manageable, there is a strict set of governance  applied to the definition and use of extensions. Though any implementer is allowed to define an extension, there is a set of requirements that SHALL be met as part of the definition of the extension."/>
      <alias value="extensions"/>
      <alias value="user content"/>
      <min value="0"/>
      <max value="*"/>
      <base>
        <path value="Coding.extension"/>
        <min value="0"/>
        <max value="*"/>
      </base>
      <type>
        <code value="Extension"/>
      </type>
      <mapping>
        <identity value="rim"/>
        <map value="n/a"/>
      </mapping>
    </element>
    <element>
      <path value="DiagnosticOrder.item.code.coding.system"/>
      <short value="Identity of the terminology system"/>
      <definition value="The identification of the code system that defines the meaning of the symbol in the code."/>
      <requirements value="Need to be unambiguous about the source of the definition of the symbol."/>
      <min value="1"/>
      <max value="1"/>
      <base>
        <path value="Coding.system"/>
        <min value="0"/>
        <max value="1"/>
      </base>
      <type>
        <code value="uri"/>
      </type>
      <mustSupport value="true"/>
      <mapping>
        <identity value="orim"/>
        <map value="fhir:Coding.system rdfs:subPropertyOf dt:CDCoding.codeSystem"/>
      </mapping>
      <mapping>
        <identity value="v2"/>
        <map value="C*E.3"/>
      </mapping>
      <mapping>
        <identity value="rim"/>
        <map value="./codeSystem"/>
      </mapping>
    </element>
    <element>
      <path value="DiagnosticOrder.item.code.coding.version"/>
      <short value="Version of the system - if relevant"/>
      <definition value="The version of the code system which was used when choosing this code. Note that a well-maintained code system does not need the version reported, because the meaning of codes is consistent across versions. However this cannot consistently be assured. and when the meaning is not guaranteed to be consistent, the version SHOULD be exchanged."/>
      <min value="0"/>
      <max value="1"/>
      <base>
        <path value="Coding.version"/>
        <min value="0"/>
        <max value="1"/>
      </base>
      <type>
        <code value="string"/>
      </type>
      <mapping>
        <identity value="orim"/>
        <map value="fhir:Coding.version rdfs:subPropertyOf dt:CDCoding.codeSystemVersion"/>
      </mapping>
      <mapping>
        <identity value="v2"/>
        <map value="C*E.7"/>
      </mapping>
      <mapping>
        <identity value="rim"/>
        <map value="./codeSystemVersion"/>
      </mapping>
    </element>
    <element>
      <path value="DiagnosticOrder.item.code.coding.code"/>
      <short value="Symbol in syntax defined by the system"/>
      <definition value="A symbol in syntax defined by the system. The symbol may be a predefined code or an expression in a syntax defined by the coding system (e.g. post-coordination)."/>
      <requirements value="Need to refer to a particular code in the system."/>
      <min value="1"/>
      <max value="1"/>
      <base>
        <path value="Coding.code"/>
        <min value="0"/>
        <max value="1"/>
      </base>
      <type>
        <code value="code"/>
      </type>
      <mustSupport value="true"/>
      <mapping>
        <identity value="orim"/>
        <map value="fhir:Coding.code rdfs:subPropertyOf dt:CDCoding.code"/>
      </mapping>
      <mapping>
        <identity value="v2"/>
        <map value="C*E.1"/>
      </mapping>
      <mapping>
        <identity value="rim"/>
        <map value="./code"/>
      </mapping>
    </element>
    <element>
      <path value="DiagnosticOrder.item.code.coding.display"/>
      <short value="Representation defined by the system"/>
      <definition value="A representation of the meaning of the code in the system, following the rules of the system."/>
      <requirements value="Need to be able to carry a human-readable meaning of the code for readers that do not know  the system."/>
      <min value="0"/>
      <max value="1"/>
      <base>
        <path value="Coding.display"/>
        <min value="0"/>
        <max value="1"/>
      </base>
      <type>
        <code value="string"/>
      </type>
      <mustSupport value="true"/>
      <mapping>
        <identity value="orim"/>
        <map value="fhir:Coding.display rdfs:subPropertyOf dt:CDCoding.displayName"/>
      </mapping>
      <mapping>
        <identity value="v2"/>
        <map value="C*E.2 - but note this is not well followed"/>
      </mapping>
      <mapping>
        <identity value="rim"/>
        <map value="CV.displayName"/>
      </mapping>
    </element>
    <element>
      <path value="DiagnosticOrder.item.code.coding.userSelected"/>
      <short value="If this coding was chosen directly by the user"/>
      <definition value="Indicates that this coding was chosen by a user directly - i.e. off a pick list of available items (codes or displays)."/>
      <requirements value="This has been identified as a clinical safety criterium - that this exact system/code pair was chosen explicitly, rather than inferred by the system based on some rules or language processing."/>
      <min value="0"/>
      <max value="1"/>
      <base>
        <path value="Coding.userSelected"/>
        <min value="0"/>
        <max value="1"/>
      </base>
      <type>
        <code value="boolean"/>
      </type>
      <mapping>
        <identity value="orim"/>
        <map value="fhir:Coding.userSelected fhir:mapsTo dt:CDCoding.codingRationale. fhir:Coding.userSelected fhir:hasMap fhir:Coding.userSelected.map. fhir:Coding.userSelected.map a fhir:Map;   fhir:target dt:CDCoding.codingRationale. fhir:Coding.userSelected\#true a [     fhir:source &quot;true&quot;;     fhir:target dt:CDCoding.codingRationale\#O   ]"/>
      </mapping>
      <mapping>
        <identity value="v2"/>
        <map value="Sometimes implied by being first"/>
      </mapping>
      <mapping>
        <identity value="rim"/>
        <map value="CD.codingRationale"/>
      </mapping>
    </element>
    <element>
      <path value="DiagnosticOrder.item.code.text"/>
      <short value="Plain text representation of the concept"/>
      <definition value="A human language representation of the concept as seen/selected/uttered by the user who entered the data and/or which represents the intended meaning of the user."/>
      <requirements value="The codes from the terminologies do not always capture the correct meaning with all the nuances of the human using them, or sometimes there is no appropriate code at all. In these cases, the text is used to capture the full meaning of the source."/>
      <min value="0"/>
      <max value="1"/>
      <base>
        <path value="CodeableConcept.text"/>
        <min value="0"/>
        <max value="1"/>
      </base>
      <type>
        <code value="string"/>
      </type>
      <mustSupport value="true"/>
      <mapping>
        <identity value="orim"/>
        <map value="fhir:CodeableConcept.text rdfs:subPropertyOf dt:CD.originalText"/>
      </mapping>
      <mapping>
        <identity value="v2"/>
        <map value="C*E.9. But note many systems use C*E.2 for this"/>
      </mapping>
      <mapping>
        <identity value="rim"/>
        <map value="./originalText[mediaType/code=&quot;text/plain&quot;]/data"/>
      </mapping>
    </element>
    <element>
      <path value="DiagnosticOrder.item.specimen"/>
      <short value="If this item relates to specific specimens"/>
      <definition value="If the item is related to a specific specimen."/>
      <min value="0"/>
      <max value="*"/>
      <base>
        <path value="DiagnosticOrder.item.specimen"/>
        <min value="0"/>
        <max value="*"/>
      </base>
      <type>
        <code value="Reference"/>
        <profile value="http://hl7.org/fhir/StructureDefinition/Specimen"/>
      </type>
      <mapping>
        <identity value="rim"/>
        <map value=".participation[typeCode=SPC].role"/>
      </mapping>
    </element>
    <element>
      <path value="DiagnosticOrder.item.bodySite[x]"/>
      <short value="Location of requested test (if applicable)"/>
      <definition value="Anatomical location where the request test should be performed.  This is the target site."/>
      <alias value="location"/>
      <min value="0"/>
      <max value="0"/>
      <base>
        <path value="DiagnosticOrder.item.bodySite[x]"/>
        <min value="0"/>
        <max value="1"/>
      </base>
      <type>
        <code value="CodeableConcept"/>
      </type>
      <type>
        <code value="Reference"/>
        <profile value="http://hl7.org/fhir/StructureDefinition/BodySite"/>
      </type>
      <binding>
        <strength value="example"/>
        <description value="Codes describing anatomical locations. May include laterality"/>
        <valueSetReference>
          <reference value="http://hl7.org/fhir/ValueSet/body-site"/>
        </valueSetReference>
      </binding>
      <mapping>
        <identity value="rim"/>
        <map value="targetSiteCode"/>
      </mapping>
    </element>
    <element>
      <path value="DiagnosticOrder.item.status"/>
      <short value="proposed | draft | planned | requested | received | accepted | in-progress | review | completed | cancelled | suspended | rejected | failed"/>
      <definition value="The status of this individual item within the order."/>
      <min value="1"/>
      <max value="1"/>
      <base>
        <path value="DiagnosticOrder.item.status"/>
        <min value="0"/>
        <max value="1"/>
      </base>
      <type>
        <code value="code"/>
      </type>
      <mustSupport value="true"/>
      <isSummary value="true"/>
      <binding>
        <strength value="required"/>
        <description value="The status of a diagnostic order"/>
        <valueSetReference>
          <reference value="http://hl7.org/fhir/ValueSet/diagnostic-order-status"/>
        </valueSetReference>
      </binding>
      <mapping>
        <identity value="rim"/>
        <map value=".statusCode
also influenced by whether a ControlAct fulfillment requeste exists, whether a promise exists, status of the review component, whether a fulfilling observation exists, whether a refusal exists"/>
      </mapping>
    </element>
    <element>
      <path value="DiagnosticOrder.item.event"/>
      <short value="Events specific to this item"/>
      <definition value="A summary of the events of interest that have occurred as this item of the request is processed."/>
      <min value="0"/>
      <max value="*"/>
      <base>
        <path value="DiagnosticOrder.item.event"/>
        <min value="0"/>
        <max value="*"/>
      </base>
      <nameReference value="event"/>
      <isSummary value="true"/>
      <mapping>
        <identity value="rim"/>
        <map value=".inboundRelationship[typeCode=FLFS].source"/>
      </mapping>
    </element>
  </snapshot>
  <differential>
    <element>
      <path value="DiagnosticOrder"/>
      <name value="DAFDiagnosticOrder"/>
      <alias value="DO"/>
      <min value="0"/>
      <max value="*"/>
      <type>
        <code value="DiagnosticOrder"/>
      </type>
    </element>
    <element>
      <path value="DiagnosticOrder.subject"/>
      <requirements value="Limited to single patient per Diagnostic Order (Requisition)."/>
      <alias value="Patient"/>
      <min value="1"/>
      <max value="1"/>
      <type>
        <code value="Reference"/>
        <profile value="http://hl7.org/fhir/StructureDefinition/patient-daf-dafpatient"/>
      </type>
      <mustSupport value="true"/>
    </element>
    <element>
      <path value="DiagnosticOrder.orderer"/>
      <requirements value="Limited to single orderer per Diagnostic Order (Requisition)."/>
      <alias value="Ordering Provider"/>
      <alias value="OP"/>
      <alias value="Submitter"/>
      <alias value="Placer"/>
      <min value="1"/>
      <max value="1"/>
      <type>
        <code value="Reference"/>
        <profile value="http://hl7.org/fhir/StructureDefinition/pract-daf-dafpract"/>
      </type>
      <mustSupport value="true"/>
    </element>
    <element>
      <path value="DiagnosticOrder.identifier"/>
      <requirements value="Limit to Globally unique IDs using a URI ( could be a URL)."/>
      <alias value="Placer ID"/>
      <alias value="Filler ID"/>
      <min value="1"/>
      <max value="*"/>
      <type>
        <code value="Identifier"/>
      </type>
      <mustSupport value="true"/>
    </element>
    <element>
      <path value="DiagnosticOrder.identifier.use"/>
      <min value="1"/>
      <max value="1"/>
      <type>
        <code value="code"/>
      </type>
      <fixedCode value="official"/>
      <mustSupport value="true"/>
    </element>
    <element>
      <path value="DiagnosticOrder.identifier.system"/>
      <min value="1"/>
      <max value="1"/>
      <type>
        <code value="uri"/>
      </type>
      <mustSupport value="true"/>
    </element>
    <element>
      <path value="DiagnosticOrder.identifier.value"/>
      <min value="1"/>
      <max value="1"/>
      <type>
        <code value="string"/>
      </type>
      <mustSupport value="true"/>
    </element>
    <element>
      <path value="DiagnosticOrder.encounter"/>
      <min value="0"/>
      <max value="*"/>
      <type>
        <code value="Reference"/>
        <profile value="http://hl7.org/fhir/StructureDefinition/encounter-daf-dafencounter"/>
      </type>
      <mustSupport value="true"/>
    </element>
    <element>
      <path value="DiagnosticOrder.clinicalNotes"/>
      <min value="0"/>
      <max value="1"/>
      <type>
        <code value="string"/>
      </type>
      <mustSupport value="true"/>
    </element>
    <element>
      <path value="DiagnosticOrder.supportingInformation"/>
      <slicing>
        <discriminator value="@Profile"/>
        <discriminator value="@type"/>
        <ordered value="false"/>
        <rules value="open"/>
      </slicing>
    </element>
    <element>
      <path value="DiagnosticOrder.supportingInformation"/>
      <name value="DAFSupportingInformation"/>
      <requirements value="AOES are captured in the USLabObservation resource and Reasons for the testing in USLabCondition."/>
      <min value="0"/>
      <max value="*"/>
      <type>
        <code value="Reference"/>
        <profile value="http://hl7.org/fhir/StructureDefinition/observation-daf-results-dafresultobscode"/>
      </type>
      <type>
        <code value="Reference"/>
        <profile value="http://hl7.org/fhir/StructureDefinition/observation-daf-results-dafresultobsquantity"/>
      </type>
      <type>
        <code value="Reference"/>
        <profile value="http://hl7.org/fhir/StructureDefinition/observation-daf-results-dafresultobsratio"/>
      </type>
      <type>
        <code value="Reference"/>
        <profile value="http://hl7.org/fhir/StructureDefinition/observation-daf-results-dafresultobsother"/>
      </type>
      <type>
        <code value="Reference"/>
        <profile value="http://hl7.org/fhir/StructureDefinition/observation-daf-results-dafresultobspanel"/>
      </type>
      <type>
        <code value="Reference"/>
        <profile value="http://hl7.org/fhir/StructureDefinition/condition-daf-dafcondition"/>
      </type>
      <mustSupport value="true"/>
    </element>
    <element>
      <path value="DiagnosticOrder.status"/>
      <min value="1"/>
      <max value="1"/>
      <type>
        <code value="code"/>
      </type>
      <mustSupport value="true"/>
    </element>
    <element>
      <path value="DiagnosticOrder.priority"/>
      <min value="1"/>
      <max value="1"/>
      <type>
        <code value="code"/>
      </type>
      <mustSupport value="true"/>
    </element>
    <element>
      <path value="DiagnosticOrder.event"/>
      <min value="1"/>
      <max value="*"/>
      <mustSupport value="true"/>
    </element>
    <element>
      <path value="DiagnosticOrder.event.description"/>
      <min value="1"/>
      <max value="1"/>
      <type>
        <code value="CodeableConcept"/>
      </type>
      <mustSupport value="true"/>
      <binding>
        <strength value="extensible"/>
        <description value="Information about an event that occurred to a diagnostic order that corresponds to the USLabOrder Use Cases"/>
        <valueSetReference>
          <reference value="http://hl7.org/fhir/ValueSet/do-uslab-event"/>
        </valueSetReference>
      </binding>
    </element>
    <element>
      <path value="DiagnosticOrder.event.description.coding"/>
      <min value="1"/>
      <max value="1"/>
      <type>
        <code value="Coding"/>
      </type>
      <mustSupport value="true"/>
    </element>
    <element>
      <path value="DiagnosticOrder.event.description.coding.system"/>
      <min value="1"/>
      <max value="1"/>
      <type>
        <code value="uri"/>
      </type>
      <mustSupport value="true"/>
    </element>
    <element>
      <path value="DiagnosticOrder.event.description.coding.code"/>
      <min value="1"/>
      <max value="1"/>
      <type>
        <code value="code"/>
      </type>
      <mustSupport value="true"/>
    </element>
    <element>
      <path value="DiagnosticOrder.event.dateTime"/>
      <min value="1"/>
      <max value="1"/>
      <type>
        <code value="dateTime"/>
      </type>
      <mustSupport value="true"/>
    </element>
    <element>
      <path value="DiagnosticOrder.item"/>
      <min value="1"/>
      <max value="*"/>
      <mustSupport value="true"/>
    </element>
    <element>
      <path value="DiagnosticOrder.item.code"/>
      <short value="US Realm Laboratory Report Order Code"/>
      <definition value="The laboratory test, panel or battery that was ordered."/>
      <requirements value="Requires at least a code, code system an d display text."/>
      <min value="1"/>
      <max value="1"/>
      <type>
        <code value="CodeableConcept"/>
      </type>
      <mustSupport value="true"/>
      <binding>
        <strength value="extensible"/>
        <description value="LOINC codes"/>
        <valueSetReference>
          <reference value="http://hl7.org/fhir/ValueSet/obs-uslab-codes"/>
        </valueSetReference>
      </binding>
    </element>
    <element>
      <path value="DiagnosticOrder.item.code.coding"/>
      <min value="1"/>
      <max value="*"/>
      <type>
        <code value="Coding"/>
      </type>
      <mustSupport value="true"/>
    </element>
    <element>
      <path value="DiagnosticOrder.item.code.coding.system"/>
      <min value="1"/>
      <max value="1"/>
      <type>
        <code value="uri"/>
      </type>
      <mustSupport value="true"/>
    </element>
    <element>
      <path value="DiagnosticOrder.item.code.coding.code"/>
      <min value="1"/>
      <max value="1"/>
      <type>
        <code value="code"/>
      </type>
      <mustSupport value="true"/>
    </element>
    <element>
      <path value="DiagnosticOrder.item.code.coding.display"/>
      <min value="0"/>
      <max value="1"/>
      <type>
        <code value="string"/>
      </type>
      <mustSupport value="true"/>
    </element>
    <element>
      <path value="DiagnosticOrder.item.code.text"/>
      <min value="0"/>
      <max value="1"/>
      <type>
        <code value="string"/>
      </type>
      <mustSupport value="true"/>
    </element>
    <element>
      <path value="DiagnosticOrder.item.bodySite[x]"/>
      <min value="0"/>
      <max value="0"/>
    </element>
    <element>
      <path value="DiagnosticOrder.item.status"/>
      <min value="1"/>
      <max value="1"/>
      <type>
        <code value="code"/>
      </type>
      <mustSupport value="true"/>
    </element>
  </differential>
</StructureDefinition>