<?xml version="1.0" encoding="UTF-8"?>

<StructureDefinition xmlns="http://hl7.org/fhir">
  <id value="integer"/>
  <text>
    <status value="generated"/>
    <div xmlns="http://www.w3.org/1999/xhtml">to do</div>
  </text>
  <url value="http://hl7.org/fhir/StructureDefinition/integer"/>
  <name value="integer"/>
  <publisher value="HL7 FHIR Standard"/>
  <contact>
    <telecom>
      <system value="other"/>
      <value value="http://hl7.org/fhir"/>
    </telecom>
  </contact>
  <description value="Base StructureDefinition for integer Type: A whole number"/>
  <status value="draft"/>
  <date value="2015-07-28T17:31:19-04:00"/>
  <kind value="datatype"/>
  <abstract value="false"/>
  <snapshot>
    <element>
      <path value="integer"/>
      <short value="Primitive Type integer"/>
      <definition value="A whole number"/>
      <comments value="32 bit number; for values larger than this, use decimal"/>
      <min value="0"/>
      <max value="*"/>
      <type>
        <code value="Element"/>
      </type>
    </element>
    <element>
      <path value="integer.id"/>
      <representation value="xmlAttr"/>
      <short value="xml:id (or equivalent in JSON)"/>
      <definition value="unique id for the element within a resource (for internal references)"/>
      <min value="0"/>
      <max value="1"/>
      <type>
        <code value="id"/>
      </type>
    </element>
    <element>
      <path value="integer.extension"/>
      <short value="Additional Content defined by implementations"/>
      <definition value="May be used to represent additional information that is not part of the basic definition of the resource. In order to make the use of extensions safe and manageable, there is a strict set of governance  applied to the definition and use of extensions. Though any implementer is allowed to define an extension, there is a set of requirements that SHALL be met as part of the definition of the extension."/>
      <comments value="There can be no stigma associated with the use of extensions by any application, project, or standard - regardless of the institution or jurisdiction that uses or defines the extensions.  The use of extensions is what allows the FHIR specification to retain a core level of simplicity for everyone."/>
      <alias value="extensions"/>
      <alias value="user content"/>
      <min value="0"/>
      <max value="*"/>
      <base>
        <path value="integer.extension"/>
        <min value="0"/>
        <max value="*"/>
      </base>
      <type>
        <code value="Extension"/>
      </type>
    </element>
    <element>
      <path value="integer.value"/>
      <representation value="xmlAttr"/>
      <short value="Primitive value for integer"/>
      <definition value="The actual value"/>
      <min value="0"/>
      <max value="1"/>
      <type>
        <code value="xs:int"/>
      </type>
    </element>
  </snapshot>
  <differential>
    <element>
      <path value="integer"/>
      <short value="Primitive Type integer"/>
      <definition value="A whole number"/>
      <comments value="32 bit number; for values larger than this, use decimal"/>
      <min value="0"/>
      <max value="*"/>
      <type>
        <code value="Element"/>
      </type>
    </element>
    <element>
      <path value="integer.value"/>
      <representation value="xmlAttr"/>
      <short value="Primitive value for integer"/>
      <definition value="Primitive value for integer"/>
      <min value="0"/>
      <max value="1"/>
      <type>
        <code value="xs:int"/>
      </type>
    </element>
  </differential>
</StructureDefinition>