<?xml version="1.0" encoding="UTF-8"?>

<StructureDefinition xmlns="http://hl7.org/fhir">
  <id value="knowledgemodule-cqif-cqif-knowledgemodule"/>
  <text>
    <status value="generated"/>
    <div xmlns="http://www.w3.org/1999/xhtml">to do</div>
  </text>
  <url value="http://hl7.org/fhir/StructureDefinition/knowledgemodule-cqif-cqif-knowledgemodule"/>
  <name value="CQIF-KnowledgeModule"/>
  <publisher value="Health Level Seven, Inc. - CDS WG"/>
  <contact>
    <telecom>
      <system value="other"/>
      <value value="http://hl7.org/special/committees/dss"/>
    </telecom>
  </contact>
  <description value="A description of functionality provided by a knowledge service such as a decision support service or measure evaluation service"/>
  <status value="draft"/>
  <date value="2015-05-30"/>
  <kind value="resource"/>
  <constrainedType value="Basic"/>
  <abstract value="false"/>
  <base value="http://hl7.org/fhir/StructureDefinition/Basic"/>
  <snapshot>
    <element>
      <path value="Basic"/>
      <name value="CQIF-KnowledgeModule"/>
      <short value="A description of functionality provided by a knowledge service such as a decision support service or measure evaluation service"/>
      <definition value="A knowledge module is a description of a quality improvement function made available by a knowledge evaluation service. A module may correspond directly to an artifact or group of related artifacts, or it may correspond to functionality provided by the service and not necessarily associated with any tangible knowledge artifact. The knowledge module serves as the descriptive unit for functionality supported by a knowledge service such as a decision support service, measure evaluation service, or other quality improvement service."/>
      <requirements value="Need some way to safely (without breaking interoperability) allow implementers to exchange content not supported by the initial set of declared resources."/>
      <alias value="Z-resource"/>
      <alias value="Extension-resource"/>
      <alias value="Custom-resource"/>
      <min value="0"/>
      <max value="*"/>
      <base>
        <path value="Basic"/>
        <min value="0"/>
        <max value="*"/>
      </base>
      <type>
        <code value="Basic"/>
      </type>
      <mapping>
        <identity value="rim"/>
        <map value="Act, Entity or Role"/>
      </mapping>
    </element>
    <element>
      <path value="Basic.id"/>
      <short value="Logical id of this artifact"/>
      <definition value="The logical id of the resource, as used in the url for the resource. Once assigned, this value never changes."/>
      <min value="0"/>
      <max value="1"/>
      <base>
        <path value="Basic.id"/>
        <min value="0"/>
        <max value="1"/>
      </base>
      <type>
        <code value="id"/>
      </type>
    </element>
    <element>
      <path value="Basic.meta"/>
      <short value="Metadata about the resource"/>
      <definition value="The metadata about the resource. This is content that is maintained by the infrastructure. Changes to the content may not always be associated with version changes to the resource."/>
      <min value="0"/>
      <max value="1"/>
      <base>
        <path value="Basic.meta"/>
        <min value="0"/>
        <max value="1"/>
      </base>
      <type>
        <code value="Meta"/>
      </type>
    </element>
    <element>
      <path value="Basic.implicitRules"/>
      <short value="A set of rules under which this content was created"/>
      <definition value="A reference to a set of rules that were followed when the resource was constructed, and which must be understood when processing the content."/>
      <min value="0"/>
      <max value="1"/>
      <base>
        <path value="Basic.implicitRules"/>
        <min value="0"/>
        <max value="1"/>
      </base>
      <type>
        <code value="uri"/>
      </type>
      <isModifier value="true"/>
    </element>
    <element>
      <path value="Basic.language"/>
      <short value="Language of the resource content"/>
      <definition value="The base language in which the resource is written."/>
      <min value="0"/>
      <max value="1"/>
      <base>
        <path value="Basic.language"/>
        <min value="0"/>
        <max value="1"/>
      </base>
      <type>
        <code value="code"/>
      </type>
      <binding>
        <strength value="required"/>
        <description value="A human language"/>
        <valueSetUri value="http://tools.ietf.org/html/bcp47"/>
      </binding>
    </element>
    <element>
      <path value="Basic.text"/>
      <short value="Text summary of the resource, for human interpretation"/>
      <definition value="A human-readable narrative that contains a summary of the resource, and may be used to represent the content of the resource to a human. The narrative need not encode all the structured data, but is required to contain sufficient detail to make it &quot;clinically safe&quot; for a human to just read the narrative. Resource definitions may define what content should be represented in the narrative to ensure clinical safety."/>
      <alias value="narrative"/>
      <alias value="html"/>
      <alias value="xhtml"/>
      <alias value="display"/>
      <min value="0"/>
      <max value="1"/>
      <base>
        <path value="Basic.text"/>
        <min value="0"/>
        <max value="1"/>
      </base>
      <type>
        <code value="Narrative"/>
      </type>
      <condition value="dom-1"/>
      <mapping>
        <identity value="rim"/>
        <map value="Act.text?"/>
      </mapping>
    </element>
    <element>
      <path value="Basic.contained"/>
      <short value="Contained, inline Resources"/>
      <definition value="These resources do not have an independent existence apart from the resource that contains them - they cannot be identified independently, and nor can they have their own independent transaction scope."/>
      <alias value="inline resources"/>
      <alias value="anonymous resources"/>
      <alias value="contained resources"/>
      <min value="0"/>
      <max value="*"/>
      <base>
        <path value="Basic.contained"/>
        <min value="0"/>
        <max value="*"/>
      </base>
      <type>
        <code value="Resource"/>
      </type>
      <mapping>
        <identity value="rim"/>
        <map value="N/A"/>
      </mapping>
    </element>
    <element>
      <path value="Basic.extension"/>
      <slicing>
        <discriminator value="url"/>
        <ordered value="false"/>
        <rules value="open"/>
      </slicing>
      <short value="Extension"/>
      <definition value="An Extension"/>
      <min value="0"/>
      <max value="*"/>
      <base>
        <path value="Basic.extension"/>
        <min value="0"/>
        <max value="*"/>
      </base>
      <type>
        <code value="Extension"/>
      </type>
    </element>
    <element>
      <path value="Basic.extension"/>
      <name value="version"/>
      <short value="Extension"/>
      <definition value="An Extension"/>
      <min value="0"/>
      <max value="1"/>
      <base>
        <path value="Basic.extension"/>
        <min value="0"/>
        <max value="*"/>
      </base>
      <type>
        <code value="Extension"/>
        <profile value="http://hl7.org/fhir/StructureDefinition/basic-cqif-moduleVersion"/>
      </type>
    </element>
    <element>
      <path value="Basic.extension"/>
      <name value="title"/>
      <short value="Extension"/>
      <definition value="An Extension"/>
      <min value="0"/>
      <max value="1"/>
      <base>
        <path value="Basic.extension"/>
        <min value="0"/>
        <max value="*"/>
      </base>
      <type>
        <code value="Extension"/>
        <profile value="http://hl7.org/fhir/StructureDefinition/basic-cqif-title"/>
      </type>
    </element>
    <element>
      <path value="Basic.extension"/>
      <name value="description"/>
      <short value="Extension"/>
      <definition value="An Extension"/>
      <min value="0"/>
      <max value="1"/>
      <base>
        <path value="Basic.extension"/>
        <min value="0"/>
        <max value="*"/>
      </base>
      <type>
        <code value="Extension"/>
        <profile value="http://hl7.org/fhir/StructureDefinition/basic-cqif-description"/>
      </type>
    </element>
    <element>
      <path value="Basic.extension"/>
      <name value="purpose"/>
      <short value="Extension"/>
      <definition value="An Extension"/>
      <min value="0"/>
      <max value="1"/>
      <base>
        <path value="Basic.extension"/>
        <min value="0"/>
        <max value="*"/>
      </base>
      <type>
        <code value="Extension"/>
        <profile value="http://hl7.org/fhir/StructureDefinition/basic-cqif-purpose"/>
      </type>
    </element>
    <element>
      <path value="Basic.extension"/>
      <name value="usage"/>
      <short value="Extension"/>
      <definition value="An Extension"/>
      <min value="0"/>
      <max value="1"/>
      <base>
        <path value="Basic.extension"/>
        <min value="0"/>
        <max value="*"/>
      </base>
      <type>
        <code value="Extension"/>
        <profile value="http://hl7.org/fhir/StructureDefinition/basic-cqif-usage"/>
      </type>
    </element>
    <element>
      <path value="Basic.extension"/>
      <name value="publicationDate"/>
      <short value="Extension"/>
      <definition value="An Extension"/>
      <min value="0"/>
      <max value="1"/>
      <base>
        <path value="Basic.extension"/>
        <min value="0"/>
        <max value="*"/>
      </base>
      <type>
        <code value="Extension"/>
        <profile value="http://hl7.org/fhir/StructureDefinition/basic-cqif-publicationDate"/>
      </type>
    </element>
    <element>
      <path value="Basic.extension"/>
      <name value="lastReviewDate"/>
      <short value="Extension"/>
      <definition value="An Extension"/>
      <min value="0"/>
      <max value="1"/>
      <base>
        <path value="Basic.extension"/>
        <min value="0"/>
        <max value="*"/>
      </base>
      <type>
        <code value="Extension"/>
        <profile value="http://hl7.org/fhir/StructureDefinition/basic-cqif-lastReviewDate"/>
      </type>
    </element>
    <element>
      <path value="Basic.extension"/>
      <name value="effectivePeriod"/>
      <short value="Extension"/>
      <definition value="An Extension"/>
      <min value="0"/>
      <max value="1"/>
      <base>
        <path value="Basic.extension"/>
        <min value="0"/>
        <max value="*"/>
      </base>
      <type>
        <code value="Extension"/>
        <profile value="http://hl7.org/fhir/StructureDefinition/basic-cqif-effectivePeriod"/>
      </type>
    </element>
    <element>
      <path value="Basic.extension"/>
      <name value="model"/>
      <short value="Extension"/>
      <definition value="An Extension"/>
      <min value="0"/>
      <max value="*"/>
      <base>
        <path value="Basic.extension"/>
        <min value="0"/>
        <max value="*"/>
      </base>
      <type>
        <code value="Extension"/>
        <profile value="http://hl7.org/fhir/StructureDefinition/basic-cqif-model"/>
      </type>
    </element>
    <element>
      <path value="Basic.extension"/>
      <name value="library"/>
      <short value="Extension"/>
      <definition value="An Extension"/>
      <min value="0"/>
      <max value="*"/>
      <base>
        <path value="Basic.extension"/>
        <min value="0"/>
        <max value="*"/>
      </base>
      <type>
        <code value="Extension"/>
        <profile value="http://hl7.org/fhir/StructureDefinition/basic-cqif-library"/>
      </type>
    </element>
    <element>
      <path value="Basic.extension"/>
      <name value="topic"/>
      <short value="Extension"/>
      <definition value="An Extension"/>
      <min value="0"/>
      <max value="*"/>
      <base>
        <path value="Basic.extension"/>
        <min value="0"/>
        <max value="*"/>
      </base>
      <type>
        <code value="Extension"/>
        <profile value="http://hl7.org/fhir/StructureDefinition/basic-cqif-topic"/>
      </type>
    </element>
    <element>
      <path value="Basic.extension"/>
      <name value="keyword"/>
      <short value="Extension"/>
      <definition value="An Extension"/>
      <min value="0"/>
      <max value="*"/>
      <base>
        <path value="Basic.extension"/>
        <min value="0"/>
        <max value="*"/>
      </base>
      <type>
        <code value="Extension"/>
        <profile value="http://hl7.org/fhir/StructureDefinition/basic-cqif-keyword"/>
      </type>
    </element>
    <element>
      <path value="Basic.extension"/>
      <name value="contributor"/>
      <short value="Extension"/>
      <definition value="An Extension"/>
      <min value="0"/>
      <max value="*"/>
      <base>
        <path value="Basic.extension"/>
        <min value="0"/>
        <max value="*"/>
      </base>
      <type>
        <code value="Extension"/>
        <profile value="http://hl7.org/fhir/StructureDefinition/basic-cqif-contributor"/>
      </type>
    </element>
    <element>
      <path value="Basic.extension"/>
      <name value="publisher"/>
      <short value="Extension"/>
      <definition value="An Extension"/>
      <min value="0"/>
      <max value="1"/>
      <base>
        <path value="Basic.extension"/>
        <min value="0"/>
        <max value="*"/>
      </base>
      <type>
        <code value="Extension"/>
        <profile value="http://hl7.org/fhir/StructureDefinition/basic-cqif-publisher"/>
      </type>
    </element>
    <element>
      <path value="Basic.extension"/>
      <name value="steward"/>
      <short value="Extension"/>
      <definition value="An Extension"/>
      <min value="0"/>
      <max value="1"/>
      <base>
        <path value="Basic.extension"/>
        <min value="0"/>
        <max value="*"/>
      </base>
      <type>
        <code value="Extension"/>
        <profile value="http://hl7.org/fhir/StructureDefinition/basic-cqif-steward"/>
      </type>
    </element>
    <element>
      <path value="Basic.extension"/>
      <name value="rightsDeclaration"/>
      <short value="Extension"/>
      <definition value="An Extension"/>
      <min value="0"/>
      <max value="1"/>
      <base>
        <path value="Basic.extension"/>
        <min value="0"/>
        <max value="*"/>
      </base>
      <type>
        <code value="Extension"/>
        <profile value="http://hl7.org/fhir/StructureDefinition/basic-cqif-rightsDeclaration"/>
      </type>
    </element>
    <element>
      <path value="Basic.extension"/>
      <name value="relatedResource"/>
      <short value="Extension"/>
      <definition value="An Extension"/>
      <min value="0"/>
      <max value="*"/>
      <base>
        <path value="Basic.extension"/>
        <min value="0"/>
        <max value="*"/>
      </base>
      <type>
        <code value="Extension"/>
        <profile value="http://hl7.org/fhir/StructureDefinition/basic-cqif-relatedResource"/>
      </type>
    </element>
    <element>
      <path value="Basic.extension"/>
      <name value="parameter"/>
      <short value="Extension"/>
      <definition value="An Extension"/>
      <min value="0"/>
      <max value="*"/>
      <base>
        <path value="Basic.extension"/>
        <min value="0"/>
        <max value="*"/>
      </base>
      <type>
        <code value="Extension"/>
        <profile value="http://hl7.org/fhir/StructureDefinition/basic-cqif-parameter"/>
      </type>
    </element>
    <element>
      <path value="Basic.extension"/>
      <name value="data"/>
      <short value="Extension"/>
      <definition value="An Extension"/>
      <min value="0"/>
      <max value="*"/>
      <base>
        <path value="Basic.extension"/>
        <min value="0"/>
        <max value="*"/>
      </base>
      <type>
        <code value="Extension"/>
        <profile value="http://hl7.org/fhir/StructureDefinition/basic-cqif-data"/>
      </type>
    </element>
    <element>
      <path value="Basic.modifierExtension"/>
      <slicing>
        <discriminator value="url"/>
        <ordered value="false"/>
        <rules value="open"/>
      </slicing>
      <short value="Extension"/>
      <definition value="An Extension"/>
      <min value="0"/>
      <max value="*"/>
      <base>
        <path value="Basic.modifierExtension"/>
        <min value="0"/>
        <max value="*"/>
      </base>
      <type>
        <code value="Extension"/>
      </type>
    </element>
    <element>
      <path value="Basic.modifierExtension"/>
      <name value="status"/>
      <short value="Extension"/>
      <definition value="An Extension"/>
      <min value="1"/>
      <max value="1"/>
      <base>
        <path value="Basic.modifierExtension"/>
        <min value="0"/>
        <max value="*"/>
      </base>
      <type>
        <code value="Extension"/>
        <profile value="http://hl7.org/fhir/StructureDefinition/basic-cqif-moduleStatus"/>
      </type>
      <isModifier value="true"/>
    </element>
    <element>
      <path value="Basic.modifierExtension"/>
      <name value="evaluationSupported"/>
      <short value="Extension"/>
      <definition value="An Extension"/>
      <min value="1"/>
      <max value="1"/>
      <base>
        <path value="Basic.modifierExtension"/>
        <min value="0"/>
        <max value="*"/>
      </base>
      <type>
        <code value="Extension"/>
        <profile value="http://hl7.org/fhir/StructureDefinition/basic-cqif-evaluationSupported"/>
      </type>
      <isModifier value="true"/>
    </element>
    <element>
      <path value="Basic.identifier"/>
      <short value="Business identifier"/>
      <definition value="A logical identifier for the knowledge module."/>
      <min value="0"/>
      <max value="*"/>
      <base>
        <path value="Basic.identifier"/>
        <min value="0"/>
        <max value="*"/>
      </base>
      <type>
        <code value="Identifier"/>
      </type>
      <mapping>
        <identity value="rim"/>
        <map value="./identifier"/>
      </mapping>
    </element>
    <element>
      <path value="Basic.code"/>
      <short value="Kind of Resource"/>
      <definition value="Identifies the &#39;type&#39; of resource - equivalent to the resource name for other resources."/>
      <requirements value="Must be able to distinguish different types of &quot;basic&quot; resources."/>
      <min value="1"/>
      <max value="1"/>
      <base>
        <path value="Basic.code"/>
        <min value="1"/>
        <max value="1"/>
      </base>
      <type>
        <code value="CodeableConcept"/>
      </type>
      <isModifier value="true"/>
      <binding>
        <strength value="extensible"/>
        <description value="The code for knowledge modules"/>
        <valueSetReference>
          <reference value="http://hl7.org/fhir/ValueSet/knowledge-module-code"/>
        </valueSetReference>
      </binding>
      <mapping>
        <identity value="rim"/>
        <map value="./code"/>
      </mapping>
    </element>
    <element>
      <path value="Basic.subject"/>
      <short value="Identifies the focus of this resource"/>
      <definition value="Identifies the patient, practitioner, device or any other resource that is the &quot;focus&quot; of this resoruce."/>
      <requirements value="Needed for partitioning the resource by Patient."/>
      <min value="0"/>
      <max value="1"/>
      <base>
        <path value="Basic.subject"/>
        <min value="0"/>
        <max value="1"/>
      </base>
      <type>
        <code value="Reference"/>
        <profile value="http://hl7.org/fhir/StructureDefinition/Resource"/>
      </type>
      <mapping>
        <identity value="rim"/>
        <map value="./participation[typeCode=&#39;SBJ&#39;] (possibly through a ControlAct and Role)"/>
      </mapping>
    </element>
    <element>
      <path value="Basic.author"/>
      <short value="Who created"/>
      <definition value="Indicates who was responsible for creating the resource instance."/>
      <requirements value="Needed for partitioning the resource."/>
      <min value="0"/>
      <max value="1"/>
      <base>
        <path value="Basic.author"/>
        <min value="0"/>
        <max value="1"/>
      </base>
      <type>
        <code value="Reference"/>
        <profile value="http://hl7.org/fhir/StructureDefinition/Practitioner"/>
      </type>
      <type>
        <code value="Reference"/>
        <profile value="http://hl7.org/fhir/StructureDefinition/Patient"/>
      </type>
      <type>
        <code value="Reference"/>
        <profile value="http://hl7.org/fhir/StructureDefinition/RelatedPerson"/>
      </type>
      <mapping>
        <identity value="rim"/>
        <map value="./participation[typeCode=&#39;SUB&#39;] (possibly through a ControlAct and Role)"/>
      </mapping>
    </element>
    <element>
      <path value="Basic.created"/>
      <short value="When created"/>
      <definition value="Identifies when the resource was first created."/>
      <requirements value="Allows ordering resource instances by time."/>
      <min value="0"/>
      <max value="1"/>
      <base>
        <path value="Basic.created"/>
        <min value="0"/>
        <max value="1"/>
      </base>
      <type>
        <code value="date"/>
      </type>
      <mapping>
        <identity value="rim"/>
        <map value="./participation[typeCode=&#39;AUT&#39;]/time (possibly through a ControlAct and Role)"/>
      </mapping>
    </element>
  </snapshot>
  <differential>
    <element>
      <path value="Basic"/>
      <name value="CQIF-KnowledgeModule"/>
      <short value="A description of functionality provided by a knowledge service such as a decision support service or measure evaluation service"/>
      <definition value="A knowledge module is a description of a quality improvement function made available by a knowledge evaluation service. A module may correspond directly to an artifact or group of related artifacts, or it may correspond to functionality provided by the service and not necessarily associated with any tangible knowledge artifact. The knowledge module serves as the descriptive unit for functionality supported by a knowledge service such as a decision support service, measure evaluation service, or other quality improvement service."/>
      <min value="0"/>
      <max value="*"/>
      <type>
        <code value="Basic"/>
      </type>
    </element>
    <element>
      <path value="Basic.id"/>
    </element>
    <element>
      <path value="Basic.extension"/>
      <slicing>
        <discriminator value="url"/>
        <ordered value="false"/>
        <rules value="open"/>
      </slicing>
    </element>
    <element>
      <path value="Basic.extension"/>
      <name value="version"/>
      <min value="0"/>
      <max value="1"/>
      <type>
        <code value="Extension"/>
        <profile value="http://hl7.org/fhir/StructureDefinition/basic-cqif-moduleVersion"/>
      </type>
    </element>
    <element>
      <path value="Basic.extension"/>
      <name value="title"/>
      <min value="0"/>
      <max value="1"/>
      <type>
        <code value="Extension"/>
        <profile value="http://hl7.org/fhir/StructureDefinition/basic-cqif-title"/>
      </type>
    </element>
    <element>
      <path value="Basic.extension"/>
      <name value="description"/>
      <min value="0"/>
      <max value="1"/>
      <type>
        <code value="Extension"/>
        <profile value="http://hl7.org/fhir/StructureDefinition/basic-cqif-description"/>
      </type>
    </element>
    <element>
      <path value="Basic.extension"/>
      <name value="purpose"/>
      <min value="0"/>
      <max value="1"/>
      <type>
        <code value="Extension"/>
        <profile value="http://hl7.org/fhir/StructureDefinition/basic-cqif-purpose"/>
      </type>
    </element>
    <element>
      <path value="Basic.extension"/>
      <name value="usage"/>
      <min value="0"/>
      <max value="1"/>
      <type>
        <code value="Extension"/>
        <profile value="http://hl7.org/fhir/StructureDefinition/basic-cqif-usage"/>
      </type>
    </element>
    <element>
      <path value="Basic.extension"/>
      <name value="publicationDate"/>
      <min value="0"/>
      <max value="1"/>
      <type>
        <code value="Extension"/>
        <profile value="http://hl7.org/fhir/StructureDefinition/basic-cqif-publicationDate"/>
      </type>
    </element>
    <element>
      <path value="Basic.extension"/>
      <name value="lastReviewDate"/>
      <min value="0"/>
      <max value="1"/>
      <type>
        <code value="Extension"/>
        <profile value="http://hl7.org/fhir/StructureDefinition/basic-cqif-lastReviewDate"/>
      </type>
    </element>
    <element>
      <path value="Basic.extension"/>
      <name value="effectivePeriod"/>
      <min value="0"/>
      <max value="1"/>
      <type>
        <code value="Extension"/>
        <profile value="http://hl7.org/fhir/StructureDefinition/basic-cqif-effectivePeriod"/>
      </type>
    </element>
    <element>
      <path value="Basic.extension"/>
      <name value="model"/>
      <min value="0"/>
      <max value="*"/>
      <type>
        <code value="Extension"/>
        <profile value="http://hl7.org/fhir/StructureDefinition/basic-cqif-model"/>
      </type>
    </element>
    <element>
      <path value="Basic.extension"/>
      <name value="library"/>
      <min value="0"/>
      <max value="*"/>
      <type>
        <code value="Extension"/>
        <profile value="http://hl7.org/fhir/StructureDefinition/basic-cqif-library"/>
      </type>
    </element>
    <element>
      <path value="Basic.extension"/>
      <name value="topic"/>
      <min value="0"/>
      <max value="*"/>
      <type>
        <code value="Extension"/>
        <profile value="http://hl7.org/fhir/StructureDefinition/basic-cqif-topic"/>
      </type>
    </element>
    <element>
      <path value="Basic.extension"/>
      <name value="keyword"/>
      <min value="0"/>
      <max value="*"/>
      <type>
        <code value="Extension"/>
        <profile value="http://hl7.org/fhir/StructureDefinition/basic-cqif-keyword"/>
      </type>
    </element>
    <element>
      <path value="Basic.extension"/>
      <name value="contributor"/>
      <min value="0"/>
      <max value="*"/>
      <type>
        <code value="Extension"/>
        <profile value="http://hl7.org/fhir/StructureDefinition/basic-cqif-contributor"/>
      </type>
    </element>
    <element>
      <path value="Basic.extension"/>
      <name value="publisher"/>
      <min value="0"/>
      <max value="1"/>
      <type>
        <code value="Extension"/>
        <profile value="http://hl7.org/fhir/StructureDefinition/basic-cqif-publisher"/>
      </type>
    </element>
    <element>
      <path value="Basic.extension"/>
      <name value="steward"/>
      <min value="0"/>
      <max value="1"/>
      <type>
        <code value="Extension"/>
        <profile value="http://hl7.org/fhir/StructureDefinition/basic-cqif-steward"/>
      </type>
    </element>
    <element>
      <path value="Basic.extension"/>
      <name value="rightsDeclaration"/>
      <min value="0"/>
      <max value="1"/>
      <type>
        <code value="Extension"/>
        <profile value="http://hl7.org/fhir/StructureDefinition/basic-cqif-rightsDeclaration"/>
      </type>
    </element>
    <element>
      <path value="Basic.extension"/>
      <name value="relatedResource"/>
      <min value="0"/>
      <max value="*"/>
      <type>
        <code value="Extension"/>
        <profile value="http://hl7.org/fhir/StructureDefinition/basic-cqif-relatedResource"/>
      </type>
    </element>
    <element>
      <path value="Basic.extension"/>
      <name value="parameter"/>
      <min value="0"/>
      <max value="*"/>
      <type>
        <code value="Extension"/>
        <profile value="http://hl7.org/fhir/StructureDefinition/basic-cqif-parameter"/>
      </type>
    </element>
    <element>
      <path value="Basic.extension"/>
      <name value="data"/>
      <min value="0"/>
      <max value="*"/>
      <type>
        <code value="Extension"/>
        <profile value="http://hl7.org/fhir/StructureDefinition/basic-cqif-data"/>
      </type>
    </element>
    <element>
      <path value="Basic.modifierExtension"/>
      <slicing>
        <discriminator value="url"/>
        <ordered value="false"/>
        <rules value="open"/>
      </slicing>
    </element>
    <element>
      <path value="Basic.modifierExtension"/>
      <name value="status"/>
      <min value="1"/>
      <max value="1"/>
      <type>
        <code value="Extension"/>
        <profile value="http://hl7.org/fhir/StructureDefinition/basic-cqif-moduleStatus"/>
      </type>
      <isModifier value="true"/>
    </element>
    <element>
      <path value="Basic.modifierExtension"/>
      <name value="evaluationSupported"/>
      <min value="1"/>
      <max value="1"/>
      <type>
        <code value="Extension"/>
        <profile value="http://hl7.org/fhir/StructureDefinition/basic-cqif-evaluationSupported"/>
      </type>
      <isModifier value="true"/>
    </element>
    <element>
      <path value="Basic.identifier"/>
      <definition value="A logical identifier for the knowledge module."/>
      <min value="0"/>
      <max value="*"/>
    </element>
    <element>
      <path value="Basic.code"/>
      <binding>
        <strength value="extensible"/>
        <description value="The code for knowledge modules"/>
        <valueSetReference>
          <reference value="http://hl7.org/fhir/ValueSet/knowledge-module-code"/>
        </valueSetReference>
      </binding>
    </element>
  </differential>
</StructureDefinition>