<?xml version="1.0" encoding="UTF-8"?>

<StructureDefinition xmlns="http://hl7.org/fhir">
  <id value="knowledgerequest-cqif-cqif-knowledgerequest"/>
  <text>
    <status value="generated"/>
    <div xmlns="http://www.w3.org/1999/xhtml">to do</div>
  </text>
  <url value="http://hl7.org/fhir/StructureDefinition/knowledgerequest-cqif-cqif-knowledgerequest"/>
  <name value="CQIF-KnowledgeRequest"/>
  <publisher value="Health Level Seven, Inc. - CDS WG"/>
  <contact>
    <telecom>
      <system value="other"/>
      <value value="http://hl7.org/special/committees/dss"/>
    </telecom>
  </contact>
  <description value="A request to evaluate an artifact or group of artifacts."/>
  <status value="draft"/>
  <date value="2015-05-30"/>
  <kind value="resource"/>
  <constrainedType value="Basic"/>
  <abstract value="false"/>
  <base value="http://hl7.org/fhir/StructureDefinition/Basic"/>
  <snapshot>
    <element>
      <path value="Basic"/>
      <name value="CQIF-KnowledgeRequest"/>
      <short value="A request to evaluate an artifact or group of artifacts."/>
      <definition value="A knowledge request is a formal request for the evaluation of some artifact or group of artifacts as part of a clinical quality workflow. This may be part of a direct, point-of-care, workflow, such as a decision support request, or it may be part of a clinical quality assessment such as a request to calculate a particular quality measure."/>
      <requirements value="Need some way to safely (without breaking interoperability) allow implementers to exchange content not supported by the initial set of declared resources."/>
      <alias value="Z-resource"/>
      <alias value="Extension-resource"/>
      <alias value="Custom-resource"/>
      <min value="0"/>
      <max value="*"/>
      <base>
        <path value="Basic"/>
        <min value="0"/>
        <max value="*"/>
      </base>
      <type>
        <code value="Basic"/>
      </type>
      <mapping>
        <identity value="rim"/>
        <map value="Act, Entity or Role"/>
      </mapping>
    </element>
    <element>
      <path value="Basic.id"/>
      <short value="The id of the request"/>
      <definition value="The id of the request. If this id if provided by the client, the server must provide this value back to the client as part of the response."/>
      <min value="0"/>
      <max value="1"/>
      <base>
        <path value="Basic.id"/>
        <min value="0"/>
        <max value="1"/>
      </base>
      <type>
        <code value="id"/>
      </type>
    </element>
    <element>
      <path value="Basic.meta"/>
      <short value="Metadata about the resource"/>
      <definition value="The metadata about the resource. This is content that is maintained by the infrastructure. Changes to the content may not always be associated with version changes to the resource."/>
      <min value="0"/>
      <max value="1"/>
      <base>
        <path value="Basic.meta"/>
        <min value="0"/>
        <max value="1"/>
      </base>
      <type>
        <code value="Meta"/>
      </type>
    </element>
    <element>
      <path value="Basic.implicitRules"/>
      <short value="A set of rules under which this content was created"/>
      <definition value="A reference to a set of rules that were followed when the resource was constructed, and which must be understood when processing the content."/>
      <min value="0"/>
      <max value="1"/>
      <base>
        <path value="Basic.implicitRules"/>
        <min value="0"/>
        <max value="1"/>
      </base>
      <type>
        <code value="uri"/>
      </type>
      <isModifier value="true"/>
    </element>
    <element>
      <path value="Basic.language"/>
      <short value="Language of the resource content"/>
      <definition value="The base language in which the resource is written."/>
      <min value="0"/>
      <max value="1"/>
      <base>
        <path value="Basic.language"/>
        <min value="0"/>
        <max value="1"/>
      </base>
      <type>
        <code value="code"/>
      </type>
      <binding>
        <strength value="required"/>
        <description value="A human language"/>
        <valueSetUri value="http://tools.ietf.org/html/bcp47"/>
      </binding>
    </element>
    <element>
      <path value="Basic.text"/>
      <short value="Text summary of the resource, for human interpretation"/>
      <definition value="A human-readable narrative that contains a summary of the resource, and may be used to represent the content of the resource to a human. The narrative need not encode all the structured data, but is required to contain sufficient detail to make it &quot;clinically safe&quot; for a human to just read the narrative. Resource definitions may define what content should be represented in the narrative to ensure clinical safety."/>
      <alias value="narrative"/>
      <alias value="html"/>
      <alias value="xhtml"/>
      <alias value="display"/>
      <min value="0"/>
      <max value="1"/>
      <base>
        <path value="Basic.text"/>
        <min value="0"/>
        <max value="1"/>
      </base>
      <type>
        <code value="Narrative"/>
      </type>
      <condition value="dom-1"/>
      <mapping>
        <identity value="rim"/>
        <map value="Act.text?"/>
      </mapping>
    </element>
    <element>
      <path value="Basic.contained"/>
      <short value="Contained, inline Resources"/>
      <definition value="These resources do not have an independent existence apart from the resource that contains them - they cannot be identified independently, and nor can they have their own independent transaction scope."/>
      <alias value="inline resources"/>
      <alias value="anonymous resources"/>
      <alias value="contained resources"/>
      <min value="0"/>
      <max value="*"/>
      <base>
        <path value="Basic.contained"/>
        <min value="0"/>
        <max value="*"/>
      </base>
      <type>
        <code value="Resource"/>
      </type>
      <mapping>
        <identity value="rim"/>
        <map value="N/A"/>
      </mapping>
    </element>
    <element>
      <path value="Basic.extension"/>
      <slicing>
        <discriminator value="url"/>
        <ordered value="false"/>
        <rules value="open"/>
      </slicing>
      <short value="Extension"/>
      <definition value="An Extension"/>
      <min value="0"/>
      <max value="*"/>
      <base>
        <path value="Basic.extension"/>
        <min value="0"/>
        <max value="*"/>
      </base>
      <type>
        <code value="Extension"/>
      </type>
    </element>
    <element>
      <path value="Basic.extension"/>
      <name value="requestDateTime"/>
      <short value="Extension"/>
      <definition value="An Extension"/>
      <min value="0"/>
      <max value="1"/>
      <base>
        <path value="Basic.extension"/>
        <min value="0"/>
        <max value="*"/>
      </base>
      <type>
        <code value="Extension"/>
        <profile value="http://hl7.org/fhir/StructureDefinition/basic-cqif-requestDateTime"/>
      </type>
    </element>
    <element>
      <path value="Basic.extension"/>
      <name value="evaluateAtDateTime"/>
      <short value="Extension"/>
      <definition value="An Extension"/>
      <min value="0"/>
      <max value="1"/>
      <base>
        <path value="Basic.extension"/>
        <min value="0"/>
        <max value="*"/>
      </base>
      <type>
        <code value="Extension"/>
        <profile value="http://hl7.org/fhir/StructureDefinition/basic-cqif-evaluateAtDateTime"/>
      </type>
    </element>
    <element>
      <path value="Basic.extension"/>
      <name value="inputParameters"/>
      <short value="Extension"/>
      <definition value="An Extension"/>
      <min value="0"/>
      <max value="1"/>
      <base>
        <path value="Basic.extension"/>
        <min value="0"/>
        <max value="*"/>
      </base>
      <type>
        <code value="Extension"/>
        <profile value="http://hl7.org/fhir/StructureDefinition/basic-cqif-inputParameters"/>
      </type>
    </element>
    <element>
      <path value="Basic.modifierExtension"/>
      <slicing>
        <discriminator value="url"/>
        <ordered value="false"/>
        <rules value="open"/>
      </slicing>
      <short value="Extension"/>
      <definition value="An Extension"/>
      <min value="0"/>
      <max value="*"/>
      <base>
        <path value="Basic.modifierExtension"/>
        <min value="0"/>
        <max value="*"/>
      </base>
      <type>
        <code value="Extension"/>
      </type>
    </element>
    <element>
      <path value="Basic.modifierExtension"/>
      <name value="module"/>
      <short value="Extension"/>
      <definition value="An Extension"/>
      <min value="1"/>
      <max value="1"/>
      <base>
        <path value="Basic.modifierExtension"/>
        <min value="0"/>
        <max value="*"/>
      </base>
      <type>
        <code value="Extension"/>
        <profile value="http://hl7.org/fhir/StructureDefinition/basic-cqif-module"/>
      </type>
      <isModifier value="true"/>
    </element>
    <element>
      <path value="Basic.identifier"/>
      <short value="Business identifier"/>
      <definition value="Identifier assigned to the resource for business purposes, outside the context of FHIR."/>
      <min value="0"/>
      <max value="*"/>
      <base>
        <path value="Basic.identifier"/>
        <min value="0"/>
        <max value="*"/>
      </base>
      <type>
        <code value="Identifier"/>
      </type>
      <mapping>
        <identity value="rim"/>
        <map value="./identifier"/>
      </mapping>
    </element>
    <element>
      <path value="Basic.code"/>
      <short value="Kind of Resource"/>
      <definition value="Identifies the &#39;type&#39; of resource - equivalent to the resource name for other resources."/>
      <requirements value="Must be able to distinguish different types of &quot;basic&quot; resources."/>
      <min value="1"/>
      <max value="1"/>
      <base>
        <path value="Basic.code"/>
        <min value="1"/>
        <max value="1"/>
      </base>
      <type>
        <code value="CodeableConcept"/>
      </type>
      <isModifier value="true"/>
      <binding>
        <strength value="required"/>
        <description value="The code for knowledge requests"/>
        <valueSetReference>
          <reference value="http://hl7.org/fhir/ValueSet/knowledge-request-code"/>
        </valueSetReference>
      </binding>
      <mapping>
        <identity value="rim"/>
        <map value="./code"/>
      </mapping>
    </element>
    <element>
      <path value="Basic.subject"/>
      <short value="Identifies the focus of this resource"/>
      <definition value="Identifies the patient, practitioner, device or any other resource that is the &quot;focus&quot; of this resoruce."/>
      <requirements value="Needed for partitioning the resource by Patient."/>
      <min value="0"/>
      <max value="1"/>
      <base>
        <path value="Basic.subject"/>
        <min value="0"/>
        <max value="1"/>
      </base>
      <type>
        <code value="Reference"/>
        <profile value="http://hl7.org/fhir/StructureDefinition/Resource"/>
      </type>
      <mapping>
        <identity value="rim"/>
        <map value="./participation[typeCode=&#39;SBJ&#39;] (possibly through a ControlAct and Role)"/>
      </mapping>
    </element>
    <element>
      <path value="Basic.author"/>
      <short value="Who created"/>
      <definition value="Indicates who was responsible for creating the resource instance."/>
      <requirements value="Needed for partitioning the resource."/>
      <min value="0"/>
      <max value="1"/>
      <base>
        <path value="Basic.author"/>
        <min value="0"/>
        <max value="1"/>
      </base>
      <type>
        <code value="Reference"/>
        <profile value="http://hl7.org/fhir/StructureDefinition/Practitioner"/>
      </type>
      <type>
        <code value="Reference"/>
        <profile value="http://hl7.org/fhir/StructureDefinition/Patient"/>
      </type>
      <type>
        <code value="Reference"/>
        <profile value="http://hl7.org/fhir/StructureDefinition/RelatedPerson"/>
      </type>
      <mapping>
        <identity value="rim"/>
        <map value="./participation[typeCode=&#39;SUB&#39;] (possibly through a ControlAct and Role)"/>
      </mapping>
    </element>
    <element>
      <path value="Basic.created"/>
      <short value="When created"/>
      <definition value="Identifies when the resource was first created."/>
      <requirements value="Allows ordering resource instances by time."/>
      <min value="0"/>
      <max value="1"/>
      <base>
        <path value="Basic.created"/>
        <min value="0"/>
        <max value="1"/>
      </base>
      <type>
        <code value="date"/>
      </type>
      <mapping>
        <identity value="rim"/>
        <map value="./participation[typeCode=&#39;AUT&#39;]/time (possibly through a ControlAct and Role)"/>
      </mapping>
    </element>
  </snapshot>
  <differential>
    <element>
      <path value="Basic"/>
      <name value="CQIF-KnowledgeRequest"/>
      <short value="A request to evaluate an artifact or group of artifacts."/>
      <definition value="A knowledge request is a formal request for the evaluation of some artifact or group of artifacts as part of a clinical quality workflow. This may be part of a direct, point-of-care, workflow, such as a decision support request, or it may be part of a clinical quality assessment such as a request to calculate a particular quality measure."/>
      <min value="0"/>
      <max value="*"/>
      <type>
        <code value="Basic"/>
      </type>
    </element>
    <element>
      <path value="Basic.id"/>
      <short value="The id of the request"/>
      <definition value="The id of the request. If this id if provided by the client, the server must provide this value back to the client as part of the response."/>
    </element>
    <element>
      <path value="Basic.extension"/>
      <slicing>
        <discriminator value="url"/>
        <ordered value="false"/>
        <rules value="open"/>
      </slicing>
    </element>
    <element>
      <path value="Basic.extension"/>
      <name value="requestDateTime"/>
      <min value="0"/>
      <max value="1"/>
      <type>
        <code value="Extension"/>
        <profile value="http://hl7.org/fhir/StructureDefinition/basic-cqif-requestDateTime"/>
      </type>
    </element>
    <element>
      <path value="Basic.extension"/>
      <name value="evaluateAtDateTime"/>
      <min value="0"/>
      <max value="1"/>
      <type>
        <code value="Extension"/>
        <profile value="http://hl7.org/fhir/StructureDefinition/basic-cqif-evaluateAtDateTime"/>
      </type>
    </element>
    <element>
      <path value="Basic.extension"/>
      <name value="inputParameters"/>
      <min value="0"/>
      <max value="1"/>
      <type>
        <code value="Extension"/>
        <profile value="http://hl7.org/fhir/StructureDefinition/basic-cqif-inputParameters"/>
      </type>
    </element>
    <element>
      <path value="Basic.modifierExtension"/>
      <slicing>
        <discriminator value="url"/>
        <ordered value="false"/>
        <rules value="open"/>
      </slicing>
    </element>
    <element>
      <path value="Basic.modifierExtension"/>
      <name value="module"/>
      <min value="1"/>
      <max value="1"/>
      <type>
        <code value="Extension"/>
        <profile value="http://hl7.org/fhir/StructureDefinition/basic-cqif-module"/>
      </type>
      <isModifier value="true"/>
    </element>
    <element>
      <path value="Basic.code"/>
      <binding>
        <strength value="required"/>
        <description value="The code for knowledge requests"/>
        <valueSetReference>
          <reference value="http://hl7.org/fhir/ValueSet/knowledge-request-code"/>
        </valueSetReference>
      </binding>
    </element>
  </differential>
</StructureDefinition>