<?xml version="1.0" encoding="UTF-8"?><MedicationDispense xmlns="http://hl7.org/fhir">
  <id value="meddisp003"/>
  <text><status value="generated"/><div xmlns="http://www.w3.org/1999/xhtml"><p><b>Generated Narrative with Details</b></p><p><b>id</b>: meddisp003</p><p><b>status</b>: completed</p><p><b>patient</b>: <a>Patient/example</a></p><p><b>dispenser</b>: <a>Practitioner/example</a></p><p><b>authorizingPrescription</b>: <a>MedicationPrescription/medicationprescriptionexample5</a></p><p><b>type</b>: First Fill <span>(Details : {http:hl7.org/fhir code &#39;FF&#39; = &#39;FF&#39;, given as &#39;First Fill&#39;})</span></p><p><b>quantity</b>: 1 CAP<span> (Details: http://hl7.org/fhir/v3/orderableDrugForm code CAP = &#39;Capsule&#39;)</span></p><p><b>daysSupply</b>: 10 Day<span> (Details: http://unitsofmeasure.org code D = &#39;D&#39;)</span></p><p><b>medication</b>: <a>prescribed medication</a></p><p><b>whenPrepared</b>: Jan 15, 2015 11:20:00 AM</p><p><b>whenHandedOver</b>: Jan 15, 2015 5:20:00 AM</p><blockquote><p><b>dosageInstruction</b></p><p><b>additionalInstructions</b>: With or after food <span>(Details : {SNOMED CT code &#39;311504000&#39; = &#39;With or after food (qualifier value)&#39;, given as &#39;With or after food&#39;})</span></p><p><b>schedule</b>: Do Once per 1 days</p><p><b>site</b>: Entire oral cavity <span>(Details : {SNOMED CT code &#39;181220002&#39; = &#39;Mouth&#39;, given as &#39;Entire oral cavity&#39;})</span></p><p><b>route</b>: Oral Route <span>(Details : {SNOMED CT code &#39;26643006&#39; = &#39;Oral route (qualifier value)&#39;, given as &#39;Oral Route&#39;})</span></p><p><b>dose</b>: 2 CAP<span> (Details: http://hl7.org/fhir/v3/orderableDrugForm code CAP = &#39;Capsule&#39;)</span></p></blockquote><blockquote><p><b>dosageInstruction</b></p><p><b>additionalInstructions</b>: With or after food <span>(Details : {SNOMED CT code &#39;311504000&#39; = &#39;With or after food (qualifier value)&#39;, given as &#39;With or after food&#39;})</span></p><p><b>schedule</b>: Do 3 per 1 days</p><p><b>site</b>: Entire oral cavity <span>(Details : {SNOMED CT code &#39;181220002&#39; = &#39;Mouth&#39;, given as &#39;Entire oral cavity&#39;})</span></p><p><b>route</b>: Oral Route <span>(Details : {SNOMED CT code &#39;26643006&#39; = &#39;Oral route (qualifier value)&#39;, given as &#39;Oral Route&#39;})</span></p><p><b>dose</b>: 1 CAP<span> (Details: http://hl7.org/fhir/v3/orderableDrugForm code CAP = &#39;Capsule&#39;)</span></p></blockquote></div></text><status value="completed"/>
  <patient>
    <reference value="Patient/example"/>
  </patient>
  <dispenser>
    <reference value="Practitioner/example"/>
  </dispenser>
  <authorizingPrescription>
    <reference value="MedicationPrescription/medicationprescriptionexample5"/>
  </authorizingPrescription>
<type>
  <coding>
    <system value="http:hl7.org/fhir"/>
    <code value="FF"/>
    <display value="First Fill"/>
  </coding>
</type>
  <quantity>
    <value value="1"/>
    <system value="http://hl7.org/fhir/v3/orderableDrugForm"/>
    <code value="CAP"/>
  </quantity>
<daysSupply>
  <value value="10"/>
  <units value="Day"/>
  <system value="http://unitsofmeasure.org"/>
  <code value="D"/>   
</daysSupply>
  <medicationReference> <!--   Linked to a RESOURCE Medication   -->
    <reference value="Medication/MedicationExample6"/>
    <display value="prescribed medication"/>
  </medicationReference> 
  <whenPrepared value="2015-01-15T16:20:00Z"/>
  <whenHandedOver value="2015-01-15T10:20:00Z"/>
  <dosageInstruction>
    <additionalInstructions>
      <coding>
        <system value="http://snomed.info/sct"/>
        <code value="311504000"/>
        <display value="With or after food"/>
      </coding>
    </additionalInstructions>
    <scheduleTiming>
      <repeat>
        <frequency value="1"/>
        <period value="1"/>
        <periodUnits value="d"/>
      </repeat>
    </scheduleTiming>
    <site>
      <coding>
        <system value="http://snomed.info/sct"/>
        <code value="181220002"/>
        <display value="Entire oral cavity"/>
      </coding>
    </site>
    <route>
      <coding>
        <system value="http://snomed.info/sct"/>
        <code value="26643006"/>
        <display value="Oral Route"/>
      </coding>
    </route>
    <doseQuantity>
      <value value="2"/>
      <system value="http://hl7.org/fhir/v3/orderableDrugForm"/>
      <code value="CAP"/>
    </doseQuantity>
  </dosageInstruction>   
  <dosageInstruction>
    <additionalInstructions>
      <coding>
        <system value="http://snomed.info/sct"/>
        <code value="311504000"/>
        <display value="With or after food"/>
      </coding>
    </additionalInstructions>
    <scheduleTiming>
      <repeat>
        <frequency value="3"/>
        <period value="1"/>
        <periodUnits value="d"/>
      </repeat>
    </scheduleTiming>
    <site>
      <coding>
        <system value="http://snomed.info/sct"/>
        <code value="181220002"/>
        <display value="Entire oral cavity"/>
      </coding>
    </site>
    <route>
      <coding>
        <system value="http://snomed.info/sct"/>
        <code value="26643006"/>
        <display value="Oral Route"/>
      </coding>
    </route>
    <doseQuantity>
      <value value="1"/>
      <system value="http://hl7.org/fhir/v3/orderableDrugForm"/>
      <code value="CAP"/>
    </doseQuantity>
  </dosageInstruction>  
</MedicationDispense>