<?xml version="1.0" encoding="UTF-8"?><MedicationPrescription xmlns="http://hl7.org/fhir">
  <id value="f003"/>
    <text><status value="generated"/><div xmlns="http://www.w3.org/1999/xhtml"><p><b>Generated Narrative with Details</b></p><p><b>id</b>: f003</p><p><b>identifier</b>: order9845343 (OFFICIAL)</p><p><b>dateWritten</b>: May 1, 2011</p><p><b>status</b>: active</p><p><b>patient</b>: <a>P. van den Heuvel</a></p><p><b>prescriber</b>: <a>S.M. Heps</a></p><p><b>encounter</b>: <a>encounter who leads to this priscription</a></p><p><b>reason</b>: High glucose level in blood <span>(Details : {SNOMED CT code &#39;444780001&#39; = &#39;High glucose level in blood&#39;, given as &#39;High glucose level in blood&#39;})</span></p><p><b>medication</b>: <a>prescribed medication</a></p><h3>DosageInstructions</h3><table><tr><td>-</td><td><b>Scheduled[x]</b></td><td><b>Site</b></td><td><b>Route</b></td><td><b>Dose[x]</b></td></tr><tr><td>*</td><td>Starting May 1, 2011, Do 3 per 1 days</td><td>Entire oral cavity <span>(Details : {SNOMED CT code &#39;181220002&#39; = &#39;Mouth&#39;, given as &#39;Entire oral cavity&#39;})</span></td><td>Administration of drug or medicament via oral route <span>(Details : {SNOMED CT code &#39;386359008&#39; = &#39;Medication administration: oral&#39;, given as &#39;Administration of drug or medicament via oral route&#39;})</span></td><td>500 mg<span> (Details: http://unitsofmeasure.org code mg = &#39;mg&#39;)</span></td></tr></table><h3>Dispenses</h3><table><tr><td>-</td><td><b>ValidityPeriod</b></td><td><b>Quantity</b></td></tr><tr><td>*</td><td>May 1, 2011 --&gt; (ongoing)</td><td>90 46992007<span> (Details: SNOMED CT code 46992007 = &#39;Pill (qualifier value)&#39;)</span></td></tr></table></div></text><identifier>
        <use value="official"/>
        <system value="http://www.bmc.nl/portal/prescriptions"/>
        <value value="order9845343"/>
    </identifier>
    <dateWritten value="2011-05-01"/>
    <status value="active"/>
    <patient> <!--   Linked to the resource patient who needs the medication   -->
        <reference value="Patient/f001"/>
        <display value="P. van den Heuvel"/>         
    </patient>
    <prescriber> <!--   Linked to the practitioner who treats patient   -->
        <reference value="Practitioner/f007"/>
        <display value="S.M. Heps"/>
    </prescriber>
    <encounter> <!--   Linked to a resource Encounter between patient and practitioner  -->
        <reference value="Encounter/f002"/>
        <display value="encounter who leads to this priscription"/>
    </encounter>
    <reasonCodeableConcept>
        <coding>
            <system value="http://snomed.info/sct"/>
            <code value="444780001"/>
            <display value="High glucose level in blood"/>
        </coding>
    </reasonCodeableConcept>
    <medicationReference> <!--   Linked to a RESOURCE Medication   -->
        <reference value="Medication/f003"/>
        <display value="prescribed medication"/>
    </medicationReference> 
    <dosageInstruction>
        <scheduledTiming>
            <repeat>
                <boundsPeriod>
                    <start value="2011-05-01"/>
                </boundsPeriod>
                <frequency value="3"/>
                <period value="1"/>
                <periodUnits value="d"/>
            </repeat>
        </scheduledTiming>
        <site>
            <coding>
                <system value="http://snomed.info/sct"/>
                <code value="181220002"/>
                <display value="Entire oral cavity"/>
            </coding>
        </site>
        <route>
            <coding>
                <system value="http://snomed.info/sct"/>
                <code value="386359008"/>
                <display value="Administration of drug or medicament via oral route"/>
            </coding>
        </route>
        <doseQuantity>
            <value value="500"/>
            <units value="mg"/>
            <system value="http://unitsofmeasure.org"/>
            <code value="mg"/>
        </doseQuantity>
    </dosageInstruction>         
    <dispense>
        <validityPeriod>
            <start value="2011-05-01"/>
        </validityPeriod>
        <quantity>
            <value value="90"/>
            <system value="http://snomed.info/sct"/> 
            <code value="46992007"/>
        </quantity>
    </dispense>   
</MedicationPrescription>