<?xml version="1.0" encoding="UTF-8"?>

<StructureDefinition xmlns="http://hl7.org/fhir">
  <id value="medicationprescription-qicore-qicore-medicationprescription"/>
  <text>
    <status value="generated"/>
    <div xmlns="http://www.w3.org/1999/xhtml">to do</div>
  </text>
  <url value="http://hl7.org/fhir/StructureDefinition/medicationprescription-qicore-qicore-medicationprescription"/>
  <name value="QICore-MedicationPrescription"/>
  <publisher value="Health Level Seven International (Clinical Quality Information - QI-Core)"/>
  <contact>
    <telecom>
      <system value="other"/>
      <value value="http://hl7.org/special/committees/CQI"/>
    </telecom>
  </contact>
  <description value="Profile of MedicationPrescription for decision support/quality metrics. Defines the core set of elements and extensions for quality rule and measure authors."/>
  <status value="draft"/>
  <date value="2015-02-27"/>
  <kind value="resource"/>
  <constrainedType value="MedicationPrescription"/>
  <abstract value="false"/>
  <base value="http://hl7.org/fhir/StructureDefinition/MedicationPrescription"/>
  <snapshot>
    <element>
      <path value="MedicationPrescription"/>
      <name value="QICore-MedicationPrescription"/>
      <short value="Prescription of medication to for patient"/>
      <definition value="Profile of medication prescription, indicating which elements must be supported in rule and measure interpreters."/>
      <min value="0"/>
      <max value="*"/>
      <base>
        <path value="MedicationPrescription"/>
        <min value="0"/>
        <max value="*"/>
      </base>
      <type>
        <code value="MedicationPrescription"/>
      </type>
      <mapping>
        <identity value="rim"/>
        <map value="CombinedMedicationRequest"/>
      </mapping>
    </element>
    <element>
      <path value="MedicationPrescription.id"/>
      <short value="Logical id of this artifact"/>
      <definition value="The logical id of the resource, as used in the url for the resource. Once assigned, this value never changes."/>
      <min value="0"/>
      <max value="1"/>
      <base>
        <path value="MedicationPrescription.id"/>
        <min value="0"/>
        <max value="1"/>
      </base>
      <type>
        <code value="id"/>
      </type>
    </element>
    <element>
      <path value="MedicationPrescription.meta"/>
      <short value="Metadata about the resource"/>
      <definition value="The metadata about the resource. This is content that is maintained by the infrastructure. Changes to the content may not always be associated with version changes to the resource."/>
      <min value="0"/>
      <max value="1"/>
      <base>
        <path value="MedicationPrescription.meta"/>
        <min value="0"/>
        <max value="1"/>
      </base>
      <type>
        <code value="Meta"/>
      </type>
    </element>
    <element>
      <path value="MedicationPrescription.implicitRules"/>
      <short value="A set of rules under which this content was created"/>
      <definition value="A reference to a set of rules that were followed when the resource was constructed, and which must be understood when processing the content."/>
      <min value="0"/>
      <max value="1"/>
      <base>
        <path value="MedicationPrescription.implicitRules"/>
        <min value="0"/>
        <max value="1"/>
      </base>
      <type>
        <code value="uri"/>
      </type>
      <isModifier value="true"/>
    </element>
    <element>
      <path value="MedicationPrescription.language"/>
      <short value="Language of the resource content"/>
      <definition value="The base language in which the resource is written."/>
      <min value="0"/>
      <max value="1"/>
      <base>
        <path value="MedicationPrescription.language"/>
        <min value="0"/>
        <max value="1"/>
      </base>
      <type>
        <code value="code"/>
      </type>
      <binding>
        <strength value="required"/>
        <description value="A human language"/>
        <valueSetUri value="http://tools.ietf.org/html/bcp47"/>
      </binding>
    </element>
    <element>
      <path value="MedicationPrescription.text"/>
      <short value="Text summary of the resource, for human interpretation"/>
      <definition value="A human-readable narrative that contains a summary of the resource, and may be used to represent the content of the resource to a human. The narrative need not encode all the structured data, but is required to contain sufficient detail to make it &quot;clinically safe&quot; for a human to just read the narrative. Resource definitions may define what content should be represented in the narrative to ensure clinical safety."/>
      <alias value="narrative"/>
      <alias value="html"/>
      <alias value="xhtml"/>
      <alias value="display"/>
      <min value="0"/>
      <max value="1"/>
      <base>
        <path value="MedicationPrescription.text"/>
        <min value="0"/>
        <max value="1"/>
      </base>
      <type>
        <code value="Narrative"/>
      </type>
      <condition value="dom-1"/>
      <mapping>
        <identity value="rim"/>
        <map value="Act.text?"/>
      </mapping>
    </element>
    <element>
      <path value="MedicationPrescription.contained"/>
      <short value="Contained, inline Resources"/>
      <definition value="These resources do not have an independent existence apart from the resource that contains them - they cannot be identified independently, and nor can they have their own independent transaction scope."/>
      <alias value="inline resources"/>
      <alias value="anonymous resources"/>
      <alias value="contained resources"/>
      <min value="0"/>
      <max value="*"/>
      <base>
        <path value="MedicationPrescription.contained"/>
        <min value="0"/>
        <max value="*"/>
      </base>
      <type>
        <code value="Resource"/>
      </type>
      <mapping>
        <identity value="rim"/>
        <map value="N/A"/>
      </mapping>
    </element>
    <element>
      <path value="MedicationPrescription.extension"/>
      <short value="Additional Content defined by implementations"/>
      <definition value="May be used to represent additional information that is not part of the basic definition of the resource. In order to make the use of extensions safe and manageable, there is a strict set of governance  applied to the definition and use of extensions. Though any implementer is allowed to define an extension, there is a set of requirements that SHALL be met as part of the definition of the extension."/>
      <alias value="extensions"/>
      <alias value="user content"/>
      <min value="0"/>
      <max value="*"/>
      <base>
        <path value="MedicationPrescription.extension"/>
        <min value="0"/>
        <max value="*"/>
      </base>
      <type>
        <code value="Extension"/>
      </type>
      <mapping>
        <identity value="rim"/>
        <map value="N/A"/>
      </mapping>
    </element>
    <element>
      <path value="MedicationPrescription.modifierExtension"/>
      <short value="Extensions that cannot be ignored"/>
      <definition value="May be used to represent additional information that is not part of the basic definition of the resource, and that modifies the understanding of the element that contains it. Usually modifier elements provide negation or qualification. In order to make the use of extensions safe and manageable, there is a strict set of governance applied to the definition and use of extensions. Though any implementer is allowed to define an extension, there is a set of requirements that SHALL be met as part of the definition of the extension. Applications processing a resource are required to check for modifier extensions."/>
      <alias value="extensions"/>
      <alias value="user content"/>
      <min value="0"/>
      <max value="*"/>
      <base>
        <path value="MedicationPrescription.modifierExtension"/>
        <min value="0"/>
        <max value="*"/>
      </base>
      <type>
        <code value="Extension"/>
      </type>
      <isModifier value="true"/>
      <mapping>
        <identity value="rim"/>
        <map value="N/A"/>
      </mapping>
    </element>
    <element>
      <path value="MedicationPrescription.identifier"/>
      <short value="External identifier"/>
      <definition value="External identifier - one that would be used by another non-FHIR system - for example a re-imbursement system might issue its own id for each prescription that is created.  This is particularly important where FHIR only provides part of an erntire workflow process where records have to be tracked through an entire system."/>
      <min value="0"/>
      <max value="*"/>
      <base>
        <path value="MedicationPrescription.identifier"/>
        <min value="0"/>
        <max value="*"/>
      </base>
      <type>
        <code value="Identifier"/>
      </type>
      <mapping>
        <identity value="v2"/>
        <map value="ORC-2-Placer Order Number / ORC-3-Filler Order Number"/>
      </mapping>
      <mapping>
        <identity value="rim"/>
        <map value="id"/>
      </mapping>
    </element>
    <element>
      <path value="MedicationPrescription.dateWritten"/>
      <short value="When prescription was authorized"/>
      <definition value="The date (and perhaps time) when the prescription was written."/>
      <min value="0"/>
      <max value="1"/>
      <base>
        <path value="MedicationPrescription.dateWritten"/>
        <min value="0"/>
        <max value="1"/>
      </base>
      <type>
        <code value="dateTime"/>
      </type>
      <mustSupport value="true"/>
      <mapping>
        <identity value="v2"/>
        <map value="RXE-32-Original Order Date/Time / ORC-9-Date/Time of Transaction"/>
      </mapping>
      <mapping>
        <identity value="rim"/>
        <map value="author.time"/>
      </mapping>
    </element>
    <element>
      <path value="MedicationPrescription.status"/>
      <short value="active | on-hold | completed | entered-in-error | stopped | superseded | draft"/>
      <definition value="A code specifying the state of the order.  Generally this will be active or completed state."/>
      <min value="0"/>
      <max value="1"/>
      <base>
        <path value="MedicationPrescription.status"/>
        <min value="0"/>
        <max value="1"/>
      </base>
      <type>
        <code value="code"/>
      </type>
      <mustSupport value="true"/>
      <isModifier value="true"/>
      <binding>
        <strength value="required"/>
        <description value="A code specifying the state of the prescribing event. Describes the lifecycle of the prescription."/>
        <valueSetReference>
          <reference value="http://hl7.org/fhir/ValueSet/medication-prescription-status"/>
        </valueSetReference>
      </binding>
      <mapping>
        <identity value="rim"/>
        <map value="statusCode"/>
      </mapping>
    </element>
    <element>
      <path value="MedicationPrescription.patient"/>
      <short value="Who prescription is for"/>
      <definition value="A link to a resource representing the person to whom the medication will be given."/>
      <min value="0"/>
      <max value="1"/>
      <base>
        <path value="MedicationPrescription.patient"/>
        <min value="0"/>
        <max value="1"/>
      </base>
      <type>
        <code value="Reference"/>
        <profile value="http://hl7.org/fhir/StructureDefinition/patient-qicore-qicore-patient"/>
      </type>
      <mustSupport value="true"/>
      <mapping>
        <identity value="v2"/>
        <map value="PID-3-Patient ID List"/>
      </mapping>
      <mapping>
        <identity value="rim"/>
        <map value="subject.role"/>
      </mapping>
    </element>
    <element>
      <path value="MedicationPrescription.prescriber"/>
      <short value="Who ordered the medication(s)"/>
      <definition value="The healthcare professional responsible for authorizing the prescription."/>
      <min value="0"/>
      <max value="1"/>
      <base>
        <path value="MedicationPrescription.prescriber"/>
        <min value="0"/>
        <max value="1"/>
      </base>
      <type>
        <code value="Reference"/>
        <profile value="http://hl7.org/fhir/StructureDefinition/practitioner-qicore-qicore-practitioner"/>
      </type>
      <mapping>
        <identity value="v2"/>
        <map value="RXE-13-Ordering Provider&#39;s DEA Number / RXO-14-Ordering Provider&#39;s DEA Number / RXE-14-Pharmacist/Treatment Supplier&#39;s Verifier ID / RXO-15-Pharmacist/Treatment Supplier&#39;s Verifier ID / ORC-12-Ordering Provider / PRT-5-Participation Person: PRT-4-Participation=&#39;OP&#39; (all but last deprecated)"/>
      </mapping>
      <mapping>
        <identity value="rim"/>
        <map value="author.role"/>
      </mapping>
    </element>
    <element>
      <path value="MedicationPrescription.encounter"/>
      <short value="Created during encounter / admission / stay"/>
      <definition value="A link to a resource that identifies the particular occurrence of contact between patient and health care provider."/>
      <min value="0"/>
      <max value="1"/>
      <base>
        <path value="MedicationPrescription.encounter"/>
        <min value="0"/>
        <max value="1"/>
      </base>
      <type>
        <code value="Reference"/>
        <profile value="http://hl7.org/fhir/StructureDefinition/encounter-qicore-qicore-encounter"/>
      </type>
      <mustSupport value="true"/>
      <mapping>
        <identity value="v2"/>
        <map value="PV1-19-Visit Number"/>
      </mapping>
      <mapping>
        <identity value="rim"/>
        <map value="componentOf.patientEncounter"/>
      </mapping>
    </element>
    <element>
      <path value="MedicationPrescription.reason[x]"/>
      <short value="Reason or indication for writing the prescription"/>
      <definition value="Can be the reason or the indication for writing the prescription."/>
      <min value="0"/>
      <max value="1"/>
      <base>
        <path value="MedicationPrescription.reason[x]"/>
        <min value="0"/>
        <max value="1"/>
      </base>
      <type>
        <code value="CodeableConcept"/>
      </type>
      <type>
        <code value="Reference"/>
        <profile value="http://hl7.org/fhir/StructureDefinition/Condition"/>
      </type>
      <binding>
        <strength value="preferred"/>
        <description value="Reason for why the medication is being/was taken"/>
        <valueSetReference>
          <reference value="http://hl7.org/fhir/ValueSet/v3-ActReason"/>
        </valueSetReference>
      </binding>
      <mapping>
        <identity value="v2"/>
        <map value="ORC-16-Order Control Code Reason"/>
      </mapping>
      <mapping>
        <identity value="rim"/>
        <map value="reason.observation
or
reason.observation[code=ASSERTION].value"/>
      </mapping>
    </element>
    <element>
      <path value="MedicationPrescription.note"/>
      <short value="Information about the prescription"/>
      <definition value="Extra information about the prescription that could not be conveyed by the other attributes."/>
      <min value="0"/>
      <max value="1"/>
      <base>
        <path value="MedicationPrescription.note"/>
        <min value="0"/>
        <max value="1"/>
      </base>
      <type>
        <code value="string"/>
      </type>
    </element>
    <element>
      <path value="MedicationPrescription.medication[x]"/>
      <short value="Medication to be taken"/>
      <definition value="Identifies the medication being administered. This is a link to a resource that represents the medication which may be the details of the medication or simply an attribute carrying a code that identifies the medication from a known list of medications."/>
      <min value="1"/>
      <max value="1"/>
      <base>
        <path value="MedicationPrescription.medication[x]"/>
        <min value="1"/>
        <max value="1"/>
      </base>
      <type>
        <code value="CodeableConcept"/>
      </type>
      <type>
        <code value="Reference"/>
        <profile value="http://hl7.org/fhir/StructureDefinition/medication-qicore-qicore-medication"/>
      </type>
      <mustSupport value="true"/>
      <mapping>
        <identity value="v2"/>
        <map value="RXE-2-Give Code / RXO-1-Requested Give Code / RXD-2-Dispense/Give Code"/>
      </mapping>
      <mapping>
        <identity value="rim"/>
        <map value="consumable.administrableMedication"/>
      </mapping>
    </element>
    <element>
      <path value="MedicationPrescription.dosageInstruction"/>
      <short value="How medication should be taken"/>
      <definition value="Indicates how the medication is to be used by the patient."/>
      <min value="0"/>
      <max value="*"/>
      <base>
        <path value="MedicationPrescription.dosageInstruction"/>
        <min value="0"/>
        <max value="*"/>
      </base>
      <type>
        <code value="BackboneElement"/>
      </type>
      <mustSupport value="true"/>
      <mapping>
        <identity value="rim"/>
        <map value="component.substanceAdministrationRequest"/>
      </mapping>
    </element>
    <element>
      <path value="MedicationPrescription.dosageInstruction.id"/>
      <representation value="xmlAttr"/>
      <short value="xml:id (or equivalent in JSON)"/>
      <definition value="unique id for the element within a resource (for internal references)."/>
      <min value="0"/>
      <max value="1"/>
      <base>
        <path value="MedicationPrescription.dosageInstruction.id"/>
        <min value="0"/>
        <max value="1"/>
      </base>
      <type>
        <code value="id"/>
      </type>
      <mapping>
        <identity value="rim"/>
        <map value="n/a"/>
      </mapping>
    </element>
    <element>
      <path value="MedicationPrescription.dosageInstruction.extension"/>
      <slicing>
        <discriminator value="url"/>
        <ordered value="false"/>
        <rules value="open"/>
      </slicing>
      <short value="Extension"/>
      <definition value="An Extension"/>
      <min value="0"/>
      <max value="*"/>
      <base>
        <path value="MedicationPrescription.dosageInstruction.extension"/>
        <min value="0"/>
        <max value="*"/>
      </base>
      <type>
        <code value="Extension"/>
      </type>
    </element>
    <element>
      <path value="MedicationPrescription.dosageInstruction.extension"/>
      <name value="MedicationPrescription.dosageInstruction.doseType"/>
      <short value="Extension"/>
      <definition value="An Extension"/>
      <min value="0"/>
      <max value="1"/>
      <base>
        <path value="MedicationPrescription.dosageInstruction.extension"/>
        <min value="0"/>
        <max value="*"/>
      </base>
      <type>
        <code value="Extension"/>
        <profile value="http://hl7.org/fhir/StructureDefinition/pharmacy-core-doseType"/>
      </type>
      <binding>
        <strength value="preferred"/>
        <description value="Medication dose types (e.g., loading, maintenance, etc.)"/>
        <valueSetReference>
          <reference value="http://hl7.org/fhir/ValueSet/qicore-medication-dose-type"/>
        </valueSetReference>
      </binding>
    </element>
    <element>
      <path value="MedicationPrescription.dosageInstruction.extension"/>
      <name value="MedicationPrescription.dosageInstruction.infuseOver"/>
      <short value="Extension"/>
      <definition value="An Extension"/>
      <min value="0"/>
      <max value="1"/>
      <base>
        <path value="MedicationPrescription.dosageInstruction.extension"/>
        <min value="0"/>
        <max value="*"/>
      </base>
      <type>
        <code value="Extension"/>
        <profile value="http://hl7.org/fhir/StructureDefinition/pharmacy-core-infuseOver"/>
      </type>
    </element>
    <element>
      <path value="MedicationPrescription.dosageInstruction.extension"/>
      <name value="MedicationPrescription.dosageInstruction.rateIncrement"/>
      <short value="Extension"/>
      <definition value="An Extension"/>
      <min value="0"/>
      <max value="1"/>
      <base>
        <path value="MedicationPrescription.dosageInstruction.extension"/>
        <min value="0"/>
        <max value="*"/>
      </base>
      <type>
        <code value="Extension"/>
        <profile value="http://hl7.org/fhir/StructureDefinition/pharmacy-core-rateIncrement"/>
      </type>
    </element>
    <element>
      <path value="MedicationPrescription.dosageInstruction.extension"/>
      <name value="MedicationPrescription.dosageInstruction.rateIncrementInterval"/>
      <short value="Extension"/>
      <definition value="An Extension"/>
      <min value="0"/>
      <max value="1"/>
      <base>
        <path value="MedicationPrescription.dosageInstruction.extension"/>
        <min value="0"/>
        <max value="*"/>
      </base>
      <type>
        <code value="Extension"/>
        <profile value="http://hl7.org/fhir/StructureDefinition/pharmacy-core-rateIncrementInterval"/>
      </type>
    </element>
    <element>
      <path value="MedicationPrescription.dosageInstruction.extension"/>
      <name value="MedicationPrescription.dosageInstruction.rateGoal"/>
      <short value="Extension"/>
      <definition value="An Extension"/>
      <min value="0"/>
      <max value="1"/>
      <base>
        <path value="MedicationPrescription.dosageInstruction.extension"/>
        <min value="0"/>
        <max value="*"/>
      </base>
      <type>
        <code value="Extension"/>
        <profile value="http://hl7.org/fhir/StructureDefinition/pharmacy-core-rateGoal"/>
      </type>
    </element>
    <element>
      <path value="MedicationPrescription.dosageInstruction.extension"/>
      <name value="MedicationPrescription.dosageInstruction.minDosePerPeriod"/>
      <short value="Extension"/>
      <definition value="An Extension"/>
      <min value="0"/>
      <max value="1"/>
      <base>
        <path value="MedicationPrescription.dosageInstruction.extension"/>
        <min value="0"/>
        <max value="*"/>
      </base>
      <type>
        <code value="Extension"/>
        <profile value="http://hl7.org/fhir/StructureDefinition/pharmacy-core-minDosePerPeriod"/>
      </type>
    </element>
    <element>
      <path value="MedicationPrescription.dosageInstruction.extension"/>
      <name value="MedicationPrescription.dosageInstruction.maxDeliveryRate"/>
      <short value="Extension"/>
      <definition value="An Extension"/>
      <min value="0"/>
      <max value="1"/>
      <base>
        <path value="MedicationPrescription.dosageInstruction.extension"/>
        <min value="0"/>
        <max value="*"/>
      </base>
      <type>
        <code value="Extension"/>
        <profile value="http://hl7.org/fhir/StructureDefinition/pharmacy-core-maxDeliveryRate"/>
      </type>
    </element>
    <element>
      <path value="MedicationPrescription.dosageInstruction.extension"/>
      <name value="MedicationPrescription.dosageInstruction.maxDeliveryVolume"/>
      <short value="Extension"/>
      <definition value="An Extension"/>
      <min value="0"/>
      <max value="1"/>
      <base>
        <path value="MedicationPrescription.dosageInstruction.extension"/>
        <min value="0"/>
        <max value="*"/>
      </base>
      <type>
        <code value="Extension"/>
        <profile value="http://hl7.org/fhir/StructureDefinition/pharmacy-core-maxDeliveryVolume"/>
      </type>
    </element>
    <element>
      <path value="MedicationPrescription.dosageInstruction.modifierExtension"/>
      <short value="Extensions that cannot be ignored"/>
      <definition value="May be used to represent additional information that is not part of the basic definition of the element, and that modifies the understanding of the element that contains it. Usually modifier elements provide negation or qualification. In order to make the use of extensions safe and manageable, there is a strict set of governance applied to the definition and use of extensions. Though any implementer is allowed to define an extension, there is a set of requirements that SHALL be met as part of the definition of the extension. Applications processing a resource are required to check for modifier extensions."/>
      <alias value="extensions"/>
      <alias value="user content"/>
      <alias value="modifiers"/>
      <min value="0"/>
      <max value="*"/>
      <base>
        <path value="MedicationPrescription.dosageInstruction.modifierExtension"/>
        <min value="0"/>
        <max value="*"/>
      </base>
      <type>
        <code value="Extension"/>
      </type>
      <isModifier value="true"/>
      <mapping>
        <identity value="rim"/>
        <map value="N/A"/>
      </mapping>
    </element>
    <element>
      <path value="MedicationPrescription.dosageInstruction.text"/>
      <short value="Dosage instructions expressed as text"/>
      <definition value="Free text dosage instructions can be used for cases where the instructions are too complex to code. When coded instructions are present, the free text instructions may still be present for display to humans taking or administering the medication."/>
      <min value="0"/>
      <max value="1"/>
      <base>
        <path value="MedicationPrescription.dosageInstruction.text"/>
        <min value="0"/>
        <max value="1"/>
      </base>
      <type>
        <code value="string"/>
      </type>
      <mapping>
        <identity value="v2"/>
        <map value="RXE-7.2-Provider&#39;s Administration Instructions.text / RXO-7.2-Provider&#39;s Administration Instructions.text / TQ1-10-Condition Text / TQ1-11-Text Instruction"/>
      </mapping>
      <mapping>
        <identity value="rim"/>
        <map value="text"/>
      </mapping>
    </element>
    <element>
      <path value="MedicationPrescription.dosageInstruction.additionalInstructions"/>
      <short value="Supplemental instructions - e.g. &quot;with meals&quot;"/>
      <definition value="Additional instructions such as &quot;Swallow with plenty of water&quot; which may or may not be coded."/>
      <min value="0"/>
      <max value="1"/>
      <base>
        <path value="MedicationPrescription.dosageInstruction.additionalInstructions"/>
        <min value="0"/>
        <max value="1"/>
      </base>
      <type>
        <code value="CodeableConcept"/>
      </type>
      <mapping>
        <identity value="v2"/>
        <map value="RXE-7.2-Provider&#39;s Administration Instructions.text / RXO-7.2-Provider&#39;s Administration Instructions.text / TQ1-10-Condition Text / TQ1-11-Text Instruction ?"/>
      </mapping>
      <mapping>
        <identity value="rim"/>
        <map value="component.substanceAdministrationRequest.text"/>
      </mapping>
    </element>
    <element>
      <path value="MedicationPrescription.dosageInstruction.scheduled[x]"/>
      <short value="When medication should be administered"/>
      <definition value="The timing schedule for giving the medication to the patient.  The Schedule data type allows many different expressions, for example.  &quot;Every  8 hours&quot;; &quot;Three times a day&quot;; &quot;1/2 an hour before breakfast for 10 days from 23-Dec 2011:&quot;;  &quot;15 Oct 2013, 17 Oct 2013 and 1 Nov 2013&quot;."/>
      <min value="0"/>
      <max value="1"/>
      <base>
        <path value="MedicationPrescription.dosageInstruction.scheduled[x]"/>
        <min value="0"/>
        <max value="1"/>
      </base>
      <type>
        <code value="dateTime"/>
      </type>
      <type>
        <code value="Period"/>
      </type>
      <type>
        <code value="Timing"/>
      </type>
      <mapping>
        <identity value="v2"/>
        <map value="RDS:TQ1"/>
      </mapping>
      <mapping>
        <identity value="rim"/>
        <map value="effectiveTime"/>
      </mapping>
    </element>
    <element>
      <path value="MedicationPrescription.dosageInstruction.asNeeded[x]"/>
      <short value="Take &quot;as needed&quot; f(or x)"/>
      <definition value="If set to true or if specified as a CodeableConcept, indicates that the medication is only taken when needed within the specified schedule rather than at every scheduled dose.  If a CodeableConcept is present, it indicates the pre-condition for taking the Medication."/>
      <min value="0"/>
      <max value="1"/>
      <base>
        <path value="MedicationPrescription.dosageInstruction.asNeeded[x]"/>
        <min value="0"/>
        <max value="1"/>
      </base>
      <type>
        <code value="boolean"/>
      </type>
      <type>
        <code value="CodeableConcept"/>
      </type>
      <binding>
        <strength value="required"/>
        <description value="A coded concept identifying the pre-condition that should hold prior to consuming a medication dose.  For example &quot;pain&quot;, &quot;30 minutes prior to sexual intercourse&quot;, &quot;on flare-up&quot;, etc."/>
      </binding>
      <mapping>
        <identity value="rim"/>
        <map value="boolean: precondition.negationInd (inversed - so negationInd = true means asNeeded=false

CodeableConcept: precondition.observationEventCriterion[code=&quot;Assertion&quot;].value"/>
      </mapping>
    </element>
    <element>
      <path value="MedicationPrescription.dosageInstruction.site"/>
      <short value="Body site to administer to"/>
      <definition value="A coded specification of the anatomic site where the medication first enters the body."/>
      <min value="0"/>
      <max value="1"/>
      <base>
        <path value="MedicationPrescription.dosageInstruction.site"/>
        <min value="0"/>
        <max value="1"/>
      </base>
      <type>
        <code value="CodeableConcept"/>
      </type>
      <binding>
        <strength value="example"/>
        <description value="A coded concept describing the site location the medicine enters into or onto the body"/>
        <valueSetReference>
          <reference value="http://hl7.org/fhir/ValueSet/approach-site-codes"/>
        </valueSetReference>
      </binding>
      <mapping>
        <identity value="v2"/>
        <map value="RXR-2-Administration Site"/>
      </mapping>
      <mapping>
        <identity value="rim"/>
        <map value="approachSiteCode"/>
      </mapping>
    </element>
    <element>
      <path value="MedicationPrescription.dosageInstruction.route"/>
      <short value="How drug should enter body"/>
      <definition value="A code specifying the route or physiological path of administration of a therapeutic agent into or onto a patient."/>
      <min value="0"/>
      <max value="1"/>
      <base>
        <path value="MedicationPrescription.dosageInstruction.route"/>
        <min value="0"/>
        <max value="1"/>
      </base>
      <type>
        <code value="CodeableConcept"/>
      </type>
      <binding>
        <strength value="example"/>
        <description value="A coded concept describing the route or physiological path of administration of a therapeutic agent into or onto the body of a subject."/>
        <valueSetReference>
          <reference value="http://hl7.org/fhir/ValueSet/route-codes"/>
        </valueSetReference>
      </binding>
      <mapping>
        <identity value="v2"/>
        <map value="RXR-1-Route"/>
      </mapping>
      <mapping>
        <identity value="rim"/>
        <map value="routeCode"/>
      </mapping>
    </element>
    <element>
      <path value="MedicationPrescription.dosageInstruction.method"/>
      <short value="Technique for administering medication"/>
      <definition value="A coded value indicating the method by which the medication is introduced into or onto the body. Most commonly used for injections.  Examples:  Slow Push; Deep IV.

Terminologies used often pre-coordinate this term with the route and or form of administration."/>
      <min value="0"/>
      <max value="1"/>
      <base>
        <path value="MedicationPrescription.dosageInstruction.method"/>
        <min value="0"/>
        <max value="1"/>
      </base>
      <type>
        <code value="CodeableConcept"/>
      </type>
      <binding>
        <strength value="example"/>
        <description value="A coded concept describing the technique by which the medicine is administered"/>
        <valueSetReference>
          <reference value="http://hl7.org/fhir/ValueSet/administration-method-codes"/>
        </valueSetReference>
      </binding>
      <mapping>
        <identity value="v2"/>
        <map value="RXR-4-Administration Method"/>
      </mapping>
      <mapping>
        <identity value="rim"/>
        <map value="methodCode"/>
      </mapping>
    </element>
    <element>
      <path value="MedicationPrescription.dosageInstruction.dose[x]"/>
      <short value="Amount of medication per dose"/>
      <definition value="The amount of therapeutic or other substance given at one administration event."/>
      <min value="0"/>
      <max value="1"/>
      <base>
        <path value="MedicationPrescription.dosageInstruction.dose[x]"/>
        <min value="0"/>
        <max value="1"/>
      </base>
      <type>
        <code value="Range"/>
      </type>
      <type>
        <code value="Quantity"/>
      </type>
      <mapping>
        <identity value="v2"/>
        <map value="RXE-23-Give Rate Amount / RXE-24.1-Give Rate Units.code / RXE-24.3-Give Rate Units.name of coding system"/>
      </mapping>
      <mapping>
        <identity value="rim"/>
        <map value="doseQuantity"/>
      </mapping>
    </element>
    <element>
      <path value="MedicationPrescription.dosageInstruction.rate"/>
      <short value="Amount of medication per unit of time"/>
      <definition value="Identifies the speed with which the substance is introduced into the subject. Typically the rate for an infusion. 200ml in 2 hours."/>
      <min value="0"/>
      <max value="1"/>
      <base>
        <path value="MedicationPrescription.dosageInstruction.rate"/>
        <min value="0"/>
        <max value="1"/>
      </base>
      <type>
        <code value="Ratio"/>
      </type>
      <mapping>
        <identity value="v2"/>
        <map value="RXE-22-Give Per (Time Unit)"/>
      </mapping>
      <mapping>
        <identity value="rim"/>
        <map value="rateQuantity"/>
      </mapping>
    </element>
    <element>
      <path value="MedicationPrescription.dosageInstruction.maxDosePerPeriod"/>
      <short value="Upper limit on medication per unit of time"/>
      <definition value="The maximum total quantity of a therapeutic substance that may be administered to a subject over the period of time. E.g. 1000mg in 24 hours."/>
      <min value="0"/>
      <max value="1"/>
      <base>
        <path value="MedicationPrescription.dosageInstruction.maxDosePerPeriod"/>
        <min value="0"/>
        <max value="1"/>
      </base>
      <type>
        <code value="Ratio"/>
      </type>
      <mapping>
        <identity value="v2"/>
        <map value="RXE-4-Give Amount - Maximum / RXE-5-Give Units"/>
      </mapping>
      <mapping>
        <identity value="rim"/>
        <map value="maxDoseQuantity"/>
      </mapping>
    </element>
    <element>
      <path value="MedicationPrescription.dispense"/>
      <short value="Medication supply authorization"/>
      <definition value="Deals with details of the dispense part of the order."/>
      <min value="0"/>
      <max value="1"/>
      <base>
        <path value="MedicationPrescription.dispense"/>
        <min value="0"/>
        <max value="1"/>
      </base>
      <type>
        <code value="BackboneElement"/>
      </type>
      <mustSupport value="true"/>
      <mapping>
        <identity value="rim"/>
        <map value="component.supplyEvent"/>
      </mapping>
    </element>
    <element>
      <path value="MedicationPrescription.dispense.id"/>
      <representation value="xmlAttr"/>
      <short value="xml:id (or equivalent in JSON)"/>
      <definition value="unique id for the element within a resource (for internal references)."/>
      <min value="0"/>
      <max value="1"/>
      <base>
        <path value="MedicationPrescription.dispense.id"/>
        <min value="0"/>
        <max value="1"/>
      </base>
      <type>
        <code value="id"/>
      </type>
      <mapping>
        <identity value="rim"/>
        <map value="n/a"/>
      </mapping>
    </element>
    <element>
      <path value="MedicationPrescription.dispense.extension"/>
      <short value="Additional Content defined by implementations"/>
      <definition value="May be used to represent additional information that is not part of the basic definition of the element. In order to make the use of extensions safe and manageable, there is a strict set of governance  applied to the definition and use of extensions. Though any implementer is allowed to define an extension, there is a set of requirements that SHALL be met as part of the definition of the extension."/>
      <alias value="extensions"/>
      <alias value="user content"/>
      <min value="0"/>
      <max value="*"/>
      <base>
        <path value="MedicationPrescription.dispense.extension"/>
        <min value="0"/>
        <max value="*"/>
      </base>
      <type>
        <code value="Extension"/>
      </type>
      <mapping>
        <identity value="rim"/>
        <map value="n/a"/>
      </mapping>
    </element>
    <element>
      <path value="MedicationPrescription.dispense.modifierExtension"/>
      <short value="Extensions that cannot be ignored"/>
      <definition value="May be used to represent additional information that is not part of the basic definition of the element, and that modifies the understanding of the element that contains it. Usually modifier elements provide negation or qualification. In order to make the use of extensions safe and manageable, there is a strict set of governance applied to the definition and use of extensions. Though any implementer is allowed to define an extension, there is a set of requirements that SHALL be met as part of the definition of the extension. Applications processing a resource are required to check for modifier extensions."/>
      <alias value="extensions"/>
      <alias value="user content"/>
      <alias value="modifiers"/>
      <min value="0"/>
      <max value="*"/>
      <base>
        <path value="MedicationPrescription.dispense.modifierExtension"/>
        <min value="0"/>
        <max value="*"/>
      </base>
      <type>
        <code value="Extension"/>
      </type>
      <isModifier value="true"/>
      <mapping>
        <identity value="rim"/>
        <map value="N/A"/>
      </mapping>
    </element>
    <element>
      <path value="MedicationPrescription.dispense.medication[x]"/>
      <short value="Product to be supplied"/>
      <definition value="Identifies the medication being administered. This is a link to a resource that represents the medication which may be the details of the medication or simply an attribute carrying a code that identifies the medication from a known list of medications."/>
      <min value="0"/>
      <max value="1"/>
      <base>
        <path value="MedicationPrescription.dispense.medication[x]"/>
        <min value="0"/>
        <max value="1"/>
      </base>
      <type>
        <code value="CodeableConcept"/>
      </type>
      <type>
        <code value="Reference"/>
        <profile value="http://hl7.org/fhir/StructureDefinition/Medication"/>
      </type>
      <mapping>
        <identity value="v2"/>
        <map value="RXE-2-Give Code / RXO-1-Requested Give Code / RXD-2-Dispense/Give Code"/>
      </mapping>
      <mapping>
        <identity value="rim"/>
        <map value="consumable.role"/>
      </mapping>
    </element>
    <element>
      <path value="MedicationPrescription.dispense.validityPeriod"/>
      <short value="Time period supply is authorized for"/>
      <definition value="Design Comments: This indicates the validity period of a prescription (stale dating the Prescription) 
It reflects the prescriber perspective for the validity of the prescription. Dispenses must not be made against the prescription outside of this period. The lower-bound of the Dispensing Window signifies the earliest date that the prescription can be filled for the first time. If an upper-bound is not specified then the Prescription is open-ended or will default to a stale-date based on regulations. 
Rationale: Indicates when the Prescription becomes valid, and when it ceases to be a dispensable Prescription."/>
      <min value="0"/>
      <max value="1"/>
      <base>
        <path value="MedicationPrescription.dispense.validityPeriod"/>
        <min value="0"/>
        <max value="1"/>
      </base>
      <type>
        <code value="Period"/>
      </type>
      <mapping>
        <identity value="v2"/>
        <map value="RXD-3-Date/Time Dispensed ? / RXD-19-Substance Expiration Date"/>
      </mapping>
      <mapping>
        <identity value="rim"/>
        <map value="effectiveTime"/>
      </mapping>
    </element>
    <element>
      <path value="MedicationPrescription.dispense.numberOfRepeatsAllowed"/>
      <short value="# of refills authorized"/>
      <definition value="An integer indicating the number of repeats of the Dispense. 
UsageNotes: For example, the number of times the prescribed quantity is to be supplied including the initial standard fill."/>
      <min value="0"/>
      <max value="1"/>
      <base>
        <path value="MedicationPrescription.dispense.numberOfRepeatsAllowed"/>
        <min value="0"/>
        <max value="1"/>
      </base>
      <type>
        <code value="positiveInt"/>
      </type>
      <mapping>
        <identity value="v2"/>
        <map value="RXE-12-Number of Refills"/>
      </mapping>
      <mapping>
        <identity value="rim"/>
        <map value="repeatNumber"/>
      </mapping>
    </element>
    <element>
      <path value="MedicationPrescription.dispense.quantity"/>
      <short value="Amount of medication to supply per dispense"/>
      <definition value="The amount that is to be dispensed for one fill."/>
      <min value="0"/>
      <max value="1"/>
      <base>
        <path value="MedicationPrescription.dispense.quantity"/>
        <min value="0"/>
        <max value="1"/>
      </base>
      <type>
        <code value="Quantity"/>
      </type>
      <mapping>
        <identity value="v2"/>
        <map value="RXD-4-Actual Dispense Amount / RXD-5.1-Actual Dispense Units.code / RXD-5.3-Actual Dispense Units.name of coding system"/>
      </mapping>
      <mapping>
        <identity value="rim"/>
        <map value="quantity"/>
      </mapping>
    </element>
    <element>
      <path value="MedicationPrescription.dispense.expectedSupplyDuration"/>
      <short value="Days supply per dispense"/>
      <definition value="Identifies the period time over which the supplied product is expected to be used, or the length of time the dispense is expected to last. 
In some situations, this attribute may be used instead of quantity to identify the amount supplied by how long it is expected to last, rather than the physical quantity issued, e.g. 90 days supply of medication (based on an ordered dosage) When possible, it is always better to specify quantity, as this tends to be more precise. expectedSupplyDuration will always be an estimate that can be influenced by external factors."/>
      <min value="0"/>
      <max value="1"/>
      <base>
        <path value="MedicationPrescription.dispense.expectedSupplyDuration"/>
        <min value="0"/>
        <max value="1"/>
      </base>
      <type>
        <code value="Duration"/>
      </type>
      <mapping>
        <identity value="rim"/>
        <map value="expectedUseTime"/>
      </mapping>
    </element>
    <element>
      <path value="MedicationPrescription.substitution"/>
      <short value="Any restrictions on medication substitution?"/>
      <definition value="Indicates whether or not substitution can or should be part of the dispense. In some cases substitution must happen, in other cases substitution must not happen, and in others it does not matter. This block explains the prescriber&#39;s intent. If nothing is specified substitution may be done."/>
      <min value="0"/>
      <max value="1"/>
      <base>
        <path value="MedicationPrescription.substitution"/>
        <min value="0"/>
        <max value="1"/>
      </base>
      <type>
        <code value="BackboneElement"/>
      </type>
      <mapping>
        <identity value="rim"/>
        <map value="subjectOf.substitutionPersmission"/>
      </mapping>
    </element>
    <element>
      <path value="MedicationPrescription.substitution.id"/>
      <representation value="xmlAttr"/>
      <short value="xml:id (or equivalent in JSON)"/>
      <definition value="unique id for the element within a resource (for internal references)."/>
      <min value="0"/>
      <max value="1"/>
      <base>
        <path value="MedicationPrescription.substitution.id"/>
        <min value="0"/>
        <max value="1"/>
      </base>
      <type>
        <code value="id"/>
      </type>
      <mapping>
        <identity value="rim"/>
        <map value="n/a"/>
      </mapping>
    </element>
    <element>
      <path value="MedicationPrescription.substitution.extension"/>
      <short value="Additional Content defined by implementations"/>
      <definition value="May be used to represent additional information that is not part of the basic definition of the element. In order to make the use of extensions safe and manageable, there is a strict set of governance  applied to the definition and use of extensions. Though any implementer is allowed to define an extension, there is a set of requirements that SHALL be met as part of the definition of the extension."/>
      <alias value="extensions"/>
      <alias value="user content"/>
      <min value="0"/>
      <max value="*"/>
      <base>
        <path value="MedicationPrescription.substitution.extension"/>
        <min value="0"/>
        <max value="*"/>
      </base>
      <type>
        <code value="Extension"/>
      </type>
      <mapping>
        <identity value="rim"/>
        <map value="n/a"/>
      </mapping>
    </element>
    <element>
      <path value="MedicationPrescription.substitution.modifierExtension"/>
      <short value="Extensions that cannot be ignored"/>
      <definition value="May be used to represent additional information that is not part of the basic definition of the element, and that modifies the understanding of the element that contains it. Usually modifier elements provide negation or qualification. In order to make the use of extensions safe and manageable, there is a strict set of governance applied to the definition and use of extensions. Though any implementer is allowed to define an extension, there is a set of requirements that SHALL be met as part of the definition of the extension. Applications processing a resource are required to check for modifier extensions."/>
      <alias value="extensions"/>
      <alias value="user content"/>
      <alias value="modifiers"/>
      <min value="0"/>
      <max value="*"/>
      <base>
        <path value="MedicationPrescription.substitution.modifierExtension"/>
        <min value="0"/>
        <max value="*"/>
      </base>
      <type>
        <code value="Extension"/>
      </type>
      <isModifier value="true"/>
      <mapping>
        <identity value="rim"/>
        <map value="N/A"/>
      </mapping>
    </element>
    <element>
      <path value="MedicationPrescription.substitution.type"/>
      <short value="generic | formulary +"/>
      <definition value="A code signifying whether a different drug should be dispensed from what was prescribed."/>
      <min value="1"/>
      <max value="1"/>
      <base>
        <path value="MedicationPrescription.substitution.type"/>
        <min value="1"/>
        <max value="1"/>
      </base>
      <type>
        <code value="CodeableConcept"/>
      </type>
      <binding>
        <strength value="example"/>
        <description value="A coded concept describing whether a different medicinal product may be dispensed other than the product as specified exactly in the prescription"/>
        <valueSetReference>
          <reference value="http://hl7.org/fhir/ValueSet/v3-ActSubstanceAdminSubstitutionCode"/>
        </valueSetReference>
      </binding>
      <mapping>
        <identity value="v2"/>
        <map value="RXO-9-Allow Substitutions / RXE-9-Substitution Status?"/>
      </mapping>
      <mapping>
        <identity value="rim"/>
        <map value="code"/>
      </mapping>
    </element>
    <element>
      <path value="MedicationPrescription.substitution.reason"/>
      <short value="Why should substitution (not) be made"/>
      <definition value="Indicates the reason for the substitution, or why substitution must or must not be performed."/>
      <min value="0"/>
      <max value="1"/>
      <base>
        <path value="MedicationPrescription.substitution.reason"/>
        <min value="0"/>
        <max value="1"/>
      </base>
      <type>
        <code value="CodeableConcept"/>
      </type>
      <binding>
        <strength value="example"/>
        <description value="A coded concept describing the reason that a different medication should (or should not) be substituted from what was prescribed."/>
        <valueSetReference>
          <reference value="http://hl7.org/fhir/ValueSet/v3-SubstanceAdminSubstitutionReason"/>
        </valueSetReference>
      </binding>
      <mapping>
        <identity value="rim"/>
        <map value="reasonCode"/>
      </mapping>
    </element>
  </snapshot>
  <differential>
    <element>
      <path value="MedicationPrescription"/>
      <name value="QICore-MedicationPrescription"/>
      <definition value="Profile of medication prescription, indicating which elements must be supported in rule and measure interpreters."/>
      <min value="0"/>
      <max value="*"/>
      <type>
        <code value="MedicationPrescription"/>
      </type>
    </element>
    <element>
      <path value="MedicationPrescription.dateWritten"/>
      <mustSupport value="true"/>
    </element>
    <element>
      <path value="MedicationPrescription.status"/>
      <mustSupport value="true"/>
    </element>
    <element>
      <path value="MedicationPrescription.patient"/>
      <type>
        <code value="Reference"/>
        <profile value="http://hl7.org/fhir/StructureDefinition/patient-qicore-qicore-patient"/>
      </type>
      <mustSupport value="true"/>
    </element>
    <element>
      <path value="MedicationPrescription.prescriber"/>
      <type>
        <code value="Reference"/>
        <profile value="http://hl7.org/fhir/StructureDefinition/practitioner-qicore-qicore-practitioner"/>
      </type>
    </element>
    <element>
      <path value="MedicationPrescription.encounter"/>
      <type>
        <code value="Reference"/>
        <profile value="http://hl7.org/fhir/StructureDefinition/encounter-qicore-qicore-encounter"/>
      </type>
      <mustSupport value="true"/>
    </element>
    <element>
      <path value="MedicationPrescription.reason[x]"/>
      <binding>
        <strength value="preferred"/>
        <description value="Reason for why the medication is being/was taken"/>
        <valueSetReference>
          <reference value="http://hl7.org/fhir/ValueSet/v3-ActReason"/>
        </valueSetReference>
      </binding>
    </element>
    <element>
      <path value="MedicationPrescription.medication[x]"/>
      <type>
        <code value="CodeableConcept"/>
      </type>
      <type>
        <code value="Reference"/>
        <profile value="http://hl7.org/fhir/StructureDefinition/medication-qicore-qicore-medication"/>
      </type>
      <mustSupport value="true"/>
    </element>
    <element>
      <path value="MedicationPrescription.dosageInstruction"/>
      <mustSupport value="true"/>
    </element>
    <element>
      <path value="MedicationPrescription.dosageInstruction.extension"/>
      <slicing>
        <discriminator value="url"/>
        <ordered value="false"/>
        <rules value="open"/>
      </slicing>
    </element>
    <element>
      <path value="MedicationPrescription.dosageInstruction.extension"/>
      <name value="MedicationPrescription.dosageInstruction.doseType"/>
      <min value="0"/>
      <max value="1"/>
      <type>
        <code value="Extension"/>
        <profile value="http://hl7.org/fhir/StructureDefinition/pharmacy-core-doseType"/>
      </type>
      <binding>
        <strength value="preferred"/>
        <description value="Medication dose types (e.g., loading, maintenance, etc.)"/>
        <valueSetReference>
          <reference value="http://hl7.org/fhir/ValueSet/qicore-medication-dose-type"/>
        </valueSetReference>
      </binding>
    </element>
    <element>
      <path value="MedicationPrescription.dosageInstruction.extension"/>
      <name value="MedicationPrescription.dosageInstruction.infuseOver"/>
      <min value="0"/>
      <max value="1"/>
      <type>
        <code value="Extension"/>
        <profile value="http://hl7.org/fhir/StructureDefinition/pharmacy-core-infuseOver"/>
      </type>
    </element>
    <element>
      <path value="MedicationPrescription.dosageInstruction.extension"/>
      <name value="MedicationPrescription.dosageInstruction.rateIncrement"/>
      <min value="0"/>
      <max value="1"/>
      <type>
        <code value="Extension"/>
        <profile value="http://hl7.org/fhir/StructureDefinition/pharmacy-core-rateIncrement"/>
      </type>
    </element>
    <element>
      <path value="MedicationPrescription.dosageInstruction.extension"/>
      <name value="MedicationPrescription.dosageInstruction.rateIncrementInterval"/>
      <min value="0"/>
      <max value="1"/>
      <type>
        <code value="Extension"/>
        <profile value="http://hl7.org/fhir/StructureDefinition/pharmacy-core-rateIncrementInterval"/>
      </type>
    </element>
    <element>
      <path value="MedicationPrescription.dosageInstruction.extension"/>
      <name value="MedicationPrescription.dosageInstruction.rateGoal"/>
      <min value="0"/>
      <max value="1"/>
      <type>
        <code value="Extension"/>
        <profile value="http://hl7.org/fhir/StructureDefinition/pharmacy-core-rateGoal"/>
      </type>
    </element>
    <element>
      <path value="MedicationPrescription.dosageInstruction.extension"/>
      <name value="MedicationPrescription.dosageInstruction.minDosePerPeriod"/>
      <min value="0"/>
      <max value="1"/>
      <type>
        <code value="Extension"/>
        <profile value="http://hl7.org/fhir/StructureDefinition/pharmacy-core-minDosePerPeriod"/>
      </type>
    </element>
    <element>
      <path value="MedicationPrescription.dosageInstruction.extension"/>
      <name value="MedicationPrescription.dosageInstruction.maxDeliveryRate"/>
      <min value="0"/>
      <max value="1"/>
      <type>
        <code value="Extension"/>
        <profile value="http://hl7.org/fhir/StructureDefinition/pharmacy-core-maxDeliveryRate"/>
      </type>
    </element>
    <element>
      <path value="MedicationPrescription.dosageInstruction.extension"/>
      <name value="MedicationPrescription.dosageInstruction.maxDeliveryVolume"/>
      <min value="0"/>
      <max value="1"/>
      <type>
        <code value="Extension"/>
        <profile value="http://hl7.org/fhir/StructureDefinition/pharmacy-core-maxDeliveryVolume"/>
      </type>
    </element>
    <element>
      <path value="MedicationPrescription.dispense"/>
      <mustSupport value="true"/>
    </element>
    <element>
      <path value="MedicationPrescription.dispense.medication"/>
      <type>
        <code value="Reference"/>
        <profile value="http://hl7.org/fhir/StructureDefinition/medication-qicore-qicore-medication"/>
      </type>
    </element>
  </differential>
</StructureDefinition>