<?xml version="1.0" encoding="UTF-8"?><NutritionOrder xmlns="http://hl7.org/fhir">
	<id value="diabeticdiet"/>
	<!--   id = diabeticdiet  file name = nutritionorder-example-diabeticdiet.xml Name= Diabetic Diet  Description = Nutrition Order Diabetic Diet Canonical Example
edited by Eric Haas Health eData Inc
...narrative generated by FHIR build
	<text>
		<status value="generated"/>
		<div xmlns="http://www.w3.org/1999/xhtml">
			<h3>Nutrition Order Diabetic Diet Canonical Example</h3>
			<ul>
				<li>
					<b>Patient: </b>Peter Chalmers</li>
				<li>
					<b>Orderer: </b>Dr Adam Careful</li>
				<li>
					<b>Date: </b>2014-09-17</li>
				<li>
					<b>Known Allergies: </b>Cashew Nuts</li>
				<li>
					<b>Food Preferences: </b>dairy-free:  Excludes dairy products</li>
				<li>
					<b>Oral Diet Type: </b>DD - Diabetic diet</li>
				<li>
					<b>Nutrients Requirements: </b>
					<ol>
						<li>75 grams Carbohydrate (per meal) </li>
					</ol>
				</li>
				<li>
					<b>Schedule: </b>three times a day starting at breakfast on 2/10</li>
			</ul>
		</div>
	</text>
  -->
	<!--  EH  Show all the elements in this examples for preference, and intolerance   -->
	<text><status value="generated"/><div xmlns="http://www.w3.org/1999/xhtml"><p><b>Generated Narrative with Details</b></p><p><b>id</b>: diabeticdiet</p><p><b>patient</b>: <a>Peter Chalmers</a></p><p><b>orderer</b>: <a>Dr Adam Careful</a></p><p><b>identifier</b>: 123</p><p><b>encounter</b>: <a>Inpatient</a></p><p><b>dateTime</b>: Sep 17, 2014</p><p><b>status</b>: active</p><p><b>allergyIntolerance</b>: <a>Cashew Nuts</a></p><p><b>foodPreferenceModifier</b>: Dairy Free <span>(Details : {http://hl7.org/fhir/diet code &#39;dairy-free&#39; = &#39;Dairy Free)</span></p><p><b>excludeFoodModifier</b>: Cashew Nut <span>(Details : {SNOMED CT code &#39;227493005&#39; = &#39;Cashew nut (substance)&#39;, given as &#39;Cashew Nut&#39;})</span></p><blockquote><p><b>oralDiet</b></p><p><b>type</b>: DD - Diabetic diet <span>(Details : {SNOMED CT code &#39;160670007&#39; = &#39;Diabetic diet (finding)&#39;, given as &#39;Diabetic diet&#39;}; {http://goodhealthhospital.org/diet-type-codes code &#39;1030&#39; = &#39;1030&#39;, given as &#39;DD - Diabetic diet&#39;})</span></p><p><b>schedule</b>: Starting Feb 10, 2015, Do 3 per 1 days</p><h3>Nutrients</h3><table><tr><td>-</td><td><b>Modifier</b></td><td><b>Amount</b></td></tr><tr><td>*</td><td>Carbohydrate <span>(Details : {SNOMED CT code &#39;2331003&#39; = &#39;Carbohydrate (substance)&#39;, given as &#39;Carbohydrate&#39;})</span></td><td>75 grams<span> (Details: http://unitsofmeasure.org code g = &#39;g&#39;)</span></td></tr></table></blockquote></div></text><patient>
		<reference value="Patient/example"/>
		<display value="Peter Chalmers"/>
	</patient>
	<orderer>
		<reference value="Practitioner/example"/>
		<display value="Dr Adam Careful"/>
	</orderer>
	<identifier>
		<system value="http://goodhealthhospital.org/nutrition-orders"/>
		<value value="123"/>
	</identifier>
	<encounter>
		<reference value="Encounter/example"/>
		<display value="Inpatient"/>
	</encounter>
	<dateTime value="2014-09-17"/>
	<status value="active"/>
	<allergyIntolerance>
		<reference value="AllergyIntolerance/example"/>
		<display value="Cashew Nuts"/>
	</allergyIntolerance>
	<foodPreferenceModifier>
		<coding>
			<system value="http://hl7.org/fhir/diet"/>
			<code value="dairy-free"/>
		</coding>
	</foodPreferenceModifier>
	<excludeFoodModifier>
		<coding>
			<system value="http://snomed.info/sct"/>
			<version value="20140730"/>
			<code value="227493005"/>
			<display value="Cashew Nut"/>
		</coding>
	</excludeFoodModifier>
	<!--   EH: use oral Diet element   -->
	<oralDiet>
		<!--   EH:  list type of diet showing standard code and local codes   -->
		<type>
			<coding>
				<system value="http://snomed.info/sct"/>
				<code value="160670007"/>
				<display value="Diabetic diet"/>
			</coding>
			<coding>
				<system value="http://goodhealthhospital.org/diet-type-codes"/>
				<code value="1030"/>
				<display value="DD - Diabetic diet"/>
			</coding>
			<text value="DD - Diabetic diet"/>
		</type>
		<!--   EH example of three times a day starting on 2/10 using schedule   -->
		<schedule>
			<repeat>
        <boundsPeriod>
          <start value="2015-02-10"/>
        </boundsPeriod>
				<frequency value="3"/>
				<period value="1"/>
				<periodUnits value="d"/>
			</repeat>
		</schedule>
		<!--   list nutrients and amounts here   -->
		<nutrient>
			<modifier>
				<coding>
					<system value="http://snomed.info/sct"/>
					<code value="2331003"/>
					<display value="Carbohydrate"/>
				</coding>
			</modifier>
			<amount>
				<value value="75"/>
				<units value="grams"/>
				<system value="http://unitsofmeasure.org"/>
				<code value="g"/>
			</amount>
		</nutrient>
	</oralDiet>
</NutritionOrder>