<?xml version="1.0" encoding="UTF-8"?><NutritionOrder xmlns="http://hl7.org/fhir">
	<id value="energysupplement"/>
	<!--   id = energysupplement  file name = nutritionorder-example-energysupplement.xml  Name= Energy Supplement  Description = Nutrition Order Energy Supplement Canonical Example
edited by Eric Haas Health eData Inc
...narrative generated by FHIR build
	<text>
		<status value="generated"/>
		<div xmlns="http://www.w3.org/1999/xhtml">
			<h3>Nutrition Order Protein Supplement Canonical Example</h3>
			<ul>
				<li>
					<b>Patient: </b>Peter Chalmers</li>
				<li>
					<b>Orderer: </b>Dr Adam Careful</li>
				<li>
					<b>Date: </b>2014-09-17</li>
				<li>
					<b>Known Allergies: </b>Cashew Nuts</li>
				<li>
					<b>Food Preferences: </b>Kosher</li>
				<li>
					<b>Supplement(Brand): </b>Adult high energy drink (Ensure)</li>
				<li>
					<b>Schedule: </b>1 8 oz can tid</li>
			</ul>
		</div>
	</text>
  -->
	<text><status value="generated"/><div xmlns="http://www.w3.org/1999/xhtml"><p><b>Generated Narrative with Details</b></p><p><b>id</b>: energysupplement</p><p><b>patient</b>: <a>Peter Chalmers</a></p><p><b>orderer</b>: <a>Dr Adam Careful</a></p><p><b>identifier</b>: 123</p><p><b>encounter</b>: <a>Inpatient</a></p><p><b>dateTime</b>: Sep 17, 2014</p><p><b>status</b>: active</p><p><b>allergyIntolerance</b>: <a>Cashew Nuts</a></p><p><b>foodPreferenceModifier</b>: Kosher <span>(Details : {http://hl7.org/fhir/diet code &#39;kosher&#39; = &#39;Kosher)</span></p><p><b>excludeFoodModifier</b>: Cashew Nut <span>(Details : {SNOMED CT code &#39;227493005&#39; = &#39;Cashew nut (substance)&#39;, given as &#39;Cashew Nut&#39;})</span></p><h3>Supplements</h3><table><tr><td>-</td><td><b>Type</b></td><td><b>ProductName</b></td><td><b>Schedule</b></td><td><b>Quantity</b></td></tr><tr><td>*</td><td>Adult high energy drink <span>(Details : {SNOMED CT code &#39;442971000124100&#39; = &#39;Adult high energy formula (product)&#39;, given as &#39;Adult high energy formula&#39;}; {http://goodhealthhospital.org/supplement-type-codes code &#39;1010&#39; = &#39;1010&#39;, given as &#39;Adult high energy drink&#39;})</span></td><td>Ensure</td><td>Starting Feb 10, 2015, Do 3 per 1 days</td><td>1 8 oz can</td></tr></table></div></text><patient>
		<reference value="Patient/example"/>
		<display value="Peter Chalmers"/>
	</patient>
	<orderer>
		<reference value="Practitioner/example"/>
		<display value="Dr Adam Careful"/>
	</orderer>
	<identifier>
		<system value="http://goodhealthhospital.org/nutrition-orders"/>
		<value value="123"/>
	</identifier>
	<encounter>
		<reference value="Encounter/example"/>
		<display value="Inpatient"/>
	</encounter>
	<dateTime value="2014-09-17"/>
	<status value="active"/>
	<!--  EH  Show all the elements in this examples for preference, and intolerance   -->
	<allergyIntolerance>
		<reference value="AllergyIntolerance/example"/>
		<display value="Cashew Nuts"/>
	</allergyIntolerance>
	<foodPreferenceModifier>
		<coding>
			<system value="http://hl7.org/fhir/diet"/>
			<code value="kosher"/>
		</coding>
	</foodPreferenceModifier>
	<excludeFoodModifier>
		<coding>
			<system value="http://snomed.info/sct"/>
			<version value="20140730"/>
			<code value="227493005"/>
			<display value="Cashew Nut"/>
		</coding>
	</excludeFoodModifier>
	<!--   EH: use supplement element   -->
	<supplement>
		<type>
			<coding>
				<system value="http://snomed.info/sct"/>
				<code value="442971000124100"/>
				<display value="Adult high energy formula"/>
			</coding>
			<coding>
				<system value="http://goodhealthhospital.org/supplement-type-codes"/>
				<code value="1010"/>
				<display value="Adult high energy drink"/>
			</coding>
			<text value="Adult high energy drink"/>
		</type>
		<productName value="Ensure"/>
		<!--  EH:  1 8 oz can tid using coded data   -->
		<schedule>
			<repeat>
        <boundsPeriod>
          <start value="2015-02-10"/>
        </boundsPeriod>
				<frequency value="3"/>
				<period value="1"/>
				<periodUnits value="d"/>
			</repeat>
		</schedule>
		<quantity>
			<value value="1"/>
			<units value="8 oz can"/>
		</quantity>
	</supplement>
</NutritionOrder>