<?xml version="1.0" encoding="UTF-8"?><NutritionOrder xmlns="http://hl7.org/fhir">
	<id value="pureeddiet-simple"/>
	<!--   Using only instruction element in oralDiet and Supplement minimal other elements  id = pureeddiet-simple file name = nutritionorder-example-pureeddiet-simple.xml  Name= Pureed Diet Simple Description = Nutrition Order Pureed Diet with Energy/Protein Supplement Simple Example
edited by Eric Haas Health eData Inc
...narrative generated by FHIR build
	<text>
		<status value="generated"/>
		<div xmlns="http://www.w3.org/1999/xhtml">
			<h3>Nutrition Order Pureed Diet with Energy/Protein Supplement Simple Example</h3>
			<ul>
				<li>
					<b>Patient: </b>Peter Chalmers</li>
				<li>
					<b>Orderer: </b>Dr Adam Careful</li>
				<li>
					<b>Date: </b>2014-09-17</li>
				<li>
					<b>Instructions: </b>Pureed, Nectar thick liquids</li>
				<li>
					<b>Supplement(Brand): </b>Adult high energy formula (Ensure Pudding 4 oz container)</li>
				<li>
					<b>Schedule: </b>Ensure Pudding at breakfast, lunch, supper</li>
			</ul>
		</div>
	</text>
  -->
	<text><status value="generated"/><div xmlns="http://www.w3.org/1999/xhtml"><p><b>Generated Narrative with Details</b></p><p><b>id</b>: pureeddiet-simple</p><p><b>patient</b>: <a>Peter Chalmers</a></p><p><b>orderer</b>: <a>Dr Adam Careful</a></p><p><b>identifier</b>: 123</p><p><b>dateTime</b>: Sep 17, 2014</p><p><b>status</b>: active</p><blockquote><p><b>oralDiet</b></p><p><b>type</b>: Pureed diet <span>(Details : {SNOMED CT code &#39;226211001&#39; = &#39;Pureed diet&#39;, given as &#39;Pureed diet&#39;}; {http://goodhealthhospital.org/diet-type-codes code &#39;1010&#39; = &#39;1010&#39;, given as &#39;Pureed diet&#39;})</span></p><p><b>schedule</b>: Starting Feb 10, 2015, Do 3 per 1 days</p><h3>Textures</h3><table><tr><td>-</td><td><b>Modifier</b></td></tr><tr><td>*</td><td>Pureed <span>(Details : {SNOMED CT code &#39;228055009&#39; = &#39;Liquidized food (substance)&#39;, given as &#39;Liquidized food&#39;})</span></td></tr></table><p><b>fluidConsistencyType</b>: Nectar thick liquids <span>(Details : {SNOMED CT code &#39;439021000124105&#39; = &#39;Dietary liquid consistency - nectar thick liquid (regime/therapy)&#39;, given as &#39;Dietary liquid consistency - nectar thick liquid&#39;})</span></p></blockquote><h3>Supplements</h3><table><tr><td>-</td><td><b>Type</b></td><td><b>ProductName</b></td><td><b>Instruction</b></td></tr><tr><td>*</td><td>Adult high energy pudding <span>(Details : {SNOMED CT code &#39;442971000124100&#39; = &#39;Adult high energy formula (product)&#39;, given as &#39;Adult high energy formula&#39;}; {http://goodhealthhospital.org/supplement-type-codes code &#39;1040&#39; = &#39;1040&#39;, given as &#39;Adult high energy pudding&#39;})</span></td><td>Ensure Pudding 4 oz container</td><td>Ensure Pudding at breakfast, lunch, supper</td></tr></table></div></text><patient>
		<reference value="Patient/example"/>
		<display value="Peter Chalmers"/>
	</patient>
	<orderer>
		<reference value="Practitioner/example"/>
		<display value="Dr Adam Careful"/>
	</orderer>
	<identifier>
		<system value="http://goodhealthhospital.org/nutrition-orders"/>
		<value value="123"/>
	</identifier>
	<dateTime value="2014-09-17"/>
	<status value="active"/>
	<!--   EH: use oral Diet element   -->
	<oralDiet>
		<!--   EH:  list type of diet showing standard code and local codes   -->
		<type>
			<coding>
				<system value="http://snomed.info/sct"/>
				<code value="226211001"/>
				<display value="Pureed diet"/>
			</coding>
			<coding>
				<system value="http://goodhealthhospital.org/diet-type-codes"/>
				<code value="1010"/>
				<display value="Pureed diet"/>
			</coding>
			<text value="Pureed diet"/>
		</type>
		<!--   EH example of three times a day starting on 2/10   -->
		<schedule>
			<repeat>
        <boundsPeriod>
          <start value="2015-02-10"/>
        </boundsPeriod>
				<frequency value="3"/>
				<period value="1"/>
				<periodUnits value="d"/>
			</repeat>
		</schedule>
		<texture>
			<modifier>
				<coding>
					<system value="http://snomed.info/sct"/>
					<code value="228055009"/>
					<display value="Liquidized food"/>
				</coding>
				<text value="Pureed"/>
			</modifier>
		</texture>
		<fluidConsistencyType>
			<coding>
				<system value="http://snomed.info/sct"/>
				<code value="439021000124105"/>
				<display value="Dietary liquid consistency - nectar thick liquid"/>
			</coding>
			<text value="Nectar thick liquids"/>
		</fluidConsistencyType>
	</oralDiet>
	<supplement>
		<type>
			<coding>
				<system value="http://snomed.info/sct"/>
				<code value="442971000124100"/>
				<display value="Adult high energy formula"/>
			</coding>
			<coding>
				<system value="http://goodhealthhospital.org/supplement-type-codes"/>
				<code value="1040"/>
				<display value="Adult high energy pudding"/>
			</coding>
			<text value="Adult high energy pudding"/>
		</type>
		<productName value="Ensure Pudding 4 oz container"/>
		<!--  EH:  Instructions to supplement too   -->
		<instruction value="Ensure Pudding at breakfast, lunch, supper"/>
	</supplement>
</NutritionOrder>