<?xml version="1.0" encoding="UTF-8"?>

<StructureDefinition xmlns="http://hl7.org/fhir">
  <id value="observation-daf-results-dafresultobsratio"/>
  <text>
    <status value="generated"/>
    <div xmlns="http://www.w3.org/1999/xhtml">to do</div>
  </text>
  <url value="http://hl7.org/fhir/StructureDefinition/observation-daf-results-dafresultobsratio"/>
  <name value="U.S. Data Access Framework (DAF) Lab Results Profile"/>
  <publisher value="Health Level Seven International (Infrastructure and Messaging - Data Access Framework)"/>
  <contact>
    <telecom>
      <system value="other"/>
      <value value="http://www.healthit.gov"/>
    </telecom>
  </contact>
  <description value="US Realm DAF laboratory result using Ratio Data Type for numeric results"/>
  <status value="draft"/>
  <date value="2014-11-17"/>
  <kind value="resource"/>
  <constrainedType value="Observation"/>
  <abstract value="false"/>
  <base value="http://hl7.org/fhir/StructureDefinition/Observation"/>
  <snapshot>
    <element>
      <path value="Observation"/>
      <name value="DAFResultObsRatio"/>
      <short value="US Realm DAF laboratory result using Ratio Data Type for numeric results"/>
      <definition value="US Realm clinical quantitative laboratory results to ordering providers in the ambulatory care setting and &quot;reportable&quot; laboratory test results to local public health agencies."/>
      <requirements value="Observations are a key aspect of healthcare.  This resource is used to capture those that do not require more sophisticated mechanisms."/>
      <alias value="Vital Signs"/>
      <alias value="Measurement"/>
      <alias value="Results"/>
      <alias value="Tests"/>
      <alias value="Obs"/>
      <min value="0"/>
      <max value="*"/>
      <base>
        <path value="Observation"/>
        <min value="0"/>
        <max value="*"/>
      </base>
      <type>
        <code value="Observation"/>
      </type>
      <constraint>
        <key value="obs-7"/>
        <severity value="error"/>
        <human value="Component code Shall not be same as observation code"/>
        <xpath value="f:code/@value !=  f:component.code/@value"/>
      </constraint>
      <constraint>
        <key value="obs-6"/>
        <severity value="error"/>
        <human value="Shall only be present if Observation.value[x] is not present"/>
        <xpath value="not(exists(f:dataAbsentReason)) or (not(exists(*[starts-with(local-name(.), &#39;value&#39;)])))"/>
      </constraint>
      <mapping>
        <identity value="v2"/>
        <map value="OBX"/>
      </mapping>
      <mapping>
        <identity value="rim"/>
        <map value="Observation[classCode=OBS, moodCode=EVN]"/>
      </mapping>
    </element>
    <element>
      <path value="Observation.id"/>
      <short value="Logical id of this artifact"/>
      <definition value="The logical id of the resource, as used in the url for the resource. Once assigned, this value never changes."/>
      <min value="0"/>
      <max value="1"/>
      <base>
        <path value="Observation.id"/>
        <min value="0"/>
        <max value="1"/>
      </base>
      <type>
        <code value="id"/>
      </type>
    </element>
    <element>
      <path value="Observation.meta"/>
      <short value="Metadata about the resource"/>
      <definition value="The metadata about the resource. This is content that is maintained by the infrastructure. Changes to the content may not always be associated with version changes to the resource."/>
      <min value="0"/>
      <max value="1"/>
      <base>
        <path value="Observation.meta"/>
        <min value="0"/>
        <max value="1"/>
      </base>
      <type>
        <code value="Meta"/>
      </type>
    </element>
    <element>
      <path value="Observation.implicitRules"/>
      <short value="A set of rules under which this content was created"/>
      <definition value="A reference to a set of rules that were followed when the resource was constructed, and which must be understood when processing the content."/>
      <min value="0"/>
      <max value="1"/>
      <base>
        <path value="Observation.implicitRules"/>
        <min value="0"/>
        <max value="1"/>
      </base>
      <type>
        <code value="uri"/>
      </type>
      <isModifier value="true"/>
    </element>
    <element>
      <path value="Observation.language"/>
      <short value="Language of the resource content"/>
      <definition value="The base language in which the resource is written."/>
      <min value="0"/>
      <max value="1"/>
      <base>
        <path value="Observation.language"/>
        <min value="0"/>
        <max value="1"/>
      </base>
      <type>
        <code value="code"/>
      </type>
      <binding>
        <strength value="required"/>
        <description value="A human language"/>
        <valueSetUri value="http://tools.ietf.org/html/bcp47"/>
      </binding>
    </element>
    <element>
      <path value="Observation.text"/>
      <short value="Text summary of the resource, for human interpretation"/>
      <definition value="A human-readable narrative that contains a summary of the resource, and may be used to represent the content of the resource to a human. The narrative need not encode all the structured data, but is required to contain sufficient detail to make it &quot;clinically safe&quot; for a human to just read the narrative. Resource definitions may define what content should be represented in the narrative to ensure clinical safety."/>
      <alias value="narrative"/>
      <alias value="html"/>
      <alias value="xhtml"/>
      <alias value="display"/>
      <min value="0"/>
      <max value="1"/>
      <base>
        <path value="Observation.text"/>
        <min value="0"/>
        <max value="1"/>
      </base>
      <type>
        <code value="Narrative"/>
      </type>
      <condition value="dom-1"/>
      <mapping>
        <identity value="rim"/>
        <map value="Act.text?"/>
      </mapping>
    </element>
    <element>
      <path value="Observation.contained"/>
      <short value="Contained, inline Resources"/>
      <definition value="These resources do not have an independent existence apart from the resource that contains them - they cannot be identified independently, and nor can they have their own independent transaction scope."/>
      <alias value="inline resources"/>
      <alias value="anonymous resources"/>
      <alias value="contained resources"/>
      <min value="0"/>
      <max value="*"/>
      <base>
        <path value="Observation.contained"/>
        <min value="0"/>
        <max value="*"/>
      </base>
      <type>
        <code value="Resource"/>
      </type>
      <mapping>
        <identity value="rim"/>
        <map value="N/A"/>
      </mapping>
    </element>
    <element>
      <path value="Observation.extension"/>
      <short value="Additional Content defined by implementations"/>
      <definition value="May be used to represent additional information that is not part of the basic definition of the resource. In order to make the use of extensions safe and manageable, there is a strict set of governance  applied to the definition and use of extensions. Though any implementer is allowed to define an extension, there is a set of requirements that SHALL be met as part of the definition of the extension."/>
      <alias value="extensions"/>
      <alias value="user content"/>
      <min value="0"/>
      <max value="*"/>
      <base>
        <path value="Observation.extension"/>
        <min value="0"/>
        <max value="*"/>
      </base>
      <type>
        <code value="Extension"/>
      </type>
      <mapping>
        <identity value="rim"/>
        <map value="N/A"/>
      </mapping>
    </element>
    <element>
      <path value="Observation.modifierExtension"/>
      <short value="Extensions that cannot be ignored"/>
      <definition value="May be used to represent additional information that is not part of the basic definition of the resource, and that modifies the understanding of the element that contains it. Usually modifier elements provide negation or qualification. In order to make the use of extensions safe and manageable, there is a strict set of governance applied to the definition and use of extensions. Though any implementer is allowed to define an extension, there is a set of requirements that SHALL be met as part of the definition of the extension. Applications processing a resource are required to check for modifier extensions."/>
      <alias value="extensions"/>
      <alias value="user content"/>
      <min value="0"/>
      <max value="*"/>
      <base>
        <path value="Observation.modifierExtension"/>
        <min value="0"/>
        <max value="*"/>
      </base>
      <type>
        <code value="Extension"/>
      </type>
      <isModifier value="true"/>
      <mapping>
        <identity value="rim"/>
        <map value="N/A"/>
      </mapping>
    </element>
    <element>
      <path value="Observation.code"/>
      <short value="US Realm Laboratory Test Name"/>
      <definition value="The laboratory test that was performed.  This is element is bound to LOINC."/>
      <requirements value="The use of the Logical Observation Identifiers Names and Codes (LOINC) code system is required where a LOINC code is available for the Observation.code, i.e. the being resulted."/>
      <alias value="Test Name"/>
      <alias value="Observation Identifer"/>
      <min value="1"/>
      <max value="1"/>
      <base>
        <path value="Observation.code"/>
        <min value="1"/>
        <max value="1"/>
      </base>
      <type>
        <code value="CodeableConcept"/>
      </type>
      <mustSupport value="true"/>
      <isSummary value="true"/>
      <binding>
        <strength value="extensible"/>
        <description value="LOINC codes"/>
        <valueSetReference>
          <reference value="http://hl7.org/fhir/ValueSet/obs-uslab-codes"/>
        </valueSetReference>
      </binding>
      <mapping>
        <identity value="v2"/>
        <map value="OBX-3-observation identifier"/>
      </mapping>
      <mapping>
        <identity value="rim"/>
        <map value="code"/>
      </mapping>
    </element>
    <element>
      <path value="Observation.code.id"/>
      <representation value="xmlAttr"/>
      <short value="xml:id (or equivalent in JSON)"/>
      <definition value="unique id for the element within a resource (for internal references)."/>
      <min value="0"/>
      <max value="1"/>
      <base>
        <path value="CodeableConcept.id"/>
        <min value="0"/>
        <max value="1"/>
      </base>
      <type>
        <code value="id"/>
      </type>
      <mapping>
        <identity value="rim"/>
        <map value="n/a"/>
      </mapping>
    </element>
    <element>
      <path value="Observation.code.extension"/>
      <short value="Additional Content defined by implementations"/>
      <definition value="May be used to represent additional information that is not part of the basic definition of the element. In order to make the use of extensions safe and manageable, there is a strict set of governance  applied to the definition and use of extensions. Though any implementer is allowed to define an extension, there is a set of requirements that SHALL be met as part of the definition of the extension."/>
      <alias value="extensions"/>
      <alias value="user content"/>
      <min value="0"/>
      <max value="*"/>
      <base>
        <path value="CodeableConcept.extension"/>
        <min value="0"/>
        <max value="*"/>
      </base>
      <type>
        <code value="Extension"/>
      </type>
      <mapping>
        <identity value="rim"/>
        <map value="n/a"/>
      </mapping>
    </element>
    <element>
      <path value="Observation.code.coding"/>
      <short value="Code defined by a terminology system"/>
      <definition value="A reference to a code defined by a terminology system."/>
      <requirements value="Allows for translations and alternate encodings within a code system.  Also supports communication of the same instance to systems requiring different encodings."/>
      <min value="1"/>
      <max value="*"/>
      <base>
        <path value="CodeableConcept.coding"/>
        <min value="0"/>
        <max value="*"/>
      </base>
      <type>
        <code value="Coding"/>
      </type>
      <mustSupport value="true"/>
      <mapping>
        <identity value="orim"/>
        <map value="fhir:CodeableConcept.coding rdfs:subPropertyOf dt:CD.coding"/>
      </mapping>
      <mapping>
        <identity value="v2"/>
        <map value="C*E.1-8, C*E.10-22"/>
      </mapping>
      <mapping>
        <identity value="rim"/>
        <map value="union(., ./translation)"/>
      </mapping>
    </element>
    <element>
      <path value="Observation.code.coding.id"/>
      <representation value="xmlAttr"/>
      <short value="xml:id (or equivalent in JSON)"/>
      <definition value="unique id for the element within a resource (for internal references)."/>
      <min value="0"/>
      <max value="1"/>
      <base>
        <path value="Coding.id"/>
        <min value="0"/>
        <max value="1"/>
      </base>
      <type>
        <code value="id"/>
      </type>
      <mapping>
        <identity value="rim"/>
        <map value="n/a"/>
      </mapping>
    </element>
    <element>
      <path value="Observation.code.coding.extension"/>
      <short value="Additional Content defined by implementations"/>
      <definition value="May be used to represent additional information that is not part of the basic definition of the element. In order to make the use of extensions safe and manageable, there is a strict set of governance  applied to the definition and use of extensions. Though any implementer is allowed to define an extension, there is a set of requirements that SHALL be met as part of the definition of the extension."/>
      <alias value="extensions"/>
      <alias value="user content"/>
      <min value="0"/>
      <max value="*"/>
      <base>
        <path value="Coding.extension"/>
        <min value="0"/>
        <max value="*"/>
      </base>
      <type>
        <code value="Extension"/>
      </type>
      <mapping>
        <identity value="rim"/>
        <map value="n/a"/>
      </mapping>
    </element>
    <element>
      <path value="Observation.code.coding.system"/>
      <short value="Identity of the terminology system"/>
      <definition value="The identification of the code system that defines the meaning of the symbol in the code."/>
      <requirements value="Need to be unambiguous about the source of the definition of the symbol."/>
      <min value="1"/>
      <max value="1"/>
      <base>
        <path value="Coding.system"/>
        <min value="0"/>
        <max value="1"/>
      </base>
      <type>
        <code value="uri"/>
      </type>
      <mustSupport value="true"/>
      <mapping>
        <identity value="orim"/>
        <map value="fhir:Coding.system rdfs:subPropertyOf dt:CDCoding.codeSystem"/>
      </mapping>
      <mapping>
        <identity value="v2"/>
        <map value="C*E.3"/>
      </mapping>
      <mapping>
        <identity value="rim"/>
        <map value="./codeSystem"/>
      </mapping>
    </element>
    <element>
      <path value="Observation.code.coding.version"/>
      <short value="Version of the system - if relevant"/>
      <definition value="The version of the code system which was used when choosing this code. Note that a well-maintained code system does not need the version reported, because the meaning of codes is consistent across versions. However this cannot consistently be assured. and when the meaning is not guaranteed to be consistent, the version SHOULD be exchanged."/>
      <min value="0"/>
      <max value="1"/>
      <base>
        <path value="Coding.version"/>
        <min value="0"/>
        <max value="1"/>
      </base>
      <type>
        <code value="string"/>
      </type>
      <mapping>
        <identity value="orim"/>
        <map value="fhir:Coding.version rdfs:subPropertyOf dt:CDCoding.codeSystemVersion"/>
      </mapping>
      <mapping>
        <identity value="v2"/>
        <map value="C*E.7"/>
      </mapping>
      <mapping>
        <identity value="rim"/>
        <map value="./codeSystemVersion"/>
      </mapping>
    </element>
    <element>
      <path value="Observation.code.coding.code"/>
      <short value="Symbol in syntax defined by the system"/>
      <definition value="A symbol in syntax defined by the system. The symbol may be a predefined code or an expression in a syntax defined by the coding system (e.g. post-coordination)."/>
      <requirements value="Need to refer to a particular code in the system."/>
      <min value="1"/>
      <max value="1"/>
      <base>
        <path value="Coding.code"/>
        <min value="0"/>
        <max value="1"/>
      </base>
      <type>
        <code value="code"/>
      </type>
      <mustSupport value="true"/>
      <mapping>
        <identity value="orim"/>
        <map value="fhir:Coding.code rdfs:subPropertyOf dt:CDCoding.code"/>
      </mapping>
      <mapping>
        <identity value="v2"/>
        <map value="C*E.1"/>
      </mapping>
      <mapping>
        <identity value="rim"/>
        <map value="./code"/>
      </mapping>
    </element>
    <element>
      <path value="Observation.code.coding.display"/>
      <short value="Representation defined by the system"/>
      <definition value="A representation of the meaning of the code in the system, following the rules of the system."/>
      <requirements value="Need to be able to carry a human-readable meaning of the code for readers that do not know  the system."/>
      <min value="0"/>
      <max value="1"/>
      <base>
        <path value="Coding.display"/>
        <min value="0"/>
        <max value="1"/>
      </base>
      <type>
        <code value="string"/>
      </type>
      <mustSupport value="true"/>
      <mapping>
        <identity value="orim"/>
        <map value="fhir:Coding.display rdfs:subPropertyOf dt:CDCoding.displayName"/>
      </mapping>
      <mapping>
        <identity value="v2"/>
        <map value="C*E.2 - but note this is not well followed"/>
      </mapping>
      <mapping>
        <identity value="rim"/>
        <map value="CV.displayName"/>
      </mapping>
    </element>
    <element>
      <path value="Observation.code.coding.userSelected"/>
      <short value="If this coding was chosen directly by the user"/>
      <definition value="Indicates that this coding was chosen by a user directly - i.e. off a pick list of available items (codes or displays)."/>
      <requirements value="This has been identified as a clinical safety criterium - that this exact system/code pair was chosen explicitly, rather than inferred by the system based on some rules or language processing."/>
      <min value="0"/>
      <max value="1"/>
      <base>
        <path value="Coding.userSelected"/>
        <min value="0"/>
        <max value="1"/>
      </base>
      <type>
        <code value="boolean"/>
      </type>
      <mapping>
        <identity value="orim"/>
        <map value="fhir:Coding.userSelected fhir:mapsTo dt:CDCoding.codingRationale. fhir:Coding.userSelected fhir:hasMap fhir:Coding.userSelected.map. fhir:Coding.userSelected.map a fhir:Map;   fhir:target dt:CDCoding.codingRationale. fhir:Coding.userSelected\#true a [     fhir:source &quot;true&quot;;     fhir:target dt:CDCoding.codingRationale\#O   ]"/>
      </mapping>
      <mapping>
        <identity value="v2"/>
        <map value="Sometimes implied by being first"/>
      </mapping>
      <mapping>
        <identity value="rim"/>
        <map value="CD.codingRationale"/>
      </mapping>
    </element>
    <element>
      <path value="Observation.code.text"/>
      <short value="Display text"/>
      <definition value="This is the laboratory defined display text for the lab test if different from the code display text(s)."/>
      <requirements value="Used when the laboratory define how the dsplay text if different from the code display text."/>
      <min value="0"/>
      <max value="1"/>
      <base>
        <path value="CodeableConcept.text"/>
        <min value="0"/>
        <max value="1"/>
      </base>
      <type>
        <code value="string"/>
      </type>
      <mustSupport value="true"/>
      <mapping>
        <identity value="orim"/>
        <map value="fhir:CodeableConcept.text rdfs:subPropertyOf dt:CD.originalText"/>
      </mapping>
      <mapping>
        <identity value="v2"/>
        <map value="C*E.9. But note many systems use C*E.2 for this"/>
      </mapping>
      <mapping>
        <identity value="rim"/>
        <map value="./originalText[mediaType/code=&quot;text/plain&quot;]/data"/>
      </mapping>
    </element>
    <element>
      <path value="Observation.category"/>
      <short value="Classification of  type of observation"/>
      <definition value="Describes the general type of observation being made and is used to group or limit searching of observations."/>
      <min value="0"/>
      <max value="1"/>
      <base>
        <path value="Observation.category"/>
        <min value="0"/>
        <max value="1"/>
      </base>
      <type>
        <code value="CodeableConcept"/>
      </type>
      <binding>
        <strength value="example"/>
        <description value="Codes for diagnostic service sections"/>
        <valueSetReference>
          <reference value="http://hl7.org/fhir/ValueSet/diagnostic-service-sections"/>
        </valueSetReference>
      </binding>
      <mapping>
        <identity value="rim"/>
        <map value=".outboundRelationship[typeCode=&quot;COMP].target[classCode=&quot;LIST&quot;, moodCode=&quot;EVN&quot;].code"/>
      </mapping>
    </element>
    <element>
      <path value="Observation.value[x]"/>
      <short value="Titre value"/>
      <definition value="This is the actual titer result.  The Ratio data type is used for titers (e.g., &quot;1:128&quot;) and other quantities produced by laboratories that truly represent ratios."/>
      <requirements value="An observation exists to have a value, though it may not if it is in error, or it represents a group of observations."/>
      <alias value="titers"/>
      <min value="0"/>
      <max value="1"/>
      <base>
        <path value="Observation.value[x]"/>
        <min value="0"/>
        <max value="1"/>
      </base>
      <type>
        <code value="Quantity"/>
      </type>
      <type>
        <code value="CodeableConcept"/>
      </type>
      <type>
        <code value="string"/>
      </type>
      <type>
        <code value="Range"/>
      </type>
      <type>
        <code value="Ratio"/>
      </type>
      <type>
        <code value="SampledData"/>
      </type>
      <type>
        <code value="Attachment"/>
      </type>
      <type>
        <code value="time"/>
      </type>
      <type>
        <code value="dateTime"/>
      </type>
      <type>
        <code value="Period"/>
      </type>
      <mustSupport value="true"/>
      <isSummary value="true"/>
      <binding>
        <strength value="example"/>
        <description value="Codes identifying atomic results of observations when value is type codeableConcept"/>
        <valueSetReference>
          <reference value="http://hl7.org/fhir/ValueSet/observation-values"/>
        </valueSetReference>
      </binding>
      <mapping>
        <identity value="v2"/>
        <map value="OBX.2, OBX.5, OBX.6"/>
      </mapping>
      <mapping>
        <identity value="rim"/>
        <map value="value"/>
      </mapping>
    </element>
    <element>
      <path value="Observation.dataAbsentReason"/>
      <short value="Why the result is missing"/>
      <definition value="Provides a reason why the expected value in the element Observation.value[x] is missing."/>
      <requirements value="For many results it is necessary to handle exceptional values in measurements."/>
      <min value="0"/>
      <max value="1"/>
      <base>
        <path value="Observation.dataAbsentReason"/>
        <min value="0"/>
        <max value="1"/>
      </base>
      <type>
        <code value="CodeableConcept"/>
      </type>
      <condition value="obs-6"/>
      <mustSupport value="true"/>
      <binding>
        <strength value="extensible"/>
        <description value="Codes specifying why the result (Observation.value[x]) is missing"/>
        <valueSetReference>
          <reference value="http://hl7.org/fhir/ValueSet/observation-valueabsentreason"/>
        </valueSetReference>
      </binding>
      <mapping>
        <identity value="v2"/>
        <map value="N/A"/>
      </mapping>
      <mapping>
        <identity value="rim"/>
        <map value="value.nullFlavor"/>
      </mapping>
    </element>
    <element>
      <path value="Observation.interpretation"/>
      <short value="High, low, normal, etc."/>
      <definition value="The assessment made based on the result of the observation."/>
      <requirements value="For some results, particularly numeric results, an interpretation is necessary to fully understand the significance of a result."/>
      <min value="0"/>
      <max value="1"/>
      <base>
        <path value="Observation.interpretation"/>
        <min value="0"/>
        <max value="1"/>
      </base>
      <type>
        <code value="CodeableConcept"/>
      </type>
      <mustSupport value="true"/>
      <binding>
        <strength value="required"/>
        <description value="Codes identifying interpretations of observations"/>
        <valueSetReference>
          <reference value="http://hl7.org/fhir/ValueSet/obs-uslab-interpretation"/>
        </valueSetReference>
      </binding>
      <mapping>
        <identity value="v2"/>
        <map value="OBX-8-interpretation codes"/>
      </mapping>
      <mapping>
        <identity value="rim"/>
        <map value="interpretationCode"/>
      </mapping>
    </element>
    <element>
      <path value="Observation.interpretation.id"/>
      <representation value="xmlAttr"/>
      <short value="xml:id (or equivalent in JSON)"/>
      <definition value="unique id for the element within a resource (for internal references)."/>
      <min value="0"/>
      <max value="1"/>
      <base>
        <path value="CodeableConcept.id"/>
        <min value="0"/>
        <max value="1"/>
      </base>
      <type>
        <code value="id"/>
      </type>
      <mapping>
        <identity value="rim"/>
        <map value="n/a"/>
      </mapping>
    </element>
    <element>
      <path value="Observation.interpretation.extension"/>
      <short value="Additional Content defined by implementations"/>
      <definition value="May be used to represent additional information that is not part of the basic definition of the element. In order to make the use of extensions safe and manageable, there is a strict set of governance  applied to the definition and use of extensions. Though any implementer is allowed to define an extension, there is a set of requirements that SHALL be met as part of the definition of the extension."/>
      <alias value="extensions"/>
      <alias value="user content"/>
      <min value="0"/>
      <max value="*"/>
      <base>
        <path value="CodeableConcept.extension"/>
        <min value="0"/>
        <max value="*"/>
      </base>
      <type>
        <code value="Extension"/>
      </type>
      <mapping>
        <identity value="rim"/>
        <map value="n/a"/>
      </mapping>
    </element>
    <element>
      <path value="Observation.interpretation.coding"/>
      <short value="Code defined by a terminology system"/>
      <definition value="A reference to a code defined by a terminology system."/>
      <requirements value="Allows for translations and alternate encodings within a code system.  Also supports communication of the same instance to systems requiring different encodings."/>
      <min value="1"/>
      <max value="*"/>
      <base>
        <path value="CodeableConcept.coding"/>
        <min value="0"/>
        <max value="*"/>
      </base>
      <type>
        <code value="Coding"/>
      </type>
      <mustSupport value="true"/>
      <mapping>
        <identity value="orim"/>
        <map value="fhir:CodeableConcept.coding rdfs:subPropertyOf dt:CD.coding"/>
      </mapping>
      <mapping>
        <identity value="v2"/>
        <map value="C*E.1-8, C*E.10-22"/>
      </mapping>
      <mapping>
        <identity value="rim"/>
        <map value="union(., ./translation)"/>
      </mapping>
    </element>
    <element>
      <path value="Observation.interpretation.coding.id"/>
      <representation value="xmlAttr"/>
      <short value="xml:id (or equivalent in JSON)"/>
      <definition value="unique id for the element within a resource (for internal references)."/>
      <min value="0"/>
      <max value="1"/>
      <base>
        <path value="Coding.id"/>
        <min value="0"/>
        <max value="1"/>
      </base>
      <type>
        <code value="id"/>
      </type>
      <mapping>
        <identity value="rim"/>
        <map value="n/a"/>
      </mapping>
    </element>
    <element>
      <path value="Observation.interpretation.coding.extension"/>
      <short value="Additional Content defined by implementations"/>
      <definition value="May be used to represent additional information that is not part of the basic definition of the element. In order to make the use of extensions safe and manageable, there is a strict set of governance  applied to the definition and use of extensions. Though any implementer is allowed to define an extension, there is a set of requirements that SHALL be met as part of the definition of the extension."/>
      <alias value="extensions"/>
      <alias value="user content"/>
      <min value="0"/>
      <max value="*"/>
      <base>
        <path value="Coding.extension"/>
        <min value="0"/>
        <max value="*"/>
      </base>
      <type>
        <code value="Extension"/>
      </type>
      <mapping>
        <identity value="rim"/>
        <map value="n/a"/>
      </mapping>
    </element>
    <element>
      <path value="Observation.interpretation.coding.system"/>
      <short value="Identity of the terminology system"/>
      <definition value="The identification of the code system that defines the meaning of the symbol in the code."/>
      <requirements value="Need to be unambiguous about the source of the definition of the symbol."/>
      <min value="1"/>
      <max value="1"/>
      <base>
        <path value="Coding.system"/>
        <min value="0"/>
        <max value="1"/>
      </base>
      <type>
        <code value="uri"/>
      </type>
      <mustSupport value="true"/>
      <mapping>
        <identity value="orim"/>
        <map value="fhir:Coding.system rdfs:subPropertyOf dt:CDCoding.codeSystem"/>
      </mapping>
      <mapping>
        <identity value="v2"/>
        <map value="C*E.3"/>
      </mapping>
      <mapping>
        <identity value="rim"/>
        <map value="./codeSystem"/>
      </mapping>
    </element>
    <element>
      <path value="Observation.interpretation.coding.version"/>
      <short value="Version of the system - if relevant"/>
      <definition value="The version of the code system which was used when choosing this code. Note that a well-maintained code system does not need the version reported, because the meaning of codes is consistent across versions. However this cannot consistently be assured. and when the meaning is not guaranteed to be consistent, the version SHOULD be exchanged."/>
      <min value="0"/>
      <max value="1"/>
      <base>
        <path value="Coding.version"/>
        <min value="0"/>
        <max value="1"/>
      </base>
      <type>
        <code value="string"/>
      </type>
      <mapping>
        <identity value="orim"/>
        <map value="fhir:Coding.version rdfs:subPropertyOf dt:CDCoding.codeSystemVersion"/>
      </mapping>
      <mapping>
        <identity value="v2"/>
        <map value="C*E.7"/>
      </mapping>
      <mapping>
        <identity value="rim"/>
        <map value="./codeSystemVersion"/>
      </mapping>
    </element>
    <element>
      <path value="Observation.interpretation.coding.code"/>
      <short value="Symbol in syntax defined by the system"/>
      <definition value="A symbol in syntax defined by the system. The symbol may be a predefined code or an expression in a syntax defined by the coding system (e.g. post-coordination)."/>
      <requirements value="Need to refer to a particular code in the system."/>
      <min value="1"/>
      <max value="1"/>
      <base>
        <path value="Coding.code"/>
        <min value="0"/>
        <max value="1"/>
      </base>
      <type>
        <code value="code"/>
      </type>
      <mustSupport value="true"/>
      <mapping>
        <identity value="orim"/>
        <map value="fhir:Coding.code rdfs:subPropertyOf dt:CDCoding.code"/>
      </mapping>
      <mapping>
        <identity value="v2"/>
        <map value="C*E.1"/>
      </mapping>
      <mapping>
        <identity value="rim"/>
        <map value="./code"/>
      </mapping>
    </element>
    <element>
      <path value="Observation.interpretation.coding.display"/>
      <short value="Representation defined by the system"/>
      <definition value="A representation of the meaning of the code in the system, following the rules of the system."/>
      <requirements value="Need to be able to carry a human-readable meaning of the code for readers that do not know  the system."/>
      <min value="0"/>
      <max value="1"/>
      <base>
        <path value="Coding.display"/>
        <min value="0"/>
        <max value="1"/>
      </base>
      <type>
        <code value="string"/>
      </type>
      <mapping>
        <identity value="orim"/>
        <map value="fhir:Coding.display rdfs:subPropertyOf dt:CDCoding.displayName"/>
      </mapping>
      <mapping>
        <identity value="v2"/>
        <map value="C*E.2 - but note this is not well followed"/>
      </mapping>
      <mapping>
        <identity value="rim"/>
        <map value="CV.displayName"/>
      </mapping>
    </element>
    <element>
      <path value="Observation.interpretation.coding.userSelected"/>
      <short value="If this coding was chosen directly by the user"/>
      <definition value="Indicates that this coding was chosen by a user directly - i.e. off a pick list of available items (codes or displays)."/>
      <requirements value="This has been identified as a clinical safety criterium - that this exact system/code pair was chosen explicitly, rather than inferred by the system based on some rules or language processing."/>
      <min value="0"/>
      <max value="1"/>
      <base>
        <path value="Coding.userSelected"/>
        <min value="0"/>
        <max value="1"/>
      </base>
      <type>
        <code value="boolean"/>
      </type>
      <mapping>
        <identity value="orim"/>
        <map value="fhir:Coding.userSelected fhir:mapsTo dt:CDCoding.codingRationale. fhir:Coding.userSelected fhir:hasMap fhir:Coding.userSelected.map. fhir:Coding.userSelected.map a fhir:Map;   fhir:target dt:CDCoding.codingRationale. fhir:Coding.userSelected\#true a [     fhir:source &quot;true&quot;;     fhir:target dt:CDCoding.codingRationale\#O   ]"/>
      </mapping>
      <mapping>
        <identity value="v2"/>
        <map value="Sometimes implied by being first"/>
      </mapping>
      <mapping>
        <identity value="rim"/>
        <map value="CD.codingRationale"/>
      </mapping>
    </element>
    <element>
      <path value="Observation.interpretation.text"/>
      <short value="Plain text representation of the concept"/>
      <definition value="A human language representation of the concept as seen/selected/uttered by the user who entered the data and/or which represents the intended meaning of the user."/>
      <requirements value="The codes from the terminologies do not always capture the correct meaning with all the nuances of the human using them, or sometimes there is no appropriate code at all. In these cases, the text is used to capture the full meaning of the source."/>
      <min value="0"/>
      <max value="1"/>
      <base>
        <path value="CodeableConcept.text"/>
        <min value="0"/>
        <max value="1"/>
      </base>
      <type>
        <code value="string"/>
      </type>
      <mapping>
        <identity value="orim"/>
        <map value="fhir:CodeableConcept.text rdfs:subPropertyOf dt:CD.originalText"/>
      </mapping>
      <mapping>
        <identity value="v2"/>
        <map value="C*E.9. But note many systems use C*E.2 for this"/>
      </mapping>
      <mapping>
        <identity value="rim"/>
        <map value="./originalText[mediaType/code=&quot;text/plain&quot;]/data"/>
      </mapping>
    </element>
    <element>
      <path value="Observation.comments"/>
      <short value="Comments about result"/>
      <definition value="May include statements about significant, unexpected or unreliable values, or information about the source of the value where this may be relevant to the interpretation of the result."/>
      <requirements value="Need to be able to provide free text additional information."/>
      <min value="0"/>
      <max value="1"/>
      <base>
        <path value="Observation.comments"/>
        <min value="0"/>
        <max value="1"/>
      </base>
      <type>
        <code value="string"/>
      </type>
      <mapping>
        <identity value="v2"/>
        <map value="NTE.3 (partner NTE to OBX, or sometimes another (child?) OBX)"/>
      </mapping>
      <mapping>
        <identity value="rim"/>
        <map value="subjectOf.observationEvent[code=&quot;annotation&quot;].value"/>
      </mapping>
    </element>
    <element>
      <path value="Observation.effective[x]"/>
      <short value="Clinically Relevant time/time-period for observation"/>
      <definition value="For lab tests this is the specimen collection date.  For Ask at Order Entry Questions (AOE)&#39;s this is the date the question was asked."/>
      <requirements value="Minimum Precision to Day."/>
      <min value="0"/>
      <max value="1"/>
      <base>
        <path value="Observation.effective[x]"/>
        <min value="0"/>
        <max value="1"/>
      </base>
      <type>
        <code value="dateTime"/>
      </type>
      <type>
        <code value="Period"/>
      </type>
      <constraint>
        <key value="inv-1"/>
        <severity value="error"/>
        <human value="Datetime must be at least to day."/>
        <xpath value="f:matches(effectiveDateTime,/\d{4}-[01]\d-[0-3]\dT[0-2]\d:[0-5]\d([+-][0-2]\d:[0-5]\d|Z)/)"/>
      </constraint>
      <mustSupport value="true"/>
      <isSummary value="true"/>
      <mapping>
        <identity value="v2"/>
        <map value="OBX-14-date/time of the observation, and/or OBX-19 after v2.4  (depends on who observation made)"/>
      </mapping>
      <mapping>
        <identity value="rim"/>
        <map value="effectiveTime"/>
      </mapping>
    </element>
    <element>
      <path value="Observation.issued"/>
      <short value="Date/Time this was made available"/>
      <definition value="The date and time this observation was made available."/>
      <requirements value="Minimum Precision to Day."/>
      <min value="0"/>
      <max value="1"/>
      <base>
        <path value="Observation.issued"/>
        <min value="0"/>
        <max value="1"/>
      </base>
      <type>
        <code value="instant"/>
      </type>
      <mustSupport value="true"/>
      <isSummary value="true"/>
      <mapping>
        <identity value="v2"/>
        <map value="OBR.22 (or MSH.7), or perhaps OBX-19 (depends on who observation made)"/>
      </mapping>
      <mapping>
        <identity value="rim"/>
        <map value="participation[typeCode=AUT].time"/>
      </mapping>
    </element>
    <element>
      <extension url="http://hl7.org/fhir/StructureDefinition/structuredefinition-display-hint">
        <valueString value="default: final"/>
      </extension>
      <path value="Observation.status"/>
      <short value="registered | preliminary | final | amended +"/>
      <definition value="The status of the result value."/>
      <requirements value="Need to track the status of individual results - some results are finalised before the whole report is finalised."/>
      <min value="1"/>
      <max value="1"/>
      <base>
        <path value="Observation.status"/>
        <min value="1"/>
        <max value="1"/>
      </base>
      <type>
        <code value="code"/>
      </type>
      <mustSupport value="true"/>
      <isModifier value="true"/>
      <isSummary value="true"/>
      <binding>
        <strength value="required"/>
        <description value="Codes providing the status of an observation"/>
        <valueSetReference>
          <reference value="http://hl7.org/fhir/ValueSet/observation-status"/>
        </valueSetReference>
      </binding>
      <mapping>
        <identity value="v2"/>
        <map value="OBX-11-observation result status"/>
      </mapping>
      <mapping>
        <identity value="rim"/>
        <map value="status

Amended &amp; Final are differentiated by whether it is the subject of a ControlAct event with a type of &quot;revise&quot;"/>
      </mapping>
    </element>
    <element>
      <extension url="http://hl7.org/fhir/StructureDefinition/structuredefinition-display-hint">
        <valueString value="default: ok"/>
      </extension>
      <path value="Observation.reliability"/>
      <short value="ok | ongoing | early | questionable | calibrating | error +"/>
      <definition value="An estimate of the degree to which quality issues have impacted on the value reported."/>
      <requirements value="Not all results are completely reliable, and some are still reported anyway."/>
      <min value="0"/>
      <max value="1"/>
      <base>
        <path value="Observation.reliability"/>
        <min value="0"/>
        <max value="1"/>
      </base>
      <type>
        <code value="code"/>
      </type>
      <isModifier value="true"/>
      <binding>
        <strength value="required"/>
        <description value="Codes that provide an estimate of the degree to which quality issues have impacted on the value of an observation"/>
        <valueSetReference>
          <reference value="http://hl7.org/fhir/ValueSet/observation-reliability"/>
        </valueSetReference>
      </binding>
      <mapping>
        <identity value="v2"/>
        <map value="Maybe OBX.8/OBX.9"/>
      </mapping>
      <mapping>
        <identity value="rim"/>
        <map value="uncertaintyCode"/>
      </mapping>
    </element>
    <element>
      <path value="Observation.bodySite[x]"/>
      <short value="Observed body part"/>
      <definition value="Indicates the site on the subject&#39;s body where the observation was made ( i.e. the target site)."/>
      <requirements value="Knowing where the observation is made is important for tracking if multiple sites are possible."/>
      <min value="0"/>
      <max value="0"/>
      <base>
        <path value="Observation.bodySite[x]"/>
        <min value="0"/>
        <max value="1"/>
      </base>
      <type>
        <code value="CodeableConcept"/>
      </type>
      <type>
        <code value="Reference"/>
        <profile value="http://hl7.org/fhir/StructureDefinition/BodySite"/>
      </type>
      <binding>
        <strength value="example"/>
        <description value="Codes describing anatomical locations. May include laterality"/>
        <valueSetReference>
          <reference value="http://hl7.org/fhir/ValueSet/body-site"/>
        </valueSetReference>
      </binding>
      <mapping>
        <identity value="v2"/>
        <map value="OBX-20-observation site"/>
      </mapping>
      <mapping>
        <identity value="rim"/>
        <map value="targetSiteCode"/>
      </mapping>
    </element>
    <element>
      <path value="Observation.method"/>
      <short value="How it was done"/>
      <definition value="Indicates the mechanism used to perform the observation."/>
      <requirements value="In some cases, method can impact results and is thus for determining whether results can be compared or determining significance of results."/>
      <min value="0"/>
      <max value="1"/>
      <base>
        <path value="Observation.method"/>
        <min value="0"/>
        <max value="1"/>
      </base>
      <type>
        <code value="CodeableConcept"/>
      </type>
      <binding>
        <strength value="example"/>
        <description value="Methods for simple observations"/>
        <valueSetReference>
          <reference value="http://hl7.org/fhir/ValueSet/observation-methods"/>
        </valueSetReference>
      </binding>
      <mapping>
        <identity value="v2"/>
        <map value="OBX-17-observation method"/>
      </mapping>
      <mapping>
        <identity value="rim"/>
        <map value="methodCode"/>
      </mapping>
    </element>
    <element>
      <path value="Observation.identifier"/>
      <short value="Unique Id for this particular observation"/>
      <definition value="A unique identifier for the simple observation."/>
      <requirements value="Allows observations to be distinguished and referenced."/>
      <min value="1"/>
      <max value="*"/>
      <base>
        <path value="Observation.identifier"/>
        <min value="0"/>
        <max value="*"/>
      </base>
      <type>
        <code value="Identifier"/>
      </type>
      <mustSupport value="true"/>
      <mapping>
        <identity value="v2"/>
        <map value="OBX.21"/>
      </mapping>
      <mapping>
        <identity value="rim"/>
        <map value="id"/>
      </mapping>
    </element>
    <element>
      <path value="Observation.identifier.id"/>
      <representation value="xmlAttr"/>
      <short value="xml:id (or equivalent in JSON)"/>
      <definition value="unique id for the element within a resource (for internal references)."/>
      <min value="0"/>
      <max value="1"/>
      <base>
        <path value="Identifier.id"/>
        <min value="0"/>
        <max value="1"/>
      </base>
      <type>
        <code value="id"/>
      </type>
      <mapping>
        <identity value="rim"/>
        <map value="n/a"/>
      </mapping>
    </element>
    <element>
      <path value="Observation.identifier.extension"/>
      <short value="Additional Content defined by implementations"/>
      <definition value="May be used to represent additional information that is not part of the basic definition of the element. In order to make the use of extensions safe and manageable, there is a strict set of governance  applied to the definition and use of extensions. Though any implementer is allowed to define an extension, there is a set of requirements that SHALL be met as part of the definition of the extension."/>
      <alias value="extensions"/>
      <alias value="user content"/>
      <min value="0"/>
      <max value="*"/>
      <base>
        <path value="Identifier.extension"/>
        <min value="0"/>
        <max value="*"/>
      </base>
      <type>
        <code value="Extension"/>
      </type>
      <mapping>
        <identity value="rim"/>
        <map value="n/a"/>
      </mapping>
    </element>
    <element>
      <path value="Observation.identifier.use"/>
      <short value="usual | official | temp | secondary (If known)"/>
      <definition value="The purpose of this identifier."/>
      <requirements value="Allows the appropriate identifier for a particular context of use to be selected from among a set of identifiers."/>
      <min value="1"/>
      <max value="1"/>
      <base>
        <path value="Identifier.use"/>
        <min value="0"/>
        <max value="1"/>
      </base>
      <type>
        <code value="code"/>
      </type>
      <mustSupport value="true"/>
      <isModifier value="true"/>
      <binding>
        <strength value="required"/>
        <description value="Identifies the purpose for this identifier, if known"/>
        <valueSetReference>
          <reference value="http://hl7.org/fhir/ValueSet/identifier-use"/>
        </valueSetReference>
      </binding>
      <mapping>
        <identity value="v2"/>
        <map value="N/A"/>
      </mapping>
      <mapping>
        <identity value="rim"/>
        <map value="Role.code or implied by context"/>
      </mapping>
    </element>
    <element>
      <path value="Observation.identifier.type"/>
      <short value="Description of identifier"/>
      <definition value="A coded type for the identifier that can be used to determine which identifier to use for a specific purpose."/>
      <requirements value="Allows users to make use of identifiers when the identifier system is not known."/>
      <min value="0"/>
      <max value="1"/>
      <base>
        <path value="Identifier.type"/>
        <min value="0"/>
        <max value="1"/>
      </base>
      <type>
        <code value="CodeableConcept"/>
      </type>
      <binding>
        <strength value="extensible"/>
        <description value="A coded type for an identifier that can be used to determine which identifier to use for a specific purpose"/>
        <valueSetReference>
          <reference value="http://hl7.org/fhir/ValueSet/identifier-type"/>
        </valueSetReference>
      </binding>
      <mapping>
        <identity value="v2"/>
        <map value="CX.5"/>
      </mapping>
      <mapping>
        <identity value="rim"/>
        <map value="Role.code or implied by context"/>
      </mapping>
    </element>
    <element>
      <path value="Observation.identifier.system"/>
      <short value="The namespace for the identifier"/>
      <definition value="Establishes the namespace in which set of possible id values is unique."/>
      <requirements value="There are many sequences of identifiers.  To perform matching, we need to know what sequence we&#39;re dealing with. The system identifies a particular sequence or set of unique identifiers."/>
      <min value="1"/>
      <max value="1"/>
      <base>
        <path value="Identifier.system"/>
        <min value="0"/>
        <max value="1"/>
      </base>
      <type>
        <code value="uri"/>
      </type>
      <exampleUri value="http://www.acme.com/identifiers/patient or urn:ietf:rfc:3986 if the id itself is a full uri"/>
      <mustSupport value="true"/>
      <mapping>
        <identity value="v2"/>
        <map value="CX.4 / EI-2-4"/>
      </mapping>
      <mapping>
        <identity value="rim"/>
        <map value="II.root or Role.id.root"/>
      </mapping>
      <mapping>
        <identity value="servd"/>
        <map value="./IdentifierType"/>
      </mapping>
    </element>
    <element>
      <path value="Observation.identifier.value"/>
      <short value="The value that is unique"/>
      <definition value="The portion of the identifier typically displayed to the user and which is unique within the context of the system."/>
      <min value="1"/>
      <max value="1"/>
      <base>
        <path value="Identifier.value"/>
        <min value="0"/>
        <max value="1"/>
      </base>
      <type>
        <code value="string"/>
      </type>
      <exampleString value="123456"/>
      <mustSupport value="true"/>
      <mapping>
        <identity value="v2"/>
        <map value="CX.1 / EI.1"/>
      </mapping>
      <mapping>
        <identity value="rim"/>
        <map value="II.extension or II.root if system indicates OID or GUID (Or Role.id.extension or root)"/>
      </mapping>
      <mapping>
        <identity value="servd"/>
        <map value="./Value"/>
      </mapping>
    </element>
    <element>
      <path value="Observation.identifier.period"/>
      <short value="Time period when id is/was valid for use"/>
      <definition value="Time period during which identifier is/was valid for use."/>
      <min value="0"/>
      <max value="1"/>
      <base>
        <path value="Identifier.period"/>
        <min value="0"/>
        <max value="1"/>
      </base>
      <type>
        <code value="Period"/>
      </type>
      <mapping>
        <identity value="v2"/>
        <map value="CX.7 + CX.8"/>
      </mapping>
      <mapping>
        <identity value="rim"/>
        <map value="Role.effectiveTime or implied by context"/>
      </mapping>
      <mapping>
        <identity value="servd"/>
        <map value="./StartDate and ./EndDate"/>
      </mapping>
    </element>
    <element>
      <path value="Observation.identifier.assigner"/>
      <short value="Organization that issued id (may be just text)"/>
      <definition value="Organization that issued/manages the identifier."/>
      <min value="0"/>
      <max value="1"/>
      <base>
        <path value="Identifier.assigner"/>
        <min value="0"/>
        <max value="1"/>
      </base>
      <type>
        <code value="Reference"/>
        <profile value="http://hl7.org/fhir/StructureDefinition/Organization"/>
      </type>
      <mapping>
        <identity value="v2"/>
        <map value="CX.4 / (CX.4,CX.9,CX.10)"/>
      </mapping>
      <mapping>
        <identity value="rim"/>
        <map value="II.assigningAuthorityName but note that this is an improper use by the definition of the field.  Also Role.scoper"/>
      </mapping>
      <mapping>
        <identity value="servd"/>
        <map value="./IdentifierIssuingAuthority"/>
      </mapping>
    </element>
    <element>
      <path value="Observation.subject"/>
      <short value="Who and/or what this is about"/>
      <definition value="The patient, or group of patients, location, or device whose characteristics (direct or indirect) are described by the observation and into whose record the observation is placed.  Comments: Indirect characteristics may be those of a specimen, fetus, donor, 
other observer (for example a relative or EMT), or any observation made about the subject."/>
      <requirements value="Observations have no value if you don&#39;t know who or what they&#39;re about."/>
      <min value="1"/>
      <max value="1"/>
      <base>
        <path value="Observation.subject"/>
        <min value="0"/>
        <max value="1"/>
      </base>
      <type>
        <code value="Reference"/>
        <profile value="http://hl7.org/fhir/StructureDefinition/patient-daf-dafpatient"/>
      </type>
      <mustSupport value="true"/>
      <isSummary value="true"/>
      <mapping>
        <identity value="v2"/>
        <map value="PID-3-patient ID list"/>
      </mapping>
      <mapping>
        <identity value="rim"/>
        <map value="participation[typeCode=SBJ]"/>
      </mapping>
    </element>
    <element>
      <path value="Observation.specimen"/>
      <short value="Specimen used for this observation"/>
      <definition value="The specimen that was used when this observation was made."/>
      <min value="0"/>
      <max value="1"/>
      <base>
        <path value="Observation.specimen"/>
        <min value="0"/>
        <max value="1"/>
      </base>
      <type>
        <code value="Reference"/>
        <profile value="http://hl7.org/fhir/StructureDefinition/Specimen"/>
      </type>
      <mapping>
        <identity value="v2"/>
        <map value="SPM segment"/>
      </mapping>
      <mapping>
        <identity value="rim"/>
        <map value="participation[typeCode=SPC].specimen"/>
      </mapping>
    </element>
    <element>
      <path value="Observation.performer"/>
      <short value="Who is responsible for the observation"/>
      <definition value="Who was responsible for asserting the observed value as &quot;true&quot;."/>
      <requirements value="May give a degree of confidence in the observation and also indicates where follow-up questions should be directed."/>
      <min value="0"/>
      <max value="*"/>
      <base>
        <path value="Observation.performer"/>
        <min value="0"/>
        <max value="*"/>
      </base>
      <type>
        <code value="Reference"/>
        <profile value="http://hl7.org/fhir/StructureDefinition/pract-daf-dafpract"/>
      </type>
      <type>
        <code value="Reference"/>
        <profile value="http://hl7.org/fhir/StructureDefinition/org-daf-daforganization"/>
      </type>
      <type>
        <code value="Reference"/>
        <profile value="http://hl7.org/fhir/StructureDefinition/patient-daf-dafpatient"/>
      </type>
      <type>
        <code value="Reference"/>
        <profile value="http://hl7.org/fhir/StructureDefinition/relatedperson-daf-dafrelatedperson"/>
      </type>
      <isSummary value="true"/>
      <mapping>
        <identity value="v2"/>
        <map value="OBX.15 / (Practitioner)  OBX-16-responsible observer,  PRT-5-participation person:PRT-4-participation=&#39;RO&#39; / 
(Device)  OBX-18-equipment instance identifier , PRT-10-participation device:PRT-4-participation=&#39;EQUIP&#39; / (Organization)  OBX-23-performing organization name,  PRT-8-participation organization:PRT-4-participation=&#39;PO&#39;"/>
      </mapping>
      <mapping>
        <identity value="rim"/>
        <map value="participation[typeCode=PRF]"/>
      </mapping>
    </element>
    <element>
      <path value="Observation.device"/>
      <short value="(Measurement) Device"/>
      <definition value="The device used to generate the observation data."/>
      <min value="0"/>
      <max value="1"/>
      <base>
        <path value="Observation.device"/>
        <min value="0"/>
        <max value="1"/>
      </base>
      <type>
        <code value="Reference"/>
        <profile value="http://hl7.org/fhir/StructureDefinition/Device"/>
      </type>
      <type>
        <code value="Reference"/>
        <profile value="http://hl7.org/fhir/StructureDefinition/DeviceMetric"/>
      </type>
      <mapping>
        <identity value="v2"/>
        <map value="OBX-17 / PRT -10"/>
      </mapping>
      <mapping>
        <identity value="rim"/>
        <map value="participation[typeCode=DEV]"/>
      </mapping>
    </element>
    <element>
      <path value="Observation.encounter"/>
      <short value="Healthcare event during which this observation is made"/>
      <definition value="The healthcare event  ( e.g. a patient and healthcare provider interaction ) during which this observation is made."/>
      <requirements value="For some observations it may be important to know the link between an observation and a particular encounter."/>
      <min value="1"/>
      <max value="1"/>
      <base>
        <path value="Observation.encounter"/>
        <min value="0"/>
        <max value="1"/>
      </base>
      <type>
        <code value="Reference"/>
        <profile value="http://hl7.org/fhir/StructureDefinition/encounter-daf-dafencounter"/>
      </type>
      <mustSupport value="true"/>
      <mapping>
        <identity value="v2"/>
        <map value="PV1"/>
      </mapping>
      <mapping>
        <identity value="rim"/>
        <map value="inboundRelationship[typeCode=COMP].source[classCode=ENC, moodCode=EVN]"/>
      </mapping>
    </element>
    <element>
      <path value="Observation.referenceRange"/>
      <short value="Provides guide for interpretation"/>
      <definition value="Guidance on how to interpret the value by comparison to a normal or recommended range."/>
      <requirements value="Knowing what values are considered &quot;normal&quot; can help evaluate the significance of a particular result. Need to be able to provide multiple reference ranges for different contexts."/>
      <min value="0"/>
      <max value="1"/>
      <base>
        <path value="Observation.referenceRange"/>
        <min value="0"/>
        <max value="*"/>
      </base>
      <type>
        <code value="BackboneElement"/>
      </type>
      <constraint>
        <key value="obs-3"/>
        <severity value="error"/>
        <human value="Must have at least a low or a high or text"/>
        <xpath value="(exists(f:low) or exists(f:high)or exists(f:text))"/>
      </constraint>
      <mustSupport value="true"/>
      <mapping>
        <identity value="v2"/>
        <map value="OBX.7"/>
      </mapping>
      <mapping>
        <identity value="rim"/>
        <map value="outboundRelationship[typeCode=REFV]/target[classCode=OBS, moodCode=EVN]"/>
      </mapping>
    </element>
    <element>
      <path value="Observation.referenceRange.id"/>
      <representation value="xmlAttr"/>
      <short value="xml:id (or equivalent in JSON)"/>
      <definition value="unique id for the element within a resource (for internal references)."/>
      <min value="0"/>
      <max value="1"/>
      <base>
        <path value="Observation.referenceRange.id"/>
        <min value="0"/>
        <max value="1"/>
      </base>
      <type>
        <code value="id"/>
      </type>
      <mapping>
        <identity value="rim"/>
        <map value="n/a"/>
      </mapping>
    </element>
    <element>
      <path value="Observation.referenceRange.extension"/>
      <short value="Additional Content defined by implementations"/>
      <definition value="May be used to represent additional information that is not part of the basic definition of the element. In order to make the use of extensions safe and manageable, there is a strict set of governance  applied to the definition and use of extensions. Though any implementer is allowed to define an extension, there is a set of requirements that SHALL be met as part of the definition of the extension."/>
      <alias value="extensions"/>
      <alias value="user content"/>
      <min value="0"/>
      <max value="*"/>
      <base>
        <path value="Observation.referenceRange.extension"/>
        <min value="0"/>
        <max value="*"/>
      </base>
      <type>
        <code value="Extension"/>
      </type>
      <mapping>
        <identity value="rim"/>
        <map value="n/a"/>
      </mapping>
    </element>
    <element>
      <path value="Observation.referenceRange.modifierExtension"/>
      <short value="Extensions that cannot be ignored"/>
      <definition value="May be used to represent additional information that is not part of the basic definition of the element, and that modifies the understanding of the element that contains it. Usually modifier elements provide negation or qualification. In order to make the use of extensions safe and manageable, there is a strict set of governance applied to the definition and use of extensions. Though any implementer is allowed to define an extension, there is a set of requirements that SHALL be met as part of the definition of the extension. Applications processing a resource are required to check for modifier extensions."/>
      <alias value="extensions"/>
      <alias value="user content"/>
      <alias value="modifiers"/>
      <min value="0"/>
      <max value="*"/>
      <base>
        <path value="Observation.referenceRange.modifierExtension"/>
        <min value="0"/>
        <max value="*"/>
      </base>
      <type>
        <code value="Extension"/>
      </type>
      <isModifier value="true"/>
      <mapping>
        <identity value="rim"/>
        <map value="N/A"/>
      </mapping>
    </element>
    <element>
      <path value="Observation.referenceRange.low"/>
      <short value="Low Range, if relevant"/>
      <definition value="The value of the low bound of the reference range. If this element is omitted, the low bound of the reference range is assumed to be meaningless. (e.g. reference range is &lt;2.3)  If the low.comparator element is missing, it is assumed to be &#39;&gt;&#39;."/>
      <min value="0"/>
      <max value="1"/>
      <base>
        <path value="Observation.referenceRange.low"/>
        <min value="0"/>
        <max value="1"/>
      </base>
      <type>
        <code value="Quantity"/>
      </type>
      <condition value="obs-3"/>
      <condition value="obs-4"/>
      <constraint>
        <key value="obs-4"/>
        <severity value="error"/>
        <human value="Low range comparators can only be &#39;&gt;&#39; or &#39;&gt;=&#39; or empty"/>
        <xpath value="not(exists(f:comparator)) or boolean(f:comparator/@value = &#39;&lt;&#39;) or boolean(f:comparator/@value = &#39;&lt;=&#39;)"/>
      </constraint>
      <mapping>
        <identity value="v2"/>
        <map value="OBX-7-references range"/>
      </mapping>
      <mapping>
        <identity value="rim"/>
        <map value="value:IVL_PQ.low"/>
      </mapping>
    </element>
    <element>
      <path value="Observation.referenceRange.high"/>
      <short value="High Range, if relevant"/>
      <definition value="The value of the high bound of the reference range. If this element is omitted, the high bound of the reference range is assumed to be meaningless. (e.g. reference range is &gt; 5)  If the low.comparator element is missing , it is assumed to be &#39;&lt;&#39;."/>
      <min value="0"/>
      <max value="1"/>
      <base>
        <path value="Observation.referenceRange.high"/>
        <min value="0"/>
        <max value="1"/>
      </base>
      <type>
        <code value="Quantity"/>
      </type>
      <condition value="obs-3"/>
      <condition value="obs-5"/>
      <constraint>
        <key value="obs-5"/>
        <severity value="error"/>
        <human value="High range comparators can only be &#39;&lt;&#39; or &#39;&lt;=&#39; or empty"/>
        <xpath value="not(exists(f:comparator)) or boolean(f:comparator/@value = &#39;&gt;&#39;) or boolean(f:comparator/@value = &#39;&gt;=&#39;)"/>
      </constraint>
      <mapping>
        <identity value="v2"/>
        <map value="OBX-7-references range"/>
      </mapping>
      <mapping>
        <identity value="rim"/>
        <map value="value:IVL_PQ.high"/>
      </mapping>
    </element>
    <element>
      <path value="Observation.referenceRange.meaning"/>
      <short value="Indicates the meaning/use of this range of this range"/>
      <definition value="Code for the meaning of the reference range."/>
      <requirements value="Need to be able to say what kind of reference range this is - normal, recommended, therapeutic, or perhaps what state this reference range applies to (i.e. age, hormonal cycles, etc.)."/>
      <min value="0"/>
      <max value="1"/>
      <base>
        <path value="Observation.referenceRange.meaning"/>
        <min value="0"/>
        <max value="1"/>
      </base>
      <type>
        <code value="CodeableConcept"/>
      </type>
      <binding>
        <strength value="example"/>
        <description value="Code for the meaning of a reference range"/>
        <valueSetReference>
          <reference value="http://hl7.org/fhir/ValueSet/referencerange-meaning"/>
        </valueSetReference>
      </binding>
      <mapping>
        <identity value="v2"/>
        <map value="OBX-10-nature of abnormal test?"/>
      </mapping>
      <mapping>
        <identity value="rim"/>
        <map value="interpretationCode"/>
      </mapping>
    </element>
    <element>
      <path value="Observation.referenceRange.age"/>
      <short value="Applicable age range, if relevant"/>
      <definition value="The age at which this reference range is applicable. This is a neonatal age (e.g. number of weeks at term) if the meaning says so."/>
      <requirements value="Some analytes vary greatly over age."/>
      <min value="0"/>
      <max value="1"/>
      <base>
        <path value="Observation.referenceRange.age"/>
        <min value="0"/>
        <max value="1"/>
      </base>
      <type>
        <code value="Range"/>
      </type>
      <mapping>
        <identity value="rim"/>
        <map value="outboundRelationship[typeCode=PRCN].targetObservationCriterion[code=&quot;age&quot;].value"/>
      </mapping>
    </element>
    <element>
      <path value="Observation.referenceRange.text"/>
      <short value="Text based reference range in an observation"/>
      <definition value="Text based reference range in an observation which may be used when a quantitative range is not appropriate for an observation.  An example would be a reference value of &quot;Negative&quot; or a list or table of &#39;normals&#39;."/>
      <min value="0"/>
      <max value="1"/>
      <base>
        <path value="Observation.referenceRange.text"/>
        <min value="0"/>
        <max value="1"/>
      </base>
      <type>
        <code value="string"/>
      </type>
      <mustSupport value="true"/>
      <mapping>
        <identity value="v2"/>
        <map value="OBX-7-references range"/>
      </mapping>
      <mapping>
        <identity value="rim"/>
        <map value="value:ST"/>
      </mapping>
    </element>
    <element>
      <path value="Observation.related"/>
      <short value="Resource related to this observation"/>
      <definition value="A  reference to another resource ( usally another Observation but could  also be a QuestionnaireAnswer) whose relationship is defined by the relationship type code."/>
      <requirements value="Normally, an observation will have either a value or a set of related observations. A few observations (e.g. apgar store) may have both a value and a set of related observations or sometimes questionnaireanswers  from which the measure is derived."/>
      <min value="0"/>
      <max value="0"/>
      <base>
        <path value="Observation.related"/>
        <min value="0"/>
        <max value="*"/>
      </base>
      <type>
        <code value="BackboneElement"/>
      </type>
      <isSummary value="true"/>
      <mapping>
        <identity value="v2"/>
        <map value="Relationships established by OBX-4 usage"/>
      </mapping>
      <mapping>
        <identity value="rim"/>
        <map value="outBoundRelationship"/>
      </mapping>
    </element>
    <element>
      <path value="Observation.related.id"/>
      <representation value="xmlAttr"/>
      <short value="xml:id (or equivalent in JSON)"/>
      <definition value="unique id for the element within a resource (for internal references)."/>
      <min value="0"/>
      <max value="1"/>
      <base>
        <path value="Observation.related.id"/>
        <min value="0"/>
        <max value="1"/>
      </base>
      <type>
        <code value="id"/>
      </type>
      <mapping>
        <identity value="rim"/>
        <map value="n/a"/>
      </mapping>
    </element>
    <element>
      <path value="Observation.related.extension"/>
      <short value="Additional Content defined by implementations"/>
      <definition value="May be used to represent additional information that is not part of the basic definition of the element. In order to make the use of extensions safe and manageable, there is a strict set of governance  applied to the definition and use of extensions. Though any implementer is allowed to define an extension, there is a set of requirements that SHALL be met as part of the definition of the extension."/>
      <alias value="extensions"/>
      <alias value="user content"/>
      <min value="0"/>
      <max value="*"/>
      <base>
        <path value="Observation.related.extension"/>
        <min value="0"/>
        <max value="*"/>
      </base>
      <type>
        <code value="Extension"/>
      </type>
      <mapping>
        <identity value="rim"/>
        <map value="n/a"/>
      </mapping>
    </element>
    <element>
      <path value="Observation.related.modifierExtension"/>
      <short value="Extensions that cannot be ignored"/>
      <definition value="May be used to represent additional information that is not part of the basic definition of the element, and that modifies the understanding of the element that contains it. Usually modifier elements provide negation or qualification. In order to make the use of extensions safe and manageable, there is a strict set of governance applied to the definition and use of extensions. Though any implementer is allowed to define an extension, there is a set of requirements that SHALL be met as part of the definition of the extension. Applications processing a resource are required to check for modifier extensions."/>
      <alias value="extensions"/>
      <alias value="user content"/>
      <alias value="modifiers"/>
      <min value="0"/>
      <max value="*"/>
      <base>
        <path value="Observation.related.modifierExtension"/>
        <min value="0"/>
        <max value="*"/>
      </base>
      <type>
        <code value="Extension"/>
      </type>
      <isModifier value="true"/>
      <mapping>
        <identity value="rim"/>
        <map value="N/A"/>
      </mapping>
    </element>
    <element>
      <path value="Observation.related.type"/>
      <short value="has-member | derived-from | sequel-to | replaces | qualified-by | interfered-by"/>
      <definition value="A code specifying the kind of relationship that exists with the target resource."/>
      <requirements value="A relationship type SHOULD be provided."/>
      <min value="0"/>
      <max value="1"/>
      <base>
        <path value="Observation.related.type"/>
        <min value="0"/>
        <max value="1"/>
      </base>
      <type>
        <code value="code"/>
      </type>
      <binding>
        <strength value="required"/>
        <description value="Codes specifying how two observations are related"/>
        <valueSetReference>
          <reference value="http://hl7.org/fhir/ValueSet/observation-relationshiptypes"/>
        </valueSetReference>
      </binding>
      <mapping>
        <identity value="v2"/>
        <map value="N/A"/>
      </mapping>
      <mapping>
        <identity value="rim"/>
        <map value=".typeCode"/>
      </mapping>
    </element>
    <element>
      <path value="Observation.related.target"/>
      <short value="Resource that is related to this one"/>
      <definition value="A reference to the observation or questionnaireanswer that is related to this observation."/>
      <min value="1"/>
      <max value="1"/>
      <base>
        <path value="Observation.related.target"/>
        <min value="1"/>
        <max value="1"/>
      </base>
      <type>
        <code value="Reference"/>
        <profile value="http://hl7.org/fhir/StructureDefinition/Observation"/>
      </type>
      <type>
        <code value="Reference"/>
        <profile value="http://hl7.org/fhir/StructureDefinition/QuestionnaireAnswers"/>
      </type>
      <mapping>
        <identity value="rim"/>
        <map value=".targetObservation"/>
      </mapping>
    </element>
    <element>
      <path value="Observation.component"/>
      <short value="Component results"/>
      <definition value="Some observations have multiple component observations.  These component observations are expressed as separate code value pairs that share the same attributes.  Examples include systolic and diastolic component observations for blood pressure measurement and multiple component observations for for genetics observations."/>
      <requirements value="Component observations share the same attributes in the Observation resource as the primary observation and are always treated a part of a single observation ( they are not seperable).   However, the reference range for the primary observation value is not inherited by the component values and is required when appropriate for each component observation."/>
      <min value="0"/>
      <max value="*"/>
      <base>
        <path value="Observation.component"/>
        <min value="0"/>
        <max value="*"/>
      </base>
      <type>
        <code value="BackboneElement"/>
      </type>
      <isSummary value="true"/>
      <mapping>
        <identity value="rim"/>
        <map value="outBoundRelationship[typeCode=COMP]"/>
      </mapping>
    </element>
    <element>
      <path value="Observation.component.id"/>
      <representation value="xmlAttr"/>
      <short value="xml:id (or equivalent in JSON)"/>
      <definition value="unique id for the element within a resource (for internal references)."/>
      <min value="0"/>
      <max value="1"/>
      <base>
        <path value="Observation.component.id"/>
        <min value="0"/>
        <max value="1"/>
      </base>
      <type>
        <code value="id"/>
      </type>
      <mapping>
        <identity value="rim"/>
        <map value="n/a"/>
      </mapping>
    </element>
    <element>
      <path value="Observation.component.extension"/>
      <short value="Additional Content defined by implementations"/>
      <definition value="May be used to represent additional information that is not part of the basic definition of the element. In order to make the use of extensions safe and manageable, there is a strict set of governance  applied to the definition and use of extensions. Though any implementer is allowed to define an extension, there is a set of requirements that SHALL be met as part of the definition of the extension."/>
      <alias value="extensions"/>
      <alias value="user content"/>
      <min value="0"/>
      <max value="*"/>
      <base>
        <path value="Observation.component.extension"/>
        <min value="0"/>
        <max value="*"/>
      </base>
      <type>
        <code value="Extension"/>
      </type>
      <mapping>
        <identity value="rim"/>
        <map value="n/a"/>
      </mapping>
    </element>
    <element>
      <path value="Observation.component.modifierExtension"/>
      <short value="Extensions that cannot be ignored"/>
      <definition value="May be used to represent additional information that is not part of the basic definition of the element, and that modifies the understanding of the element that contains it. Usually modifier elements provide negation or qualification. In order to make the use of extensions safe and manageable, there is a strict set of governance applied to the definition and use of extensions. Though any implementer is allowed to define an extension, there is a set of requirements that SHALL be met as part of the definition of the extension. Applications processing a resource are required to check for modifier extensions."/>
      <alias value="extensions"/>
      <alias value="user content"/>
      <alias value="modifiers"/>
      <min value="0"/>
      <max value="*"/>
      <base>
        <path value="Observation.component.modifierExtension"/>
        <min value="0"/>
        <max value="*"/>
      </base>
      <type>
        <code value="Extension"/>
      </type>
      <isModifier value="true"/>
      <mapping>
        <identity value="rim"/>
        <map value="N/A"/>
      </mapping>
    </element>
    <element>
      <path value="Observation.component.code"/>
      <short value="Type of component observation (code / type)"/>
      <definition value="Describes what was observed. Sometimes this is called the observation &quot;code&quot;."/>
      <requirements value="Knowing what kind of observation is being made is essential to understanding the observation."/>
      <min value="1"/>
      <max value="1"/>
      <base>
        <path value="Observation.component.code"/>
        <min value="1"/>
        <max value="1"/>
      </base>
      <type>
        <code value="CodeableConcept"/>
      </type>
      <condition value="obs-7"/>
      <isSummary value="true"/>
      <binding>
        <strength value="example"/>
        <description value="Codes identifying types of simple observations"/>
        <valueSetReference>
          <reference value="http://hl7.org/fhir/ValueSet/observation-codes"/>
        </valueSetReference>
      </binding>
      <mapping>
        <identity value="v2"/>
        <map value="OBX-3-observation identifier"/>
      </mapping>
      <mapping>
        <identity value="rim"/>
        <map value="code"/>
      </mapping>
    </element>
    <element>
      <path value="Observation.component.value[x]"/>
      <short value="Actual component result"/>
      <definition value="The information determined as a result of making the observation, if the information has a simple value."/>
      <requirements value="An observation exists to have a value, though it may not if it is in error, or it represents a group of observations."/>
      <min value="0"/>
      <max value="1"/>
      <base>
        <path value="Observation.component.value[x]"/>
        <min value="0"/>
        <max value="1"/>
      </base>
      <type>
        <code value="Quantity"/>
      </type>
      <type>
        <code value="CodeableConcept"/>
      </type>
      <type>
        <code value="string"/>
      </type>
      <type>
        <code value="Range"/>
      </type>
      <type>
        <code value="Ratio"/>
      </type>
      <type>
        <code value="SampledData"/>
      </type>
      <type>
        <code value="Attachment"/>
      </type>
      <type>
        <code value="time"/>
      </type>
      <type>
        <code value="dateTime"/>
      </type>
      <type>
        <code value="Period"/>
      </type>
      <isSummary value="true"/>
      <binding>
        <strength value="example"/>
        <description value="Codes identifying atomic results of observations when value is type codeableConcept"/>
        <valueSetReference>
          <reference value="http://hl7.org/fhir/ValueSet/observation-values"/>
        </valueSetReference>
      </binding>
      <mapping>
        <identity value="v2"/>
        <map value="OBX.2, OBX.5, OBX.6"/>
      </mapping>
      <mapping>
        <identity value="rim"/>
        <map value="value"/>
      </mapping>
    </element>
    <element>
      <path value="Observation.component.dataAbsentReason"/>
      <short value="Why the component result is missing"/>
      <definition value="Provides a reason why the expected value in the element Observation.value[x] is missing."/>
      <requirements value="For many results it is necessary to handle exceptional values in measurements."/>
      <min value="0"/>
      <max value="1"/>
      <base>
        <path value="Observation.component.dataAbsentReason"/>
        <min value="0"/>
        <max value="1"/>
      </base>
      <type>
        <code value="CodeableConcept"/>
      </type>
      <condition value="obs-6"/>
      <binding>
        <strength value="extensible"/>
        <description value="Codes specifying why the result (Observation.value[x]) is missing"/>
        <valueSetReference>
          <reference value="http://hl7.org/fhir/ValueSet/observation-valueabsentreason"/>
        </valueSetReference>
      </binding>
      <mapping>
        <identity value="v2"/>
        <map value="N/A"/>
      </mapping>
      <mapping>
        <identity value="rim"/>
        <map value="value.nullFlavor"/>
      </mapping>
    </element>
    <element>
      <path value="Observation.component.referenceRange"/>
      <short value="Provides guide for interpretation ofcomponent result"/>
      <definition value="Guidance on how to interpret the value by comparison to a normal or recommended range."/>
      <requirements value="Knowing what values are considered &quot;normal&quot; can help evaluate the significance of a particular result. Need to be able to provide multiple reference ranges for different contexts."/>
      <min value="0"/>
      <max value="*"/>
      <base>
        <path value="Observation.component.referenceRange"/>
        <min value="0"/>
        <max value="*"/>
      </base>
      <nameReference value="referenceRange"/>
      <mapping>
        <identity value="v2"/>
        <map value="OBX.7"/>
      </mapping>
      <mapping>
        <identity value="rim"/>
        <map value="outboundRelationship[typeCode=REFV]/target[classCode=OBS, moodCode=EVN]"/>
      </mapping>
    </element>
  </snapshot>
  <differential>
    <element>
      <path value="Observation"/>
      <name value="DAFResultObsRatio"/>
      <short value="US Realm DAF laboratory result using Ratio Data Type for numeric results"/>
      <definition value="US Realm clinical quantitative laboratory results to ordering providers in the ambulatory care setting and &quot;reportable&quot; laboratory test results to local public health agencies."/>
      <alias value="Obs"/>
      <min value="0"/>
      <max value="*"/>
      <type>
        <code value="Observation"/>
      </type>
    </element>
    <element>
      <path value="Observation.code"/>
      <short value="US Realm Laboratory Test Name"/>
      <definition value="The laboratory test that was performed.  This is element is bound to LOINC."/>
      <requirements value="The use of the Logical Observation Identifiers Names and Codes (LOINC) code system is required where a LOINC code is available for the Observation.code, i.e. the being resulted."/>
      <alias value="Test Name"/>
      <alias value="Observation Identifer"/>
      <min value="1"/>
      <max value="1"/>
      <type>
        <code value="CodeableConcept"/>
      </type>
      <mustSupport value="true"/>
      <binding>
        <strength value="extensible"/>
        <description value="LOINC codes"/>
        <valueSetReference>
          <reference value="http://hl7.org/fhir/ValueSet/obs-uslab-codes"/>
        </valueSetReference>
      </binding>
    </element>
    <element>
      <path value="Observation.code.coding"/>
      <min value="1"/>
      <max value="*"/>
      <type>
        <code value="Coding"/>
      </type>
      <mustSupport value="true"/>
    </element>
    <element>
      <path value="Observation.code.coding.system"/>
      <min value="1"/>
      <max value="1"/>
      <type>
        <code value="uri"/>
      </type>
      <mustSupport value="true"/>
    </element>
    <element>
      <path value="Observation.code.coding.code"/>
      <min value="1"/>
      <max value="1"/>
      <type>
        <code value="code"/>
      </type>
      <mustSupport value="true"/>
    </element>
    <element>
      <path value="Observation.code.coding.display"/>
      <min value="0"/>
      <max value="1"/>
      <type>
        <code value="string"/>
      </type>
      <mustSupport value="true"/>
    </element>
    <element>
      <path value="Observation.code.text"/>
      <short value="Display text"/>
      <definition value="This is the laboratory defined display text for the lab test if different from the code display text(s)."/>
      <requirements value="Used when the laboratory define how the dsplay text if different from the code display text."/>
      <min value="0"/>
      <max value="1"/>
      <type>
        <code value="string"/>
      </type>
      <mustSupport value="true"/>
    </element>
    <element>
      <path value="Observation.valueRatio"/>
      <short value="Titre value"/>
      <definition value="This is the actual titer result.  The Ratio data type is used for titers (e.g., &quot;1:128&quot;) and other quantities produced by laboratories that truly represent ratios."/>
      <alias value="titers"/>
      <min value="0"/>
      <max value="1"/>
      <mustSupport value="true"/>
    </element>
    <element>
      <path value="Observation.valueRatio.numerator"/>
      <min value="0"/>
      <max value="1"/>
      <type>
        <code value="Quantity"/>
      </type>
      <mustSupport value="true"/>
    </element>
    <element>
      <path value="Observation.valueRatio.denominator"/>
      <min value="0"/>
      <max value="1"/>
      <type>
        <code value="Quantity"/>
      </type>
      <mustSupport value="true"/>
    </element>
    <element>
      <path value="Observation.dataAbsentReason"/>
      <min value="0"/>
      <max value="1"/>
      <type>
        <code value="CodeableConcept"/>
      </type>
      <mustSupport value="true"/>
    </element>
    <element>
      <path value="Observation.interpretation"/>
      <min value="0"/>
      <max value="1"/>
      <type>
        <code value="CodeableConcept"/>
      </type>
      <mustSupport value="true"/>
      <binding>
        <strength value="required"/>
        <description value="Codes identifying interpretations of observations"/>
        <valueSetReference>
          <reference value="http://hl7.org/fhir/ValueSet/obs-uslab-interpretation"/>
        </valueSetReference>
      </binding>
    </element>
    <element>
      <path value="Observation.interpretation.coding"/>
      <min value="1"/>
      <max value="*"/>
      <type>
        <code value="Coding"/>
      </type>
      <mustSupport value="true"/>
    </element>
    <element>
      <path value="Observation.interpretation.coding.system"/>
      <min value="1"/>
      <max value="1"/>
      <type>
        <code value="uri"/>
      </type>
      <mustSupport value="true"/>
    </element>
    <element>
      <path value="Observation.interpretation.coding.code"/>
      <min value="1"/>
      <max value="1"/>
      <type>
        <code value="code"/>
      </type>
      <mustSupport value="true"/>
    </element>
    <element>
      <path value="Observation.effective[x]"/>
      <definition value="For lab tests this is the specimen collection date.  For Ask at Order Entry Questions (AOE)&#39;s this is the date the question was asked."/>
      <requirements value="Minimum Precision to Day."/>
      <min value="0"/>
      <max value="1"/>
      <type>
        <code value="dateTime"/>
      </type>
      <type>
        <code value="Period"/>
      </type>
      <condition value="inv-1"/>
      <constraint>
        <key value="inv-1"/>
        <severity value="error"/>
        <human value="Datetime must be at least to day."/>
        <xpath value="f:matches(effectiveDateTime,/\d{4}-[01]\d-[0-3]\dT[0-2]\d:[0-5]\d([+-][0-2]\d:[0-5]\d|Z)/)"/>
      </constraint>
      <mustSupport value="true"/>
    </element>
    <element>
      <path value="Observation.issued"/>
      <requirements value="Minimum Precision to Day."/>
      <min value="0"/>
      <max value="1"/>
      <type>
        <code value="instant"/>
      </type>
      <mustSupport value="true"/>
    </element>
    <element>
      <path value="Observation.status"/>
      <min value="1"/>
      <max value="1"/>
      <type>
        <code value="code"/>
      </type>
      <mustSupport value="true"/>
    </element>
    <element>
      <path value="Observation.bodySite[x]"/>
      <min value="0"/>
      <max value="0"/>
    </element>
    <element>
      <path value="Observation.identifier"/>
      <min value="1"/>
      <max value="*"/>
      <type>
        <code value="Identifier"/>
      </type>
      <mustSupport value="true"/>
    </element>
    <element>
      <path value="Observation.identifier.use"/>
      <min value="1"/>
      <max value="1"/>
      <type>
        <code value="code"/>
      </type>
      <mustSupport value="true"/>
    </element>
    <element>
      <path value="Observation.identifier.system"/>
      <min value="1"/>
      <max value="1"/>
      <type>
        <code value="uri"/>
      </type>
      <mustSupport value="true"/>
    </element>
    <element>
      <path value="Observation.identifier.value"/>
      <min value="1"/>
      <max value="1"/>
      <type>
        <code value="string"/>
      </type>
      <mustSupport value="true"/>
    </element>
    <element>
      <path value="Observation.subject"/>
      <min value="1"/>
      <max value="1"/>
      <type>
        <code value="Reference"/>
        <profile value="http://hl7.org/fhir/StructureDefinition/patient-daf-dafpatient"/>
      </type>
      <mustSupport value="true"/>
    </element>
    <element>
      <path value="Observation.performer"/>
      <min value="0"/>
      <max value="*"/>
      <type>
        <code value="Reference"/>
        <profile value="http://hl7.org/fhir/StructureDefinition/pract-daf-dafpract"/>
      </type>
      <type>
        <code value="Reference"/>
        <profile value="http://hl7.org/fhir/StructureDefinition/org-daf-daforganization"/>
      </type>
      <type>
        <code value="Reference"/>
        <profile value="http://hl7.org/fhir/StructureDefinition/patient-daf-dafpatient"/>
      </type>
      <type>
        <code value="Reference"/>
        <profile value="http://hl7.org/fhir/StructureDefinition/relatedperson-daf-dafrelatedperson"/>
      </type>
    </element>
    <element>
      <path value="Observation.encounter"/>
      <min value="1"/>
      <max value="1"/>
      <type>
        <code value="Reference"/>
        <profile value="http://hl7.org/fhir/StructureDefinition/encounter-daf-dafencounter"/>
      </type>
      <mustSupport value="true"/>
    </element>
    <element>
      <path value="Observation.referenceRange"/>
      <min value="0"/>
      <max value="1"/>
      <mustSupport value="true"/>
    </element>
    <element>
      <path value="Observation.referenceRange.text"/>
      <min value="0"/>
      <max value="1"/>
      <type>
        <code value="string"/>
      </type>
      <mustSupport value="true"/>
    </element>
    <element>
      <path value="Observation.related"/>
      <min value="0"/>
      <max value="0"/>
    </element>
  </differential>
</StructureDefinition>