<?xml version="1.0" encoding="UTF-8"?><Observation xmlns="http://hl7.org/fhir">
  <id value="f005"/>
    <text><status value="generated"/><div xmlns="http://www.w3.org/1999/xhtml"><p><b>Generated Narrative with Details</b></p><p><b>id</b>: f005</p><p><b>code</b>: Hemoglobin [Mass/volume] in Venous blood <span>(Details : {LOINC code &#39;30350-3&#39; = &#39;Hemoglobin [Mass/volume] in Venous blood&#39;, given as &#39;Hemoglobin [Mass/volume] in Venous blood&#39;})</span></p><p><b>value</b>: 7.2 g/dl<span> (Details: http://unitsofmeasure.org code g/dL = &#39;g/dL&#39;)</span></p><p><b>interpretation</b>: Below low normal <span>(Details : {http://hl7.org/fhir/v2/0078 code &#39;L&#39; = &#39;Below low normal&#39;, given as &#39;Below low normal&#39;})</span></p><p><b>effective</b>: Apr 2, 2013 10:30:10 AM --&gt; Apr 5, 2013 10:30:10 AM</p><p><b>issued</b>: Apr 3, 2013 3:30:10 PM</p><p><b>status</b>: final</p><p><b>identifier</b>: 6327 (OFFICIAL)</p><p><b>subject</b>: <a>P. van de Heuvel</a></p><p><b>performer</b>: <a>A. Langeveld</a></p><h3>ReferenceRanges</h3><table><tr><td>-</td><td><b>Low</b></td><td><b>High</b></td></tr><tr><td>*</td><td>7.5 g/dl<span> (Details: http://unitsofmeasure.org code g/dL = &#39;g/dL&#39;)</span></td><td>10 g/dl<span> (Details: http://unitsofmeasure.org code g/dL = &#39;g/dL&#39;)</span></td></tr></table></div></text><code>
        <coding>
            <system value="http://loinc.org"/>
            <code value="30350-3"/>
            <display value="Hemoglobin [Mass/volume] in Venous blood"/>
        </coding>
    </code>
    <valueQuantity>
        <value value="7.2"/>
        <units value="g/dl"/>
        <system value="http://unitsofmeasure.org"/>
        <code value="g/dL"/>
    </valueQuantity>
    <interpretation>
        <coding>
            <system value="http://hl7.org/fhir/v2/0078"/>
            <code value="L"/>
            <display value="Below low normal"/>
        </coding>
    </interpretation>
    <effectivePeriod>
        <start value="2013-04-02T10:30:10+01:00"/>
        <end value="2013-04-05T10:30:10+01:00"/>
    </effectivePeriod>
    <issued value="2013-04-03T15:30:10+01:00"/>
    <status value="final"/> <!--   urn:oid:2.16.840.1.113883.4.642.1.7   -->
   
    <identifier>
        <use value="official"/>
        <system value="http://www.bmc.nl/zorgportal/identifiers/observations"/>
        <value value="6327"/>
    </identifier>
    <subject>
        <reference value="Patient/f001"/>
        <display value="P. van de Heuvel"/>
    </subject>
    <performer>
        <reference value="Practitioner/f005"/>
        <display value="A. Langeveld"/>
    </performer>
    <referenceRange>
      <low>
          <value value="7.5"/>
          <units value="g/dl"/>
          <system value="http://unitsofmeasure.org"/>
          <code value="g/dL"/>
      </low>
      <high>
          <value value="10"/>
          <units value="g/dl"/>
          <system value="http://unitsofmeasure.org"/>
          <code value="g/dL"/>
      </high>
    </referenceRange>
</Observation>