<?xml version="1.0" encoding="UTF-8"?>

<OperationDefinition xmlns="http://hl7.org/fhir">
  <id value="ConceptMap-batch-translate"/>
  <text>
    <status value="generated"/>
    <div xmlns="http://www.w3.org/1999/xhtml">
      <h2>Batch Mode Translation</h2>
      <p>OPERATION: Batch Mode Translation</p>
      <div>
        <p>Translate a set of concepts from one value set to another, based on the existing value set and concept maps resources, and/or other additional knowledge available to the server</p>

      </div>
      <p>URL: [base]/ConceptMap/$batch-translate</p>
      <p>Parameters</p>
      <table class="grid">
        <tr>
          <td>
            <b>Use</b>
          </td>
          <td>
            <b>Name</b>
          </td>
          <td>
            <b>Cardinality</b>
          </td>
          <td>
            <b>Type</b>
          </td>
          <td>
            <b>Binding</b>
          </td>
          <td>
            <b>Documentation</b>
          </td>
        </tr>
        <tr>
          <td>IN</td>
          <td>item</td>
          <td>0..*</td>
          <td></td>
          <td/>
          <td>
            <div>
              <p>An item to be translated</p>

            </div>
          </td>
        </tr>
        <tr>
          <td>IN</td>
          <td>item.valueSet</td>
          <td>0..1</td>
          <td>uri</td>
          <td/>
          <td>
            <div>
              <p>Identifies the value set used when the concept (system/code pair) was chosen. May be a logical id, or an absolute or relative location</p>

            </div>
          </td>
        </tr>
        <tr>
          <td>IN</td>
          <td>item.concept</td>
          <td>0..1</td>
          <td>CodeableConcept</td>
          <td/>
          <td>
            <div>
              <p>A full codeableConcept to validate. The server can translate any of the coding values (e.g. existing translations) as it chooses</p>

            </div>
          </td>
        </tr>
        <tr>
          <td>IN</td>
          <td>item.target</td>
          <td>1..1</td>
          <td>uri</td>
          <td/>
          <td>
            <div>
              <p>Identifies the value set in which a translation is sought. May be a logical id, or an absolute or relative location</p>

            </div>
          </td>
        </tr>
        <tr>
          <td>IN</td>
          <td>item.dependency</td>
          <td>0..*</td>
          <td></td>
          <td/>
          <td>
            <div>
              <p>Another element that may help produce the correct mapping</p>

            </div>
          </td>
        </tr>
        <tr>
          <td>IN</td>
          <td>item.dependency.element</td>
          <td>0..1</td>
          <td>uri</td>
          <td/>
          <td>
            <div>
              <p>The element for this dependency</p>

            </div>
          </td>
        </tr>
        <tr>
          <td>IN</td>
          <td>item.dependency.concept</td>
          <td>0..1</td>
          <td>CodeableConcept</td>
          <td/>
          <td>
            <div>
              <p>The value for this dependency</p>

            </div>
          </td>
        </tr>
        <tr>
          <td>OUT</td>
          <td>item</td>
          <td>0..*</td>
          <td></td>
          <td/>
          <td>
            <div>
              <p>A translated item. There SHALL be an item from each item in the request, in the same order</p>

            </div>
          </td>
        </tr>
        <tr>
          <td>OUT</td>
          <td>item.result</td>
          <td>1..1</td>
          <td>boolean</td>
          <td/>
          <td>
            <div>
              <p>True if the concept could be translated successfully. The value can only be true if at least one returned match has an equivalence which is not  unmatched or disjoint</p>

            </div>
          </td>
        </tr>
        <tr>
          <td>OUT</td>
          <td>item.message</td>
          <td>0..1</td>
          <td>string</td>
          <td/>
          <td>
            <div>
              <p>Error details, for display to a human. If this is provided when result = true, the message carries hints and warnings (e.g. a note that the matches could be improved by providing additional detail)</p>

            </div>
          </td>
        </tr>
        <tr>
          <td>OUT</td>
          <td>item.match</td>
          <td>0..*</td>
          <td></td>
          <td/>
          <td>
            <div>
              <p>A concept in the target value set with an equivalence. Note that there may be multiple matches of equal or differing equivalence, and the matches may include equivalence values that mean that there is no match</p>

            </div>
          </td>
        </tr>
        <tr>
          <td>OUT</td>
          <td>item.match.equivalence</td>
          <td>0..1</td>
          <td>code</td>
          <td/>
          <td>
            <div>
              <p>A code indicating the equivalence of the translation, using values from [ConceptMapEquivalence]{concept-map-equivalence.html}</p>

            </div>
          </td>
        </tr>
        <tr>
          <td>OUT</td>
          <td>item.match.concept</td>
          <td>0..1</td>
          <td>Coding</td>
          <td/>
          <td>
            <div>
              <p>The translation outcome. Note that this would never have userSelected = true, since the process of translations implies that the user is not selecting the code (and only the client could know differently)</p>

            </div>
          </td>
        </tr>
        <tr>
          <td>OUT</td>
          <td>item.match.product</td>
          <td>0..*</td>
          <td></td>
          <td/>
          <td>
            <div>
              <p>Another element that is the product of this mapping</p>

            </div>
          </td>
        </tr>
        <tr>
          <td>OUT</td>
          <td>item.match.product.element</td>
          <td>0..1</td>
          <td>uri</td>
          <td/>
          <td>
            <div>
              <p>The element for this product</p>

            </div>
          </td>
        </tr>
        <tr>
          <td>OUT</td>
          <td>item.match.product.concept</td>
          <td>0..1</td>
          <td>Coding</td>
          <td/>
          <td>
            <div>
              <p>The value for this product</p>

            </div>
          </td>
        </tr>
      </table>
    </div>
  </text>
  <url value="http://hl7.org/fhir/OperationDefinition/ConceptMap-batch-translate"/>
  <name value="Batch Mode Translation"/>
  <publisher value="HL7 (FHIR Project)"/>
  <contact>
    <telecom>
      <system value="other"/>
      <value value="http://hl7.org/fhir"/>
    </telecom>
    <telecom>
      <system value="email"/>
      <value value="fhir@lists.hl7.org"/>
    </telecom>
  </contact>
  <description value="Translate a set of concepts from one value set to another, based on the existing value set and concept maps resources, and/or other additional knowledge available to the server"/>
  <status value="draft"/>
  <date value="2015-07-28T17:31:19-04:00"/>
  <kind value="operation"/>
  <code value="batch-translate"/>
  <system value="false"/>
  <type value="ConceptMap"/>
  <instance value="false"/>
  <parameter>
    <name value="item"/>
    <use value="in"/>
    <min value="0"/>
    <max value="*"/>
    <documentation value="An item to be translated"/>
    <part>
      <name value="valueSet"/>
      <use value="in"/>
      <min value="0"/>
      <max value="1"/>
      <documentation value="Identifies the value set used when the concept (system/code pair) was chosen. May be a logical id, or an absolute or relative location"/>
      <type value="uri"/>
    </part>
    <part>
      <name value="concept"/>
      <use value="in"/>
      <min value="0"/>
      <max value="1"/>
      <documentation value="A full codeableConcept to validate. The server can translate any of the coding values (e.g. existing translations) as it chooses"/>
      <type value="CodeableConcept"/>
    </part>
    <part>
      <name value="target"/>
      <use value="in"/>
      <min value="1"/>
      <max value="1"/>
      <documentation value="Identifies the value set in which a translation is sought. May be a logical id, or an absolute or relative location"/>
      <type value="uri"/>
    </part>
    <part>
      <name value="dependency"/>
      <use value="in"/>
      <min value="0"/>
      <max value="*"/>
      <documentation value="Another element that may help produce the correct mapping"/>
      <part>
        <name value="element"/>
        <use value="in"/>
        <min value="0"/>
        <max value="1"/>
        <documentation value="The element for this dependency"/>
        <type value="uri"/>
      </part>
      <part>
        <name value="concept"/>
        <use value="in"/>
        <min value="0"/>
        <max value="1"/>
        <documentation value="The value for this dependency"/>
        <type value="CodeableConcept"/>
      </part>
    </part>
  </parameter>
  <parameter>
    <name value="item"/>
    <use value="out"/>
    <min value="0"/>
    <max value="*"/>
    <documentation value="A translated item. There SHALL be an item from each item in the request, in the same order"/>
    <part>
      <name value="result"/>
      <use value="out"/>
      <min value="1"/>
      <max value="1"/>
      <documentation value="True if the concept could be translated successfully. The value can only be true if at least one returned match has an equivalence which is not  unmatched or disjoint"/>
      <type value="boolean"/>
    </part>
    <part>
      <name value="message"/>
      <use value="out"/>
      <min value="0"/>
      <max value="1"/>
      <documentation value="Error details, for display to a human. If this is provided when result = true, the message carries hints and warnings (e.g. a note that the matches could be improved by providing additional detail)"/>
      <type value="string"/>
    </part>
    <part>
      <name value="match"/>
      <use value="out"/>
      <min value="0"/>
      <max value="*"/>
      <documentation value="A concept in the target value set with an equivalence. Note that there may be multiple matches of equal or differing equivalence, and the matches may include equivalence values that mean that there is no match"/>
      <part>
        <name value="equivalence"/>
        <use value="out"/>
        <min value="0"/>
        <max value="1"/>
        <documentation value="A code indicating the equivalence of the translation, using values from [ConceptMapEquivalence]{concept-map-equivalence.html}"/>
        <type value="code"/>
      </part>
      <part>
        <name value="concept"/>
        <use value="out"/>
        <min value="0"/>
        <max value="1"/>
        <documentation value="The translation outcome. Note that this would never have userSelected = true, since the process of translations implies that the user is not selecting the code (and only the client could know differently)"/>
        <type value="Coding"/>
      </part>
      <part>
        <name value="product"/>
        <use value="out"/>
        <min value="0"/>
        <max value="*"/>
        <documentation value="Another element that is the product of this mapping"/>
        <part>
          <name value="element"/>
          <use value="out"/>
          <min value="0"/>
          <max value="1"/>
          <documentation value="The element for this product"/>
          <type value="uri"/>
        </part>
        <part>
          <name value="concept"/>
          <use value="out"/>
          <min value="0"/>
          <max value="1"/>
          <documentation value="The value for this product"/>
          <type value="Coding"/>
        </part>
      </part>
    </part>
  </parameter>
</OperationDefinition>