{
  "resourceType": "StructureDefinition",
  "id": "adverseevent-qicore-qicore-adverseevent",
  "text": {
    "status": "generated",
    "div": "<div>to do</div>"
  },
  "url": "http://hl7.org/fhir/StructureDefinition/adverseevent-qicore-qicore-adverseevent",
  "name": "QICore-AdverseEvent",
  "publisher": "Health Level Seven International (Clinical Quality Information - QI-Core)",
  "contact": [
    {
      "telecom": [
        {
          "system": "other",
          "value": "http://hl7.org/special/committees/CQI"
        }
      ]
    }
  ],
  "description": "An undesired reaction caused by exposure to an substance, device, procedure, or other agent",
  "status": "draft",
  "date": "2015-02-27",
  "kind": "resource",
  "constrainedType": "Basic",
  "abstract": false,
  "base": "http://hl7.org/fhir/StructureDefinition/Basic",
  "snapshot": {
    "element": [
      {
        "path": "Basic",
        "name": "QICore-AdverseEvent",
        "short": "An undesired reaction caused by exposure to an substance, device, procedure, or other agent",
        "definition": "An adverse event caused by exposure to some agent (e.g., a medication, immunization, food, or environmental agent). An adverse reaction can range from a mild reaction, such as a harmless rash to a severe and life-threatening condition. They can occur immediately or develop over time. For example, a patient may develop a rash after taking a particular medication.",
        "requirements": "Need some way to safely (without breaking interoperability) allow implementers to exchange content not supported by the initial set of declared resources.",
        "alias": [
          "Z-resource",
          "Extension-resource",
          "Custom-resource"
        ],
        "min": 0,
        "max": "*",
        "base": {
          "path": "Basic",
          "min": 0,
          "max": "*"
        },
        "type": [
          {
            "code": "Basic"
          }
        ],
        "mapping": [
          {
            "identity": "rim",
            "map": "Act, Entity or Role"
          }
        ]
      },
      {
        "path": "Basic.id",
        "short": "Logical id of this artifact",
        "definition": "The logical id of the resource, as used in the url for the resource. Once assigned, this value never changes.",
        "min": 0,
        "max": "1",
        "base": {
          "path": "Basic.id",
          "min": 0,
          "max": "1"
        },
        "type": [
          {
            "code": "id"
          }
        ]
      },
      {
        "path": "Basic.meta",
        "short": "Metadata about the resource",
        "definition": "The metadata about the resource. This is content that is maintained by the infrastructure. Changes to the content may not always be associated with version changes to the resource.",
        "min": 0,
        "max": "1",
        "base": {
          "path": "Basic.meta",
          "min": 0,
          "max": "1"
        },
        "type": [
          {
            "code": "Meta"
          }
        ]
      },
      {
        "path": "Basic.implicitRules",
        "short": "A set of rules under which this content was created",
        "definition": "A reference to a set of rules that were followed when the resource was constructed, and which must be understood when processing the content.",
        "min": 0,
        "max": "1",
        "base": {
          "path": "Basic.implicitRules",
          "min": 0,
          "max": "1"
        },
        "type": [
          {
            "code": "uri"
          }
        ],
        "isModifier": true
      },
      {
        "path": "Basic.language",
        "short": "Language of the resource content",
        "definition": "The base language in which the resource is written.",
        "min": 0,
        "max": "1",
        "base": {
          "path": "Basic.language",
          "min": 0,
          "max": "1"
        },
        "type": [
          {
            "code": "code"
          }
        ],
        "binding": {
          "strength": "required",
          "description": "A human language",
          "valueSetUri": "http://tools.ietf.org/html/bcp47"
        }
      },
      {
        "path": "Basic.text",
        "short": "Text summary of the resource, for human interpretation",
        "definition": "A human-readable narrative that contains a summary of the resource, and may be used to represent the content of the resource to a human. The narrative need not encode all the structured data, but is required to contain sufficient detail to make it \"clinically safe\" for a human to just read the narrative. Resource definitions may define what content should be represented in the narrative to ensure clinical safety.",
        "alias": [
          "narrative",
          "html",
          "xhtml",
          "display"
        ],
        "min": 0,
        "max": "1",
        "base": {
          "path": "Basic.text",
          "min": 0,
          "max": "1"
        },
        "type": [
          {
            "code": "Narrative"
          }
        ],
        "condition": [
          "dom-1"
        ],
        "mapping": [
          {
            "identity": "rim",
            "map": "Act.text?"
          }
        ]
      },
      {
        "path": "Basic.contained",
        "short": "Contained, inline Resources",
        "definition": "These resources do not have an independent existence apart from the resource that contains them - they cannot be identified independently, and nor can they have their own independent transaction scope.",
        "alias": [
          "inline resources",
          "anonymous resources",
          "contained resources"
        ],
        "min": 0,
        "max": "*",
        "base": {
          "path": "Basic.contained",
          "min": 0,
          "max": "*"
        },
        "type": [
          {
            "code": "Resource"
          }
        ],
        "mapping": [
          {
            "identity": "rim",
            "map": "N/A"
          }
        ]
      },
      {
        "path": "Basic.extension",
        "slicing": {
          "discriminator": [
            "url"
          ],
          "ordered": false,
          "rules": "open"
        },
        "short": "Extension",
        "definition": "An Extension",
        "min": 0,
        "max": "*",
        "base": {
          "path": "Basic.extension",
          "min": 0,
          "max": "*"
        },
        "type": [
          {
            "code": "Extension"
          }
        ]
      },
      {
        "path": "Basic.extension",
        "name": "cause",
        "short": "Extension",
        "definition": "An Extension",
        "min": 0,
        "max": "*",
        "base": {
          "path": "Basic.extension",
          "min": 0,
          "max": "*"
        },
        "type": [
          {
            "code": "Extension",
            "profile": [
              "http://hl7.org/fhir/StructureDefinition/adverseevent-qicore-cause"
            ]
          }
        ]
      },
      {
        "path": "Basic.extension.id",
        "representation": [
          "xmlAttr"
        ],
        "short": "xml:id (or equivalent in JSON)",
        "definition": "unique id for the element within a resource (for internal references).",
        "min": 0,
        "max": "1",
        "base": {
          "path": "Extension.id",
          "min": 0,
          "max": "1"
        },
        "type": [
          {
            "code": "id"
          }
        ],
        "mapping": [
          {
            "identity": "rim",
            "map": "n/a"
          }
        ]
      },
      {
        "path": "Basic.extension.extension",
        "slicing": {
          "discriminator": [
            "url"
          ],
          "ordered": false,
          "rules": "open"
        },
        "short": "Extension",
        "definition": "An Extension",
        "min": 0,
        "max": "*",
        "base": {
          "path": "Extension.extension",
          "min": 0,
          "max": "*"
        },
        "type": [
          {
            "code": "Extension"
          }
        ]
      },
      {
        "path": "Basic.extension.extension",
        "name": "cause.item",
        "short": "Associated clinical action or substance",
        "definition": "Associated clinical action or substance.",
        "min": 1,
        "max": "1",
        "base": {
          "path": "Extension.extension",
          "min": 0,
          "max": "*"
        },
        "type": [
          {
            "code": "Extension",
            "profile": [
              "http://hl7.org/fhir/StructureDefinition/adverseevent-qicore-cause#item"
            ]
          }
        ],
        "mustSupport": true
      },
      {
        "path": "Basic.extension.extension",
        "name": "cause.certainty",
        "short": "unlikely | likely | confirmed",
        "definition": "unlikely | likely | confirmed.",
        "min": 1,
        "max": "1",
        "base": {
          "path": "Extension.extension",
          "min": 0,
          "max": "*"
        },
        "type": [
          {
            "code": "Extension",
            "profile": [
              "http://hl7.org/fhir/StructureDefinition/adverseevent-qicore-cause#certainty"
            ]
          }
        ],
        "binding": {
          "strength": "example",
          "description": "The degree of confidence that this condition is correct",
          "valueSetReference": {
            "reference": "http://hl7.org/fhir/ValueSet/condition-certainty"
          }
        }
      },
      {
        "path": "Basic.extension.url",
        "representation": [
          "xmlAttr"
        ],
        "short": "identifies the meaning of the extension",
        "definition": "Source of the definition for the extension code - a logical name or a URL.",
        "min": 1,
        "max": "1",
        "base": {
          "path": "Extension.url",
          "min": 1,
          "max": "1"
        },
        "type": [
          {
            "code": "uri"
          }
        ],
        "mapping": [
          {
            "identity": "rim",
            "map": "N/A"
          }
        ]
      },
      {
        "path": "Basic.extension.value[x]",
        "short": "Value of extension",
        "definition": "Value of extension - may be a resource or one of a constrained set of the data types (see Extensibility in the spec for list).",
        "min": 0,
        "max": "1",
        "base": {
          "path": "Extension.value[x]",
          "min": 0,
          "max": "1"
        },
        "type": [
          {
            "code": "*"
          }
        ],
        "mapping": [
          {
            "identity": "rim",
            "map": "N/A"
          }
        ]
      },
      {
        "path": "Basic.extension",
        "name": "clinicalStudy",
        "short": "Extension",
        "definition": "An Extension",
        "min": 0,
        "max": "*",
        "base": {
          "path": "Basic.extension",
          "min": 0,
          "max": "*"
        },
        "type": [
          {
            "code": "Extension",
            "profile": [
              "http://hl7.org/fhir/StructureDefinition/adverseevent-qicore-clinicalStudy"
            ]
          }
        ]
      },
      {
        "path": "Basic.extension",
        "name": "type",
        "short": "Extension",
        "definition": "An Extension",
        "min": 1,
        "max": "1",
        "base": {
          "path": "Basic.extension",
          "min": 0,
          "max": "*"
        },
        "type": [
          {
            "code": "Extension",
            "profile": [
              "http://hl7.org/fhir/StructureDefinition/adverseevent-qicore-type"
            ]
          }
        ],
        "mustSupport": true
      },
      {
        "path": "Basic.extension",
        "name": "period",
        "short": "Extension",
        "definition": "An Extension",
        "min": 0,
        "max": "1",
        "base": {
          "path": "Basic.extension",
          "min": 0,
          "max": "*"
        },
        "type": [
          {
            "code": "Extension",
            "profile": [
              "http://hl7.org/fhir/StructureDefinition/adverseevent-qicore-period"
            ]
          }
        ],
        "mustSupport": true
      },
      {
        "path": "Basic.extension",
        "name": "severity",
        "short": "Extension",
        "definition": "An Extension",
        "min": 0,
        "max": "1",
        "base": {
          "path": "Basic.extension",
          "min": 0,
          "max": "*"
        },
        "type": [
          {
            "code": "Extension",
            "profile": [
              "http://hl7.org/fhir/StructureDefinition/adverseevent-qicore-severity"
            ]
          }
        ]
      },
      {
        "path": "Basic.modifierExtension",
        "slicing": {
          "discriminator": [
            "url"
          ],
          "ordered": false,
          "rules": "open"
        },
        "short": "Extension",
        "definition": "An Extension",
        "min": 0,
        "max": "*",
        "base": {
          "path": "Basic.modifierExtension",
          "min": 0,
          "max": "*"
        },
        "type": [
          {
            "code": "Extension"
          }
        ]
      },
      {
        "path": "Basic.modifierExtension",
        "name": "didNotOccur",
        "short": "Extension",
        "definition": "An Extension",
        "min": 1,
        "max": "1",
        "base": {
          "path": "Basic.modifierExtension",
          "min": 0,
          "max": "*"
        },
        "type": [
          {
            "code": "Extension",
            "profile": [
              "http://hl7.org/fhir/StructureDefinition/adverseevent-qicore-didNotOccur"
            ]
          }
        ],
        "mustSupport": true,
        "isModifier": true
      },
      {
        "path": "Basic.identifier",
        "short": "Business identifier",
        "definition": "Identifier assigned to the resource for business purposes, outside the context of FHIR.",
        "min": 0,
        "max": "*",
        "base": {
          "path": "Basic.identifier",
          "min": 0,
          "max": "*"
        },
        "type": [
          {
            "code": "Identifier"
          }
        ],
        "mapping": [
          {
            "identity": "rim",
            "map": "./identifier"
          }
        ]
      },
      {
        "path": "Basic.code",
        "short": "Kind of Resource",
        "definition": "Identifies the 'type' of resource - equivalent to the resource name for other resources.",
        "requirements": "Must be able to distinguish different types of \"basic\" resources.",
        "min": 1,
        "max": "1",
        "base": {
          "path": "Basic.code",
          "min": 1,
          "max": "1"
        },
        "type": [
          {
            "code": "CodeableConcept"
          }
        ],
        "isModifier": true,
        "binding": {
          "strength": "example",
          "description": "Codes for identifying types of resources not yet defined by FHIR",
          "valueSetReference": {
            "reference": "http://hl7.org/fhir/ValueSet/basic-resource-type"
          }
        },
        "mapping": [
          {
            "identity": "rim",
            "map": "./code"
          }
        ]
      },
      {
        "path": "Basic.subject",
        "short": "Who the event is for",
        "definition": "The patient who has the adverse event.",
        "requirements": "Needed for partitioning the resource by Patient.",
        "min": 0,
        "max": "1",
        "base": {
          "path": "Basic.subject",
          "min": 0,
          "max": "1"
        },
        "type": [
          {
            "code": "Reference",
            "profile": [
              "http://hl7.org/fhir/StructureDefinition/patient-qicore-qicore-patient"
            ]
          }
        ],
        "mustSupport": true,
        "mapping": [
          {
            "identity": "rim",
            "map": "./participation[typeCode='SBJ'] (possibly through a ControlAct and Role)"
          }
        ]
      },
      {
        "path": "Basic.author",
        "short": "Who created",
        "definition": "Indicates who was responsible for creating the resource instance.",
        "requirements": "Needed for partitioning the resource.",
        "min": 0,
        "max": "1",
        "base": {
          "path": "Basic.author",
          "min": 0,
          "max": "1"
        },
        "type": [
          {
            "code": "Reference",
            "profile": [
              "http://hl7.org/fhir/StructureDefinition/patient-qicore-qicore-patient"
            ]
          },
          {
            "code": "Reference",
            "profile": [
              "http://hl7.org/fhir/StructureDefinition/relatedperson-qicore-qicore-relatedperson"
            ]
          },
          {
            "code": "Reference",
            "profile": [
              "http://hl7.org/fhir/StructureDefinition/practitioner-qicore-qicore-practitioner"
            ]
          }
        ],
        "mapping": [
          {
            "identity": "rim",
            "map": "./participation[typeCode='SUB'] (possibly through a ControlAct and Role)"
          }
        ]
      },
      {
        "path": "Basic.created",
        "short": "When created",
        "definition": "Identifies when the resource was first created.",
        "requirements": "Allows ordering resource instances by time.",
        "min": 0,
        "max": "1",
        "base": {
          "path": "Basic.created",
          "min": 0,
          "max": "1"
        },
        "type": [
          {
            "code": "date"
          }
        ],
        "mapping": [
          {
            "identity": "rim",
            "map": "./participation[typeCode='AUT']/time (possibly through a ControlAct and Role)"
          }
        ]
      }
    ]
  },
  "differential": {
    "element": [
      {
        "path": "Basic",
        "name": "QICore-AdverseEvent",
        "short": "An undesired reaction caused by exposure to an substance, device, procedure, or other agent",
        "definition": "An adverse event caused by exposure to some agent (e.g., a medication, immunization, food, or environmental agent). An adverse reaction can range from a mild reaction, such as a harmless rash to a severe and life-threatening condition. They can occur immediately or develop over time. For example, a patient may develop a rash after taking a particular medication.",
        "min": 0,
        "max": "*",
        "type": [
          {
            "code": "Basic"
          }
        ]
      },
      {
        "path": "Basic.extension",
        "slicing": {
          "discriminator": [
            "url"
          ],
          "ordered": false,
          "rules": "open"
        }
      },
      {
        "path": "Basic.extension",
        "name": "cause",
        "min": 0,
        "max": "*",
        "type": [
          {
            "code": "Extension",
            "profile": [
              "http://hl7.org/fhir/StructureDefinition/adverseevent-qicore-cause"
            ]
          }
        ]
      },
      {
        "path": "Basic.extension.extension",
        "slicing": {
          "discriminator": [
            "url"
          ],
          "ordered": false,
          "rules": "open"
        }
      },
      {
        "path": "Basic.extension.extension",
        "name": "cause.item",
        "short": "Associated clinical action or substance",
        "definition": "Associated clinical action or substance.",
        "min": 1,
        "max": "1",
        "type": [
          {
            "code": "Extension",
            "profile": [
              "http://hl7.org/fhir/StructureDefinition/adverseevent-qicore-cause#item"
            ]
          }
        ],
        "mustSupport": true
      },
      {
        "path": "Basic.extension.extension",
        "name": "cause.certainty",
        "short": "unlikely | likely | confirmed",
        "definition": "unlikely | likely | confirmed.",
        "min": 1,
        "max": "1",
        "type": [
          {
            "code": "Extension",
            "profile": [
              "http://hl7.org/fhir/StructureDefinition/adverseevent-qicore-cause#certainty"
            ]
          }
        ],
        "binding": {
          "strength": "example",
          "description": "The degree of confidence that this condition is correct",
          "valueSetReference": {
            "reference": "http://hl7.org/fhir/ValueSet/condition-certainty"
          }
        }
      },
      {
        "path": "Basic.extension",
        "name": "clinicalStudy",
        "min": 0,
        "max": "*",
        "type": [
          {
            "code": "Extension",
            "profile": [
              "http://hl7.org/fhir/StructureDefinition/adverseevent-qicore-clinicalStudy"
            ]
          }
        ]
      },
      {
        "path": "Basic.extension",
        "name": "type",
        "min": 1,
        "max": "1",
        "type": [
          {
            "code": "Extension",
            "profile": [
              "http://hl7.org/fhir/StructureDefinition/adverseevent-qicore-type"
            ]
          }
        ],
        "mustSupport": true
      },
      {
        "path": "Basic.extension",
        "name": "period",
        "min": 0,
        "max": "1",
        "type": [
          {
            "code": "Extension",
            "profile": [
              "http://hl7.org/fhir/StructureDefinition/adverseevent-qicore-period"
            ]
          }
        ],
        "mustSupport": true
      },
      {
        "path": "Basic.extension",
        "name": "severity",
        "min": 0,
        "max": "1",
        "type": [
          {
            "code": "Extension",
            "profile": [
              "http://hl7.org/fhir/StructureDefinition/adverseevent-qicore-severity"
            ]
          }
        ]
      },
      {
        "path": "Basic.modifierExtension",
        "slicing": {
          "discriminator": [
            "url"
          ],
          "ordered": false,
          "rules": "open"
        }
      },
      {
        "path": "Basic.modifierExtension",
        "name": "didNotOccur",
        "min": 1,
        "max": "1",
        "type": [
          {
            "code": "Extension",
            "profile": [
              "http://hl7.org/fhir/StructureDefinition/adverseevent-qicore-didNotOccur"
            ]
          }
        ],
        "mustSupport": true,
        "isModifier": true
      },
      {
        "path": "Basic.subject",
        "short": "Who the event is for",
        "definition": "The patient who has the adverse event.",
        "type": [
          {
            "code": "Reference",
            "profile": [
              "http://hl7.org/fhir/StructureDefinition/patient-qicore-qicore-patient"
            ]
          }
        ],
        "mustSupport": true
      },
      {
        "path": "Basic.author",
        "type": [
          {
            "code": "Reference",
            "profile": [
              "http://hl7.org/fhir/StructureDefinition/patient-qicore-qicore-patient"
            ]
          },
          {
            "code": "Reference",
            "profile": [
              "http://hl7.org/fhir/StructureDefinition/relatedperson-qicore-qicore-relatedperson"
            ]
          },
          {
            "code": "Reference",
            "profile": [
              "http://hl7.org/fhir/StructureDefinition/practitioner-qicore-qicore-practitioner"
            ]
          }
        ]
      }
    ]
  }
}