{
  "resourceType": "Questionnaire",
  "id": "qs1",
  "contained": [
    {
      "resourceType": "ValueSet",
      "id": "vs2",
      "name": "Type options for AllergyIntolerance.recorder",
      "description": "Type options for AllergyIntolerance.recorder",
      "status": "active",
      "expansion": {
        "identifier": "urn:uuid:aa295622-4540-4a95-87a0-c0afcfc6673b",
        "timestamp": "2015-07-27T18:51:47-04:00",
        "contains": [
          {
            "system": "http://hl7.org/fhir/resource-types",
            "code": "Practitioner",
            "display": "Practitioner"
          },
          {
            "system": "http://hl7.org/fhir/resource-types",
            "code": "Patient",
            "display": "Patient"
          }
        ]
      }
    },
    {
      "resourceType": "ValueSet",
      "id": "vs3",
      "name": "Type options for AllergyIntolerance.reporter",
      "description": "Type options for AllergyIntolerance.reporter",
      "status": "active",
      "expansion": {
        "identifier": "urn:uuid:42c41d0b-5e9f-4fbb-a9cd-dcb6f6061c8e",
        "timestamp": "2015-07-27T18:51:47-04:00",
        "contains": [
          {
            "system": "http://hl7.org/fhir/resource-types",
            "code": "Patient",
            "display": "Patient"
          },
          {
            "system": "http://hl7.org/fhir/resource-types",
            "code": "RelatedPerson",
            "display": "RelatedPerson"
          },
          {
            "system": "http://hl7.org/fhir/resource-types",
            "code": "Practitioner",
            "display": "Practitioner"
          }
        ]
      }
    }
  ],
  "identifier": [
    {
      "system": "urn:ietf:rfc:3986"
    }
  ],
  "status": "draft",
  "date": "2015-07-27T18:49:39-04:00",
  "publisher": "Health Level Seven International (Patient Care)",
  "group": {
    "extension": [
      {
        "url": "http://hl7.org/fhir/Profile/questionnaire-extensions#flyover",
        "valueString": "Risk of harmful or undesirable, physiological response which is unique to an individual and associated with exposure to a substance."
      }
    ],
    "linkId": "AllergyIntolerance",
    "title": "Allergy or Intolerance (generally: Risk Of Adverse reaction to a substance)",
    "required": false,
    "repeats": true,
    "group": [
      {
        "extension": [
          {
            "url": "http://hl7.org/fhir/Profile/questionnaire-extensions#flyover",
            "valueString": "The logical id of the resource, as used in the url for the resource. Once assigned, this value never changes."
          },
          {
            "url": "http://www.healthintersections.com.au/fhir/Profile/metadata#type",
            "valueString": "string"
          }
        ],
        "linkId": "AllergyIntolerance.id",
        "required": false,
        "repeats": true,
        "question": [
          {
            "linkId": "AllergyIntolerance.id.value",
            "text": "Logical id of this artifact",
            "type": "string",
            "required": false,
            "repeats": false
          }
        ]
      },
      {
        "extension": [
          {
            "url": "http://hl7.org/fhir/Profile/questionnaire-extensions#flyover",
            "valueString": "The metadata about the resource. This is content that is maintained by the infrastructure. Changes to the content may not always be associated with version changes to the resource."
          }
        ],
        "linkId": "AllergyIntolerance.meta",
        "text": "Metadata about the resource",
        "required": false,
        "repeats": true
      },
      {
        "extension": [
          {
            "url": "http://hl7.org/fhir/Profile/questionnaire-extensions#flyover",
            "valueString": "A reference to a set of rules that were followed when the resource was constructed, and which must be understood when processing the content."
          },
          {
            "url": "http://www.healthintersections.com.au/fhir/Profile/metadata#type",
            "valueString": "uri"
          }
        ],
        "linkId": "AllergyIntolerance.implicitRules",
        "required": false,
        "repeats": true,
        "question": [
          {
            "linkId": "AllergyIntolerance.implicitRules.value",
            "text": "A set of rules under which this content was created",
            "type": "string",
            "required": false,
            "repeats": false
          }
        ]
      },
      {
        "extension": [
          {
            "url": "http://hl7.org/fhir/Profile/questionnaire-extensions#flyover",
            "valueString": "The base language in which the resource is written."
          },
          {
            "url": "http://www.healthintersections.com.au/fhir/Profile/metadata#type",
            "valueString": "code"
          }
        ],
        "linkId": "AllergyIntolerance.language",
        "required": false,
        "repeats": true,
        "question": [
          {
            "linkId": "AllergyIntolerance.language.value",
            "text": "language",
            "type": "choice",
            "required": false,
            "repeats": false
          }
        ]
      },
      {
        "extension": [
          {
            "url": "http://hl7.org/fhir/Profile/questionnaire-extensions#flyover",
            "valueString": "A human-readable narrative that contains a summary of the resource, and may be used to represent the content of the resource to a human. The narrative need not encode all the structured data, but is required to contain sufficient detail to make it \"clinically safe\" for a human to just read the narrative. Resource definitions may define what content should be represented in the narrative to ensure clinical safety."
          }
        ],
        "linkId": "AllergyIntolerance.text",
        "text": "Text summary of the resource, for human interpretation",
        "required": false,
        "repeats": true
      },
      {
        "extension": [
          {
            "url": "http://hl7.org/fhir/Profile/questionnaire-extensions#flyover",
            "valueString": "These resources do not have an independent existence apart from the resource that contains them - they cannot be identified independently, and nor can they have their own independent transaction scope."
          }
        ],
        "linkId": "AllergyIntolerance.contained",
        "text": "Contained, inline Resources",
        "required": false,
        "repeats": true
      },
      {
        "extension": [
          {
            "url": "http://hl7.org/fhir/Profile/questionnaire-extensions#flyover",
            "valueString": "May be used to represent additional information that is not part of the basic definition of the resource. In order to make the use of extensions safe and manageable, there is a strict set of governance  applied to the definition and use of extensions. Though any implementer is allowed to define an extension, there is a set of requirements that SHALL be met as part of the definition of the extension."
          }
        ],
        "linkId": "AllergyIntolerance.extension",
        "text": "Additional Content defined by implementations",
        "required": false,
        "repeats": true
      },
      {
        "extension": [
          {
            "url": "http://hl7.org/fhir/Profile/questionnaire-extensions#flyover",
            "valueString": "May be used to represent additional information that is not part of the basic definition of the resource, and that modifies the understanding of the element that contains it. Usually modifier elements provide negation or qualification. In order to make the use of extensions safe and manageable, there is a strict set of governance applied to the definition and use of extensions. Though any implementer is allowed to define an extension, there is a set of requirements that SHALL be met as part of the definition of the extension. Applications processing a resource are required to check for modifier extensions."
          }
        ],
        "linkId": "AllergyIntolerance.modifierExtension",
        "text": "Extensions that cannot be ignored",
        "required": false,
        "repeats": true
      },
      {
        "extension": [
          {
            "url": "http://hl7.org/fhir/Profile/questionnaire-extensions#flyover",
            "valueString": "This records identifiers associated with this allergy/intolerance concern that are defined by business processed and/ or used to refer to it when a direct URL reference to the resource itself is not appropriate (e.g. in CDA documents, or in written / printed documentation)."
          },
          {
            "url": "http://www.healthintersections.com.au/fhir/Profile/metadata#type",
            "valueString": "Identifier"
          }
        ],
        "linkId": "AllergyIntolerance.identifier",
        "text": "External Ids for this item",
        "required": false,
        "repeats": true,
        "question": [
          {
            "linkId": "AllergyIntolerance.identifier.label",
            "text": "label:",
            "type": "string",
            "required": false,
            "repeats": false
          },
          {
            "linkId": "AllergyIntolerance.identifier.system",
            "text": "system:",
            "type": "string",
            "required": false,
            "repeats": false
          },
          {
            "linkId": "AllergyIntolerance.identifier.value",
            "text": "value:",
            "type": "string",
            "required": false,
            "repeats": false
          }
        ]
      },
      {
        "extension": [
          {
            "url": "http://hl7.org/fhir/Profile/questionnaire-extensions#flyover",
            "valueString": "Date when the sensitivity was recorded."
          },
          {
            "url": "http://www.healthintersections.com.au/fhir/Profile/metadata#type",
            "valueString": "datetime"
          }
        ],
        "linkId": "AllergyIntolerance.recordedDate",
        "required": false,
        "repeats": true,
        "question": [
          {
            "linkId": "AllergyIntolerance.recordedDate.value",
            "text": "When recorded",
            "type": "dateTime",
            "required": false,
            "repeats": false
          }
        ]
      },
      {
        "extension": [
          {
            "url": "http://hl7.org/fhir/Profile/questionnaire-extensions#flyover",
            "valueString": "Individual who recorded the record and takes responsibility for its conten."
          }
        ],
        "linkId": "AllergyIntolerance.recorder",
        "text": "Who recorded the sensitivity",
        "required": false,
        "repeats": true,
        "question": [
          {
            "linkId": "AllergyIntolerance.recorder._type",
            "text": "type",
            "type": "choice",
            "required": false,
            "repeats": false,
            "options": {
              "reference": "#vs2"
            },
            "group": [
              {
                "extension": [
                  {
                    "url": "http://www.healthintersections.com.au/fhir/Profile/metadata#type",
                    "valueString": "Reference"
                  }
                ],
                "linkId": "AllergyIntolerance.recorder._Practitioner",
                "question": [
                  {
                    "extension": [
                      {
                        "url": "http://www.healthintersections.com.au/fhir/Profile/metadata#reference",
                        "valueString": "/Practitioner?subject=$subj&patient=$subj&encounter=$encounter"
                      }
                    ],
                    "linkId": "AllergyIntolerance.recorder._Practitioner.value",
                    "text": "Practitioner",
                    "type": "reference",
                    "required": false,
                    "repeats": false
                  }
                ]
              },
              {
                "extension": [
                  {
                    "url": "http://www.healthintersections.com.au/fhir/Profile/metadata#type",
                    "valueString": "Reference"
                  }
                ],
                "linkId": "AllergyIntolerance.recorder._Patient",
                "question": [
                  {
                    "extension": [
                      {
                        "url": "http://www.healthintersections.com.au/fhir/Profile/metadata#reference",
                        "valueString": "/Patient?subject=$subj&patient=$subj&encounter=$encounter"
                      }
                    ],
                    "linkId": "AllergyIntolerance.recorder._Patient.value",
                    "text": "Patient",
                    "type": "reference",
                    "required": false,
                    "repeats": false
                  }
                ]
              }
            ]
          }
        ]
      },
      {
        "extension": [
          {
            "url": "http://hl7.org/fhir/Profile/questionnaire-extensions#flyover",
            "valueString": "The patient who has the allergy or intolerance."
          },
          {
            "url": "http://www.healthintersections.com.au/fhir/Profile/metadata#type",
            "valueString": "Reference"
          }
        ],
        "linkId": "AllergyIntolerance.patient",
        "required": true,
        "repeats": true,
        "question": [
          {
            "extension": [
              {
                "url": "http://www.healthintersections.com.au/fhir/Profile/metadata#reference",
                "valueString": "/Patient?subject=$subj&patient=$subj&encounter=$encounter"
              }
            ],
            "linkId": "AllergyIntolerance.patient.value",
            "text": "Who the sensitivity is for",
            "type": "reference",
            "required": false,
            "repeats": false
          }
        ]
      },
      {
        "extension": [
          {
            "url": "http://hl7.org/fhir/Profile/questionnaire-extensions#flyover",
            "valueString": "The source of the information about the allergy that is recorded."
          }
        ],
        "linkId": "AllergyIntolerance.reporter",
        "text": "Source of the information about the allergy",
        "required": false,
        "repeats": true,
        "question": [
          {
            "linkId": "AllergyIntolerance.reporter._type",
            "text": "type",
            "type": "choice",
            "required": false,
            "repeats": false,
            "options": {
              "reference": "#vs3"
            },
            "group": [
              {
                "extension": [
                  {
                    "url": "http://www.healthintersections.com.au/fhir/Profile/metadata#type",
                    "valueString": "Reference"
                  }
                ],
                "linkId": "AllergyIntolerance.reporter._Patient",
                "question": [
                  {
                    "extension": [
                      {
                        "url": "http://www.healthintersections.com.au/fhir/Profile/metadata#reference",
                        "valueString": "/Patient?subject=$subj&patient=$subj&encounter=$encounter"
                      }
                    ],
                    "linkId": "AllergyIntolerance.reporter._Patient.value",
                    "text": "Patient",
                    "type": "reference",
                    "required": false,
                    "repeats": false
                  }
                ]
              },
              {
                "extension": [
                  {
                    "url": "http://www.healthintersections.com.au/fhir/Profile/metadata#type",
                    "valueString": "Reference"
                  }
                ],
                "linkId": "AllergyIntolerance.reporter._RelatedPerson",
                "question": [
                  {
                    "extension": [
                      {
                        "url": "http://www.healthintersections.com.au/fhir/Profile/metadata#reference",
                        "valueString": "/RelatedPerson?subject=$subj&patient=$subj&encounter=$encounter"
                      }
                    ],
                    "linkId": "AllergyIntolerance.reporter._RelatedPerson.value",
                    "text": "RelatedPerson",
                    "type": "reference",
                    "required": false,
                    "repeats": false
                  }
                ]
              },
              {
                "extension": [
                  {
                    "url": "http://www.healthintersections.com.au/fhir/Profile/metadata#type",
                    "valueString": "Reference"
                  }
                ],
                "linkId": "AllergyIntolerance.reporter._Practitioner",
                "question": [
                  {
                    "extension": [
                      {
                        "url": "http://www.healthintersections.com.au/fhir/Profile/metadata#reference",
                        "valueString": "/Practitioner?subject=$subj&patient=$subj&encounter=$encounter"
                      }
                    ],
                    "linkId": "AllergyIntolerance.reporter._Practitioner.value",
                    "text": "Practitioner",
                    "type": "reference",
                    "required": false,
                    "repeats": false
                  }
                ]
              }
            ]
          }
        ]
      },
      {
        "extension": [
          {
            "url": "http://hl7.org/fhir/Profile/questionnaire-extensions#flyover",
            "valueString": "Identification of a substance, or a class of substances, that is considered to be responsible for the Adverse reaction risk."
          },
          {
            "url": "http://www.healthintersections.com.au/fhir/Profile/metadata#type",
            "valueString": "CodeableConcept"
          }
        ],
        "linkId": "AllergyIntolerance.substance",
        "text": "Substance, (or class) considered to be responsible for risk",
        "required": true,
        "repeats": true,
        "question": [
          {
            "linkId": "AllergyIntolerance.substance.coding",
            "text": "code:",
            "type": "open-choice",
            "required": false,
            "repeats": false
          },
          {
            "linkId": "AllergyIntolerance.substance.text",
            "text": "text:",
            "type": "string",
            "required": false,
            "repeats": false
          }
        ]
      },
      {
        "extension": [
          {
            "url": "http://hl7.org/fhir/Profile/questionnaire-extensions#flyover",
            "valueString": "Assertion about certainty associated with the propensity, or potential risk, of a reaction to the identified Substance."
          },
          {
            "url": "http://www.healthintersections.com.au/fhir/Profile/metadata#type",
            "valueString": "code"
          }
        ],
        "linkId": "AllergyIntolerance.status",
        "required": false,
        "repeats": true,
        "question": [
          {
            "linkId": "AllergyIntolerance.status.value",
            "text": "status",
            "type": "choice",
            "required": false,
            "repeats": false
          }
        ]
      },
      {
        "extension": [
          {
            "url": "http://hl7.org/fhir/Profile/questionnaire-extensions#flyover",
            "valueString": "Estimate of the potential clinical harm, or seriousness, of the reaction to the identified Substance."
          },
          {
            "url": "http://www.healthintersections.com.au/fhir/Profile/metadata#type",
            "valueString": "code"
          }
        ],
        "linkId": "AllergyIntolerance.criticality",
        "required": false,
        "repeats": true,
        "question": [
          {
            "linkId": "AllergyIntolerance.criticality.value",
            "text": "criticality",
            "type": "choice",
            "required": false,
            "repeats": false
          }
        ]
      },
      {
        "extension": [
          {
            "url": "http://hl7.org/fhir/Profile/questionnaire-extensions#flyover",
            "valueString": "Identification of the underlying physiological mechanism for the Reaction Risk."
          },
          {
            "url": "http://www.healthintersections.com.au/fhir/Profile/metadata#type",
            "valueString": "code"
          }
        ],
        "linkId": "AllergyIntolerance.type",
        "required": false,
        "repeats": true,
        "question": [
          {
            "linkId": "AllergyIntolerance.type.value",
            "text": "type",
            "type": "choice",
            "required": false,
            "repeats": false
          }
        ]
      },
      {
        "extension": [
          {
            "url": "http://hl7.org/fhir/Profile/questionnaire-extensions#flyover",
            "valueString": "Category of the identified Substance."
          },
          {
            "url": "http://www.healthintersections.com.au/fhir/Profile/metadata#type",
            "valueString": "code"
          }
        ],
        "linkId": "AllergyIntolerance.category",
        "required": false,
        "repeats": true,
        "question": [
          {
            "linkId": "AllergyIntolerance.category.value",
            "text": "category",
            "type": "choice",
            "required": false,
            "repeats": false
          }
        ]
      },
      {
        "extension": [
          {
            "url": "http://hl7.org/fhir/Profile/questionnaire-extensions#flyover",
            "valueString": "Represents the date and/or time of the last known occurence of a reaction event."
          },
          {
            "url": "http://www.healthintersections.com.au/fhir/Profile/metadata#type",
            "valueString": "datetime"
          }
        ],
        "linkId": "AllergyIntolerance.lastOccurence",
        "required": false,
        "repeats": true,
        "question": [
          {
            "linkId": "AllergyIntolerance.lastOccurence.value",
            "text": "Date(/time) of last known occurence of a reaction",
            "type": "dateTime",
            "required": false,
            "repeats": false
          }
        ]
      },
      {
        "extension": [
          {
            "url": "http://hl7.org/fhir/Profile/questionnaire-extensions#flyover",
            "valueString": "Additional narrative about the propensity for the Adverse Reaction, not captured in other fields."
          },
          {
            "url": "http://www.healthintersections.com.au/fhir/Profile/metadata#type",
            "valueString": "string"
          }
        ],
        "linkId": "AllergyIntolerance.comment",
        "required": false,
        "repeats": true,
        "question": [
          {
            "linkId": "AllergyIntolerance.comment.value",
            "text": "Additional text not captured in other fields",
            "type": "string",
            "required": false,
            "repeats": false
          }
        ]
      },
      {
        "extension": [
          {
            "url": "http://hl7.org/fhir/Profile/questionnaire-extensions#flyover",
            "valueString": "Details about each Adverse Reaction Event linked to exposure to the identified Substance."
          }
        ],
        "linkId": "AllergyIntolerance.event",
        "title": "Adverse Reaction Events linked to exposure to substance",
        "required": false,
        "repeats": true,
        "group": [
          {
            "extension": [
              {
                "url": "http://hl7.org/fhir/Profile/questionnaire-extensions#flyover",
                "valueString": "unique id for the element within a resource (for internal references)."
              },
              {
                "url": "http://www.healthintersections.com.au/fhir/Profile/metadata#type",
                "valueString": "string"
              }
            ],
            "linkId": "AllergyIntolerance.event.id",
            "required": false,
            "repeats": true,
            "question": [
              {
                "linkId": "AllergyIntolerance.event.id.value",
                "text": "xml:id (or equivalent in JSON)",
                "type": "string",
                "required": false,
                "repeats": false
              }
            ]
          },
          {
            "extension": [
              {
                "url": "http://hl7.org/fhir/Profile/questionnaire-extensions#flyover",
                "valueString": "May be used to represent additional information that is not part of the basic definition of the element. In order to make the use of extensions safe and manageable, there is a strict set of governance  applied to the definition and use of extensions. Though any implementer is allowed to define an extension, there is a set of requirements that SHALL be met as part of the definition of the extension."
              }
            ],
            "linkId": "AllergyIntolerance.event.extension",
            "text": "Additional Content defined by implementations",
            "required": false,
            "repeats": true
          },
          {
            "extension": [
              {
                "url": "http://hl7.org/fhir/Profile/questionnaire-extensions#flyover",
                "valueString": "May be used to represent additional information that is not part of the basic definition of the element, and that modifies the understanding of the element that contains it. Usually modifier elements provide negation or qualification. In order to make the use of extensions safe and manageable, there is a strict set of governance applied to the definition and use of extensions. Though any implementer is allowed to define an extension, there is a set of requirements that SHALL be met as part of the definition of the extension. Applications processing a resource are required to check for modifier extensions."
              }
            ],
            "linkId": "AllergyIntolerance.event.modifierExtension",
            "text": "Extensions that cannot be ignored",
            "required": false,
            "repeats": true
          },
          {
            "extension": [
              {
                "url": "http://hl7.org/fhir/Profile/questionnaire-extensions#flyover",
                "valueString": "Identification of the specific substance considered to be responsible for the Adverse Reaction event. Note: the substance for a specific reaction may be different to the substance identified as the cause of the risk, but must be consistent with it. For instance, it may be a more specific substance (e.g. a brand medication) or a composite substance that includes the identified substance. It must be clinically safe to only process the AllergyIntolerance.substance and ignore the AllergyIntolerance.event.substance."
              },
              {
                "url": "http://www.healthintersections.com.au/fhir/Profile/metadata#type",
                "valueString": "CodeableConcept"
              }
            ],
            "linkId": "AllergyIntolerance.event.substance",
            "text": "Specific substance considered to be responsible for event",
            "required": false,
            "repeats": true,
            "question": [
              {
                "linkId": "AllergyIntolerance.event.substance.coding",
                "text": "code:",
                "type": "open-choice",
                "required": false,
                "repeats": false
              },
              {
                "linkId": "AllergyIntolerance.event.substance.text",
                "text": "text:",
                "type": "string",
                "required": false,
                "repeats": false
              }
            ]
          },
          {
            "extension": [
              {
                "url": "http://hl7.org/fhir/Profile/questionnaire-extensions#flyover",
                "valueString": "Statement about the degree of clinical certainty that the Specific Substance was the cause of the Manifestation in this reaction event."
              },
              {
                "url": "http://www.healthintersections.com.au/fhir/Profile/metadata#type",
                "valueString": "code"
              }
            ],
            "linkId": "AllergyIntolerance.event.certainty",
            "required": false,
            "repeats": true,
            "question": [
              {
                "linkId": "AllergyIntolerance.event.certainty.value",
                "text": "certainty",
                "type": "choice",
                "required": false,
                "repeats": false
              }
            ]
          },
          {
            "extension": [
              {
                "url": "http://hl7.org/fhir/Profile/questionnaire-extensions#flyover",
                "valueString": "Clinical symptoms and/or signs that are observed or associated with the Adverse Reaction Event."
              },
              {
                "url": "http://www.healthintersections.com.au/fhir/Profile/metadata#type",
                "valueString": "CodeableConcept"
              }
            ],
            "linkId": "AllergyIntolerance.event.manifestation",
            "text": "Clinical symptoms/signs associated with the Event",
            "required": true,
            "repeats": true,
            "question": [
              {
                "linkId": "AllergyIntolerance.event.manifestation.coding",
                "text": "code:",
                "type": "open-choice",
                "required": false,
                "repeats": false
              },
              {
                "linkId": "AllergyIntolerance.event.manifestation.text",
                "text": "text:",
                "type": "string",
                "required": false,
                "repeats": false
              }
            ]
          },
          {
            "extension": [
              {
                "url": "http://hl7.org/fhir/Profile/questionnaire-extensions#flyover",
                "valueString": "Text description about the Reaction as a whole, including details of the manifestation if required."
              },
              {
                "url": "http://www.healthintersections.com.au/fhir/Profile/metadata#type",
                "valueString": "string"
              }
            ],
            "linkId": "AllergyIntolerance.event.description",
            "required": false,
            "repeats": true,
            "question": [
              {
                "linkId": "AllergyIntolerance.event.description.value",
                "text": "Description of the event as a whole",
                "type": "string",
                "required": false,
                "repeats": false
              }
            ]
          },
          {
            "extension": [
              {
                "url": "http://hl7.org/fhir/Profile/questionnaire-extensions#flyover",
                "valueString": "Record of the date and/or time of the onset of the Reaction."
              },
              {
                "url": "http://www.healthintersections.com.au/fhir/Profile/metadata#type",
                "valueString": "datetime"
              }
            ],
            "linkId": "AllergyIntolerance.event.onset",
            "required": false,
            "repeats": true,
            "question": [
              {
                "linkId": "AllergyIntolerance.event.onset.value",
                "text": "Date(/time) when manifestations showed",
                "type": "dateTime",
                "required": false,
                "repeats": false
              }
            ]
          },
          {
            "extension": [
              {
                "url": "http://hl7.org/fhir/Profile/questionnaire-extensions#flyover",
                "valueString": "The amount of time that the Adverse Reaction persisted."
              },
              {
                "url": "http://www.healthintersections.com.au/fhir/Profile/metadata#type",
                "valueString": "Duration"
              }
            ],
            "linkId": "AllergyIntolerance.event.duration",
            "text": "How long Manifestations persisted",
            "required": false,
            "repeats": true,
            "question": [
              {
                "linkId": "AllergyIntolerance.event.duration.value",
                "text": "value:",
                "type": "decimal",
                "required": false,
                "repeats": false
              },
              {
                "linkId": "AllergyIntolerance.event.duration.units",
                "text": "units:",
                "type": "string",
                "required": false,
                "repeats": false
              }
            ]
          },
          {
            "extension": [
              {
                "url": "http://hl7.org/fhir/Profile/questionnaire-extensions#flyover",
                "valueString": "Clinical assessment of the severity of the reaction event as a whole, potentially considering multiple different manifestations."
              },
              {
                "url": "http://www.healthintersections.com.au/fhir/Profile/metadata#type",
                "valueString": "code"
              }
            ],
            "linkId": "AllergyIntolerance.event.severity",
            "required": false,
            "repeats": true,
            "question": [
              {
                "linkId": "AllergyIntolerance.event.severity.value",
                "text": "severity",
                "type": "choice",
                "required": false,
                "repeats": false
              }
            ]
          },
          {
            "extension": [
              {
                "url": "http://hl7.org/fhir/Profile/questionnaire-extensions#flyover",
                "valueString": "Identification of the route by which the subject was exposed to the substance."
              },
              {
                "url": "http://www.healthintersections.com.au/fhir/Profile/metadata#type",
                "valueString": "CodeableConcept"
              }
            ],
            "linkId": "AllergyIntolerance.event.exposureRoute",
            "text": "How the subject was exposed to the substance",
            "required": false,
            "repeats": true,
            "question": [
              {
                "linkId": "AllergyIntolerance.event.exposureRoute.coding",
                "text": "code:",
                "type": "open-choice",
                "required": false,
                "repeats": false
              },
              {
                "linkId": "AllergyIntolerance.event.exposureRoute.text",
                "text": "text:",
                "type": "string",
                "required": false,
                "repeats": false
              }
            ]
          },
          {
            "extension": [
              {
                "url": "http://hl7.org/fhir/Profile/questionnaire-extensions#flyover",
                "valueString": "Additional text about the Adverse Reaction event not captured in other fields."
              },
              {
                "url": "http://www.healthintersections.com.au/fhir/Profile/metadata#type",
                "valueString": "string"
              }
            ],
            "linkId": "AllergyIntolerance.event.comment",
            "required": false,
            "repeats": true,
            "question": [
              {
                "linkId": "AllergyIntolerance.event.comment.value",
                "text": "Text about event not captured in other fields",
                "type": "string",
                "required": false,
                "repeats": false
              }
            ]
          }
        ]
      }
    ]
  }
}