{
  "resourceType": "Questionnaire",
  "id": "qs1",
  "contained": [
    {
      "resourceType": "ValueSet",
      "id": "vs2",
      "name": "Type options for AppointmentResponse.actor",
      "description": "Type options for AppointmentResponse.actor",
      "status": "active",
      "expansion": {
        "identifier": "urn:uuid:d5dfafe0-6b87-4f12-b9bc-00ff78806a10",
        "timestamp": "2015-07-24T17:33:34-04:00",
        "contains": [
          {
            "system": "http://hl7.org/fhir/resource-types",
            "code": "Patient",
            "display": "Patient"
          },
          {
            "system": "http://hl7.org/fhir/resource-types",
            "code": "Practitioner",
            "display": "Practitioner"
          },
          {
            "system": "http://hl7.org/fhir/resource-types",
            "code": "RelatedPerson",
            "display": "RelatedPerson"
          },
          {
            "system": "http://hl7.org/fhir/resource-types",
            "code": "Device",
            "display": "Device"
          },
          {
            "system": "http://hl7.org/fhir/resource-types",
            "code": "HealthcareService",
            "display": "HealthcareService"
          },
          {
            "system": "http://hl7.org/fhir/resource-types",
            "code": "Location",
            "display": "Location"
          }
        ]
      }
    }
  ],
  "identifier": [
    {
      "system": "urn:ietf:rfc:3986"
    }
  ],
  "status": "draft",
  "date": "2015-07-24T17:31:16-04:00",
  "publisher": "Health Level Seven International (Patient Administration)",
  "group": {
    "extension": [
      {
        "url": "http://hl7.org/fhir/Profile/questionnaire-extensions#flyover",
        "valueString": "A reply to an appointment request for a patient and/or practitioner(s), such as a confirmation or rejection."
      }
    ],
    "linkId": "AppointmentResponse",
    "title": "A reply to an appointment request for a patient and/or practitioner(s), such as a confirmation or rejection",
    "required": false,
    "repeats": true,
    "group": [
      {
        "extension": [
          {
            "url": "http://hl7.org/fhir/Profile/questionnaire-extensions#flyover",
            "valueString": "The logical id of the resource, as used in the url for the resource. Once assigned, this value never changes."
          },
          {
            "url": "http://www.healthintersections.com.au/fhir/Profile/metadata#type",
            "valueString": "string"
          }
        ],
        "linkId": "AppointmentResponse.id",
        "required": false,
        "repeats": true,
        "question": [
          {
            "linkId": "AppointmentResponse.id.value",
            "text": "Logical id of this artifact",
            "type": "string",
            "required": false,
            "repeats": false
          }
        ]
      },
      {
        "extension": [
          {
            "url": "http://hl7.org/fhir/Profile/questionnaire-extensions#flyover",
            "valueString": "The metadata about the resource. This is content that is maintained by the infrastructure. Changes to the content may not always be associated with version changes to the resource."
          }
        ],
        "linkId": "AppointmentResponse.meta",
        "text": "Metadata about the resource",
        "required": false,
        "repeats": true
      },
      {
        "extension": [
          {
            "url": "http://hl7.org/fhir/Profile/questionnaire-extensions#flyover",
            "valueString": "A reference to a set of rules that were followed when the resource was constructed, and which must be understood when processing the content."
          },
          {
            "url": "http://www.healthintersections.com.au/fhir/Profile/metadata#type",
            "valueString": "uri"
          }
        ],
        "linkId": "AppointmentResponse.implicitRules",
        "required": false,
        "repeats": true,
        "question": [
          {
            "linkId": "AppointmentResponse.implicitRules.value",
            "text": "A set of rules under which this content was created",
            "type": "string",
            "required": false,
            "repeats": false
          }
        ]
      },
      {
        "extension": [
          {
            "url": "http://hl7.org/fhir/Profile/questionnaire-extensions#flyover",
            "valueString": "The base language in which the resource is written."
          },
          {
            "url": "http://www.healthintersections.com.au/fhir/Profile/metadata#type",
            "valueString": "code"
          }
        ],
        "linkId": "AppointmentResponse.language",
        "required": false,
        "repeats": true,
        "question": [
          {
            "linkId": "AppointmentResponse.language.value",
            "text": "language",
            "type": "choice",
            "required": false,
            "repeats": false
          }
        ]
      },
      {
        "extension": [
          {
            "url": "http://hl7.org/fhir/Profile/questionnaire-extensions#flyover",
            "valueString": "A human-readable narrative that contains a summary of the resource, and may be used to represent the content of the resource to a human. The narrative need not encode all the structured data, but is required to contain sufficient detail to make it \"clinically safe\" for a human to just read the narrative. Resource definitions may define what content should be represented in the narrative to ensure clinical safety."
          }
        ],
        "linkId": "AppointmentResponse.text",
        "text": "Text summary of the resource, for human interpretation",
        "required": false,
        "repeats": true
      },
      {
        "extension": [
          {
            "url": "http://hl7.org/fhir/Profile/questionnaire-extensions#flyover",
            "valueString": "These resources do not have an independent existence apart from the resource that contains them - they cannot be identified independently, and nor can they have their own independent transaction scope."
          }
        ],
        "linkId": "AppointmentResponse.contained",
        "text": "Contained, inline Resources",
        "required": false,
        "repeats": true
      },
      {
        "extension": [
          {
            "url": "http://hl7.org/fhir/Profile/questionnaire-extensions#flyover",
            "valueString": "May be used to represent additional information that is not part of the basic definition of the resource. In order to make the use of extensions safe and manageable, there is a strict set of governance  applied to the definition and use of extensions. Though any implementer is allowed to define an extension, there is a set of requirements that SHALL be met as part of the definition of the extension."
          }
        ],
        "linkId": "AppointmentResponse.extension",
        "text": "Additional Content defined by implementations",
        "required": false,
        "repeats": true
      },
      {
        "extension": [
          {
            "url": "http://hl7.org/fhir/Profile/questionnaire-extensions#flyover",
            "valueString": "May be used to represent additional information that is not part of the basic definition of the resource, and that modifies the understanding of the element that contains it. Usually modifier elements provide negation or qualification. In order to make the use of extensions safe and manageable, there is a strict set of governance applied to the definition and use of extensions. Though any implementer is allowed to define an extension, there is a set of requirements that SHALL be met as part of the definition of the extension. Applications processing a resource are required to check for modifier extensions."
          }
        ],
        "linkId": "AppointmentResponse.modifierExtension",
        "text": "Extensions that cannot be ignored",
        "required": false,
        "repeats": true
      },
      {
        "extension": [
          {
            "url": "http://hl7.org/fhir/Profile/questionnaire-extensions#flyover",
            "valueString": "This records identifiers associated with this appointment response concern that are defined by business processed and/ or used to refer to it when a direct URL reference to the resource itself is not appropriate."
          },
          {
            "url": "http://www.healthintersections.com.au/fhir/Profile/metadata#type",
            "valueString": "Identifier"
          }
        ],
        "linkId": "AppointmentResponse.identifier",
        "text": "External Ids for this item",
        "required": false,
        "repeats": true,
        "question": [
          {
            "linkId": "AppointmentResponse.identifier.label",
            "text": "label:",
            "type": "string",
            "required": false,
            "repeats": false
          },
          {
            "linkId": "AppointmentResponse.identifier.system",
            "text": "system:",
            "type": "string",
            "required": false,
            "repeats": false
          },
          {
            "linkId": "AppointmentResponse.identifier.value",
            "text": "value:",
            "type": "string",
            "required": false,
            "repeats": false
          }
        ]
      },
      {
        "extension": [
          {
            "url": "http://hl7.org/fhir/Profile/questionnaire-extensions#flyover",
            "valueString": "Parent appointment that this response is replying to."
          },
          {
            "url": "http://www.healthintersections.com.au/fhir/Profile/metadata#type",
            "valueString": "Reference"
          }
        ],
        "linkId": "AppointmentResponse.appointment",
        "required": true,
        "repeats": true,
        "question": [
          {
            "extension": [
              {
                "url": "http://www.healthintersections.com.au/fhir/Profile/metadata#reference",
                "valueString": "/Appointment?subject=$subj&patient=$subj&encounter=$encounter"
              }
            ],
            "linkId": "AppointmentResponse.appointment.value",
            "text": "Parent appointment that this response is replying to",
            "type": "reference",
            "required": false,
            "repeats": false
          }
        ]
      },
      {
        "extension": [
          {
            "url": "http://hl7.org/fhir/Profile/questionnaire-extensions#flyover",
            "valueString": "Role of participant in the appointment."
          },
          {
            "url": "http://www.healthintersections.com.au/fhir/Profile/metadata#type",
            "valueString": "CodeableConcept"
          }
        ],
        "linkId": "AppointmentResponse.participantType",
        "text": "Role of participant in the appointment",
        "required": false,
        "repeats": true,
        "question": [
          {
            "linkId": "AppointmentResponse.participantType.coding",
            "text": "code:",
            "type": "choice",
            "required": false,
            "repeats": false
          },
          {
            "linkId": "AppointmentResponse.participantType.text",
            "text": "text:",
            "type": "string",
            "required": false,
            "repeats": false
          }
        ]
      },
      {
        "extension": [
          {
            "url": "http://hl7.org/fhir/Profile/questionnaire-extensions#flyover",
            "valueString": "A Person, Location/HealthcareService or Device that is participating in the appointment."
          }
        ],
        "linkId": "AppointmentResponse.actor",
        "text": "A Person, Location/HealthcareService or Device that is participating in the appointment",
        "required": false,
        "repeats": true,
        "question": [
          {
            "linkId": "AppointmentResponse.actor._type",
            "text": "type",
            "type": "choice",
            "required": false,
            "repeats": false,
            "options": {
              "reference": "#vs2"
            },
            "group": [
              {
                "extension": [
                  {
                    "url": "http://www.healthintersections.com.au/fhir/Profile/metadata#type",
                    "valueString": "Reference"
                  }
                ],
                "linkId": "AppointmentResponse.actor._Patient",
                "question": [
                  {
                    "extension": [
                      {
                        "url": "http://www.healthintersections.com.au/fhir/Profile/metadata#reference",
                        "valueString": "/Patient?subject=$subj&patient=$subj&encounter=$encounter"
                      }
                    ],
                    "linkId": "AppointmentResponse.actor._Patient.value",
                    "text": "Patient",
                    "type": "reference",
                    "required": false,
                    "repeats": false
                  }
                ]
              },
              {
                "extension": [
                  {
                    "url": "http://www.healthintersections.com.au/fhir/Profile/metadata#type",
                    "valueString": "Reference"
                  }
                ],
                "linkId": "AppointmentResponse.actor._Practitioner",
                "question": [
                  {
                    "extension": [
                      {
                        "url": "http://www.healthintersections.com.au/fhir/Profile/metadata#reference",
                        "valueString": "/Practitioner?subject=$subj&patient=$subj&encounter=$encounter"
                      }
                    ],
                    "linkId": "AppointmentResponse.actor._Practitioner.value",
                    "text": "Practitioner",
                    "type": "reference",
                    "required": false,
                    "repeats": false
                  }
                ]
              },
              {
                "extension": [
                  {
                    "url": "http://www.healthintersections.com.au/fhir/Profile/metadata#type",
                    "valueString": "Reference"
                  }
                ],
                "linkId": "AppointmentResponse.actor._RelatedPerson",
                "question": [
                  {
                    "extension": [
                      {
                        "url": "http://www.healthintersections.com.au/fhir/Profile/metadata#reference",
                        "valueString": "/RelatedPerson?subject=$subj&patient=$subj&encounter=$encounter"
                      }
                    ],
                    "linkId": "AppointmentResponse.actor._RelatedPerson.value",
                    "text": "RelatedPerson",
                    "type": "reference",
                    "required": false,
                    "repeats": false
                  }
                ]
              },
              {
                "extension": [
                  {
                    "url": "http://www.healthintersections.com.au/fhir/Profile/metadata#type",
                    "valueString": "Reference"
                  }
                ],
                "linkId": "AppointmentResponse.actor._Device",
                "question": [
                  {
                    "extension": [
                      {
                        "url": "http://www.healthintersections.com.au/fhir/Profile/metadata#reference",
                        "valueString": "/Device?subject=$subj&patient=$subj&encounter=$encounter"
                      }
                    ],
                    "linkId": "AppointmentResponse.actor._Device.value",
                    "text": "Device",
                    "type": "reference",
                    "required": false,
                    "repeats": false
                  }
                ]
              },
              {
                "extension": [
                  {
                    "url": "http://www.healthintersections.com.au/fhir/Profile/metadata#type",
                    "valueString": "Reference"
                  }
                ],
                "linkId": "AppointmentResponse.actor._HealthcareService",
                "question": [
                  {
                    "extension": [
                      {
                        "url": "http://www.healthintersections.com.au/fhir/Profile/metadata#reference",
                        "valueString": "/HealthcareService?subject=$subj&patient=$subj&encounter=$encounter"
                      }
                    ],
                    "linkId": "AppointmentResponse.actor._HealthcareService.value",
                    "text": "HealthcareService",
                    "type": "reference",
                    "required": false,
                    "repeats": false
                  }
                ]
              },
              {
                "extension": [
                  {
                    "url": "http://www.healthintersections.com.au/fhir/Profile/metadata#type",
                    "valueString": "Reference"
                  }
                ],
                "linkId": "AppointmentResponse.actor._Location",
                "question": [
                  {
                    "extension": [
                      {
                        "url": "http://www.healthintersections.com.au/fhir/Profile/metadata#reference",
                        "valueString": "/Location?subject=$subj&patient=$subj&encounter=$encounter"
                      }
                    ],
                    "linkId": "AppointmentResponse.actor._Location.value",
                    "text": "Location",
                    "type": "reference",
                    "required": false,
                    "repeats": false
                  }
                ]
              }
            ]
          }
        ]
      },
      {
        "extension": [
          {
            "url": "http://hl7.org/fhir/Profile/questionnaire-extensions#flyover",
            "valueString": "Participation status of the Participant. When the status is declined or tentative if the start/end times are different to the appointment, then these times should be interpreted as a requested time change. When the status is accepted, the times can either be the time of the appointment (as a confirmation of the time) or can be empty."
          },
          {
            "url": "http://www.healthintersections.com.au/fhir/Profile/metadata#type",
            "valueString": "code"
          }
        ],
        "linkId": "AppointmentResponse.participantStatus",
        "required": true,
        "repeats": true,
        "question": [
          {
            "linkId": "AppointmentResponse.participantStatus.value",
            "text": "participant status",
            "type": "choice",
            "required": false,
            "repeats": false
          }
        ]
      },
      {
        "extension": [
          {
            "url": "http://hl7.org/fhir/Profile/questionnaire-extensions#flyover",
            "valueString": "This comment is particularly important when the responder is declining, tentative or requesting another time to indicate the reasons why."
          },
          {
            "url": "http://www.healthintersections.com.au/fhir/Profile/metadata#type",
            "valueString": "string"
          }
        ],
        "linkId": "AppointmentResponse.comment",
        "required": false,
        "repeats": true,
        "question": [
          {
            "linkId": "AppointmentResponse.comment.value",
            "text": "Additional comments about the appointment",
            "type": "string",
            "required": false,
            "repeats": false
          }
        ]
      },
      {
        "extension": [
          {
            "url": "http://hl7.org/fhir/Profile/questionnaire-extensions#flyover",
            "valueString": "This may be either the same as the appointment request to confirm the details of the appointment, or alternately a new time to request a re-negotiation of the start time."
          },
          {
            "url": "http://www.healthintersections.com.au/fhir/Profile/metadata#type",
            "valueString": "instant"
          }
        ],
        "linkId": "AppointmentResponse.start",
        "required": false,
        "repeats": true,
        "question": [
          {
            "linkId": "AppointmentResponse.start.value",
            "text": "Date/Time that the appointment is to take place, or requested new start time",
            "type": "instant",
            "required": false,
            "repeats": false
          }
        ]
      },
      {
        "extension": [
          {
            "url": "http://hl7.org/fhir/Profile/questionnaire-extensions#flyover",
            "valueString": "This may be either the same as the appointment request to confirm the details of the appointment, or alternately a new time to request a re-negotiation of the end time."
          },
          {
            "url": "http://www.healthintersections.com.au/fhir/Profile/metadata#type",
            "valueString": "instant"
          }
        ],
        "linkId": "AppointmentResponse.end",
        "required": false,
        "repeats": true,
        "question": [
          {
            "linkId": "AppointmentResponse.end.value",
            "text": "Date/Time that the appointment is to conclude, or requested new end time",
            "type": "instant",
            "required": false,
            "repeats": false
          }
        ]
      }
    ]
  }
}