{
  "resourceType": "Questionnaire",
  "id": "qs1",
  "contained": [
    {
      "resourceType": "ValueSet",
      "id": "vs2",
      "name": "Type options for AuditEvent.participant.reference",
      "description": "Type options for AuditEvent.participant.reference",
      "status": "active",
      "expansion": {
        "identifier": "urn:uuid:d80ae9c1-f867-418e-9448-d15b32dfc1e3",
        "timestamp": "2015-07-28T17:36:55-04:00",
        "contains": [
          {
            "system": "http://hl7.org/fhir/resource-types",
            "code": "Practitioner",
            "display": "Practitioner"
          },
          {
            "system": "http://hl7.org/fhir/resource-types",
            "code": "Organization",
            "display": "Organization"
          },
          {
            "system": "http://hl7.org/fhir/resource-types",
            "code": "Device",
            "display": "Device"
          },
          {
            "system": "http://hl7.org/fhir/resource-types",
            "code": "Patient",
            "display": "Patient"
          },
          {
            "system": "http://hl7.org/fhir/resource-types",
            "code": "RelatedPerson",
            "display": "RelatedPerson"
          }
        ]
      }
    }
  ],
  "identifier": [
    {
      "system": "urn:ietf:rfc:3986"
    }
  ],
  "status": "draft",
  "date": "2014-12-04T00:00:00-05:00",
  "publisher": "Health Level Seven International (Electronic Health Record)",
  "group": {
    "extension": [
      {
        "url": "http://hl7.org/fhir/Profile/questionnaire-extensions#flyover",
        "valueString": "A record of an event made for purposes of maintaining a security log. Typical uses include detection of intrusion attempts and monitoring for inappropriate usage."
      }
    ],
    "linkId": "AuditEvent",
    "title": "Event record kept for security purposes",
    "required": false,
    "repeats": true,
    "group": [
      {
        "extension": [
          {
            "url": "http://hl7.org/fhir/Profile/questionnaire-extensions#flyover",
            "valueString": "The logical id of the resource, as used in the url for the resource. Once assigned, this value never changes."
          },
          {
            "url": "http://www.healthintersections.com.au/fhir/Profile/metadata#type",
            "valueString": "string"
          }
        ],
        "linkId": "AuditEvent.id",
        "required": false,
        "repeats": true,
        "question": [
          {
            "linkId": "AuditEvent.id.value",
            "text": "Logical id of this artifact",
            "type": "string",
            "required": false,
            "repeats": false
          }
        ]
      },
      {
        "extension": [
          {
            "url": "http://hl7.org/fhir/Profile/questionnaire-extensions#flyover",
            "valueString": "The metadata about the resource. This is content that is maintained by the infrastructure. Changes to the content may not always be associated with version changes to the resource."
          }
        ],
        "linkId": "AuditEvent.meta",
        "text": "Metadata about the resource",
        "required": false,
        "repeats": true
      },
      {
        "extension": [
          {
            "url": "http://hl7.org/fhir/Profile/questionnaire-extensions#flyover",
            "valueString": "A reference to a set of rules that were followed when the resource was constructed, and which must be understood when processing the content."
          },
          {
            "url": "http://www.healthintersections.com.au/fhir/Profile/metadata#type",
            "valueString": "uri"
          }
        ],
        "linkId": "AuditEvent.implicitRules",
        "required": false,
        "repeats": true,
        "question": [
          {
            "linkId": "AuditEvent.implicitRules.value",
            "text": "A set of rules under which this content was created",
            "type": "string",
            "required": false,
            "repeats": false
          }
        ]
      },
      {
        "extension": [
          {
            "url": "http://hl7.org/fhir/Profile/questionnaire-extensions#flyover",
            "valueString": "The base language in which the resource is written."
          },
          {
            "url": "http://www.healthintersections.com.au/fhir/Profile/metadata#type",
            "valueString": "code"
          }
        ],
        "linkId": "AuditEvent.language",
        "required": false,
        "repeats": true,
        "question": [
          {
            "linkId": "AuditEvent.language.value",
            "text": "language",
            "type": "choice",
            "required": false,
            "repeats": false
          }
        ]
      },
      {
        "extension": [
          {
            "url": "http://hl7.org/fhir/Profile/questionnaire-extensions#flyover",
            "valueString": "A human-readable narrative that contains a summary of the resource, and may be used to represent the content of the resource to a human. The narrative need not encode all the structured data, but is required to contain sufficient detail to make it \"clinically safe\" for a human to just read the narrative. Resource definitions may define what content should be represented in the narrative to ensure clinical safety."
          }
        ],
        "linkId": "AuditEvent.text",
        "text": "Text summary of the resource, for human interpretation",
        "required": false,
        "repeats": true
      },
      {
        "extension": [
          {
            "url": "http://hl7.org/fhir/Profile/questionnaire-extensions#flyover",
            "valueString": "These resources do not have an independent existence apart from the resource that contains them - they cannot be identified independently, and nor can they have their own independent transaction scope."
          }
        ],
        "linkId": "AuditEvent.contained",
        "text": "Contained, inline Resources",
        "required": false,
        "repeats": true
      },
      {
        "extension": [
          {
            "url": "http://hl7.org/fhir/Profile/questionnaire-extensions#flyover",
            "valueString": "May be used to represent additional information that is not part of the basic definition of the resource. In order to make the use of extensions safe and manageable, there is a strict set of governance  applied to the definition and use of extensions. Though any implementer is allowed to define an extension, there is a set of requirements that SHALL be met as part of the definition of the extension."
          }
        ],
        "linkId": "AuditEvent.extension",
        "text": "Additional Content defined by implementations",
        "required": false,
        "repeats": true
      },
      {
        "extension": [
          {
            "url": "http://hl7.org/fhir/Profile/questionnaire-extensions#flyover",
            "valueString": "May be used to represent additional information that is not part of the basic definition of the resource, and that modifies the understanding of the element that contains it. Usually modifier elements provide negation or qualification. In order to make the use of extensions safe and manageable, there is a strict set of governance applied to the definition and use of extensions. Though any implementer is allowed to define an extension, there is a set of requirements that SHALL be met as part of the definition of the extension. Applications processing a resource are required to check for modifier extensions."
          }
        ],
        "linkId": "AuditEvent.modifierExtension",
        "text": "Extensions that cannot be ignored",
        "required": false,
        "repeats": true
      },
      {
        "extension": [
          {
            "url": "http://hl7.org/fhir/Profile/questionnaire-extensions#flyover",
            "valueString": "Identifies the name, action type, time, and disposition of the audited event."
          }
        ],
        "linkId": "AuditEvent.event",
        "title": "What was done",
        "required": true,
        "repeats": false,
        "group": [
          {
            "extension": [
              {
                "url": "http://hl7.org/fhir/Profile/questionnaire-extensions#flyover",
                "valueString": "unique id for the element within a resource (for internal references)."
              },
              {
                "url": "http://www.healthintersections.com.au/fhir/Profile/metadata#type",
                "valueString": "string"
              }
            ],
            "linkId": "AuditEvent.event.id",
            "required": false,
            "repeats": true,
            "question": [
              {
                "linkId": "AuditEvent.event.id.value",
                "text": "xml:id (or equivalent in JSON)",
                "type": "string",
                "required": false,
                "repeats": false
              }
            ]
          },
          {
            "extension": [
              {
                "url": "http://hl7.org/fhir/Profile/questionnaire-extensions#flyover",
                "valueString": "An Extension"
              }
            ],
            "linkId": "AuditEvent.event.extension",
            "text": "Extension",
            "required": false,
            "repeats": true
          },
          {
            "extension": [
              {
                "url": "http://hl7.org/fhir/Profile/questionnaire-extensions#flyover",
                "valueString": "May be used to represent additional information that is not part of the basic definition of the element, and that modifies the understanding of the element that contains it. Usually modifier elements provide negation or qualification. In order to make the use of extensions safe and manageable, there is a strict set of governance applied to the definition and use of extensions. Though any implementer is allowed to define an extension, there is a set of requirements that SHALL be met as part of the definition of the extension. Applications processing a resource are required to check for modifier extensions."
              }
            ],
            "linkId": "AuditEvent.event.modifierExtension",
            "text": "Extensions that cannot be ignored",
            "required": false,
            "repeats": true
          },
          {
            "extension": [
              {
                "url": "http://hl7.org/fhir/Profile/questionnaire-extensions#flyover",
                "valueString": "Identifier for a family of the event."
              },
              {
                "url": "http://www.healthintersections.com.au/fhir/Profile/metadata#type",
                "valueString": "CodeableConcept"
              }
            ],
            "linkId": "AuditEvent.event.type",
            "text": "Type/identifier of event",
            "required": true,
            "repeats": true,
            "question": [
              {
                "linkId": "AuditEvent.event.type.coding",
                "text": "code:",
                "type": "open-choice",
                "required": false,
                "repeats": false
              },
              {
                "linkId": "AuditEvent.event.type.text",
                "text": "text:",
                "type": "string",
                "required": false,
                "repeats": false
              }
            ]
          },
          {
            "extension": [
              {
                "url": "http://hl7.org/fhir/Profile/questionnaire-extensions#flyover",
                "valueString": "Identifier for the category of event."
              },
              {
                "url": "http://www.healthintersections.com.au/fhir/Profile/metadata#type",
                "valueString": "CodeableConcept"
              }
            ],
            "linkId": "AuditEvent.event.subtype",
            "text": "More specific type/id for the event",
            "required": false,
            "repeats": true,
            "question": [
              {
                "linkId": "AuditEvent.event.subtype.coding",
                "text": "code:",
                "type": "open-choice",
                "required": false,
                "repeats": false
              },
              {
                "linkId": "AuditEvent.event.subtype.text",
                "text": "text:",
                "type": "string",
                "required": false,
                "repeats": false
              }
            ]
          },
          {
            "extension": [
              {
                "url": "http://hl7.org/fhir/Profile/questionnaire-extensions#flyover",
                "valueString": "Indicator for type of action performed during the event that generated the audit."
              },
              {
                "url": "http://www.healthintersections.com.au/fhir/Profile/metadata#type",
                "valueString": "code"
              }
            ],
            "linkId": "AuditEvent.event.action",
            "required": false,
            "repeats": true,
            "question": [
              {
                "linkId": "AuditEvent.event.action.value",
                "text": "action",
                "type": "choice",
                "required": false,
                "repeats": false
              }
            ]
          },
          {
            "extension": [
              {
                "url": "http://hl7.org/fhir/Profile/questionnaire-extensions#flyover",
                "valueString": "The time when the event occurred on the source."
              },
              {
                "url": "http://www.healthintersections.com.au/fhir/Profile/metadata#type",
                "valueString": "instant"
              }
            ],
            "linkId": "AuditEvent.event.dateTime",
            "required": true,
            "repeats": true,
            "question": [
              {
                "linkId": "AuditEvent.event.dateTime.value",
                "text": "Time when the event occurred on source",
                "type": "instant",
                "required": false,
                "repeats": false
              }
            ]
          },
          {
            "extension": [
              {
                "url": "http://hl7.org/fhir/Profile/questionnaire-extensions#flyover",
                "valueString": "Indicates whether the event succeeded or failed."
              },
              {
                "url": "http://www.healthintersections.com.au/fhir/Profile/metadata#type",
                "valueString": "code"
              }
            ],
            "linkId": "AuditEvent.event.outcome",
            "required": false,
            "repeats": true,
            "question": [
              {
                "linkId": "AuditEvent.event.outcome.value",
                "text": "outcome",
                "type": "choice",
                "required": false,
                "repeats": false
              }
            ]
          },
          {
            "extension": [
              {
                "url": "http://hl7.org/fhir/Profile/questionnaire-extensions#flyover",
                "valueString": "A free text description of the outcome of the event."
              },
              {
                "url": "http://www.healthintersections.com.au/fhir/Profile/metadata#type",
                "valueString": "string"
              }
            ],
            "linkId": "AuditEvent.event.outcomeDesc",
            "required": false,
            "repeats": true,
            "question": [
              {
                "linkId": "AuditEvent.event.outcomeDesc.value",
                "text": "Description of the event outcome",
                "type": "string",
                "required": false,
                "repeats": false
              }
            ]
          },
          {
            "extension": [
              {
                "url": "http://hl7.org/fhir/Profile/questionnaire-extensions#flyover",
                "valueString": "The purposeOfUse (reason) that was used during the event being recorded."
              },
              {
                "url": "http://www.healthintersections.com.au/fhir/Profile/metadata#type",
                "valueString": "Coding"
              }
            ],
            "linkId": "AuditEvent.event.purposeOfEvent",
            "required": false,
            "repeats": true,
            "question": [
              {
                "linkId": "AuditEvent.event.purposeOfEvent.value",
                "text": "The purposeOfUse of the event",
                "type": "open-choice",
                "required": false,
                "repeats": false
              }
            ]
          }
        ]
      },
      {
        "extension": [
          {
            "url": "http://hl7.org/fhir/Profile/questionnaire-extensions#flyover",
            "valueString": "A person, a hardware device or software process."
          }
        ],
        "linkId": "AuditEvent.participant",
        "title": "A person, a hardware device or software process",
        "required": true,
        "repeats": true,
        "group": [
          {
            "extension": [
              {
                "url": "http://hl7.org/fhir/Profile/questionnaire-extensions#flyover",
                "valueString": "unique id for the element within a resource (for internal references)."
              },
              {
                "url": "http://www.healthintersections.com.au/fhir/Profile/metadata#type",
                "valueString": "string"
              }
            ],
            "linkId": "AuditEvent.participant.id",
            "required": false,
            "repeats": true,
            "question": [
              {
                "linkId": "AuditEvent.participant.id.value",
                "text": "xml:id (or equivalent in JSON)",
                "type": "string",
                "required": false,
                "repeats": false
              }
            ]
          },
          {
            "extension": [
              {
                "url": "http://hl7.org/fhir/Profile/questionnaire-extensions#flyover",
                "valueString": "May be used to represent additional information that is not part of the basic definition of the element. In order to make the use of extensions safe and manageable, there is a strict set of governance  applied to the definition and use of extensions. Though any implementer is allowed to define an extension, there is a set of requirements that SHALL be met as part of the definition of the extension."
              }
            ],
            "linkId": "AuditEvent.participant.extension",
            "text": "Additional Content defined by implementations",
            "required": false,
            "repeats": true
          },
          {
            "extension": [
              {
                "url": "http://hl7.org/fhir/Profile/questionnaire-extensions#flyover",
                "valueString": "May be used to represent additional information that is not part of the basic definition of the element, and that modifies the understanding of the element that contains it. Usually modifier elements provide negation or qualification. In order to make the use of extensions safe and manageable, there is a strict set of governance applied to the definition and use of extensions. Though any implementer is allowed to define an extension, there is a set of requirements that SHALL be met as part of the definition of the extension. Applications processing a resource are required to check for modifier extensions."
              }
            ],
            "linkId": "AuditEvent.participant.modifierExtension",
            "text": "Extensions that cannot be ignored",
            "required": false,
            "repeats": true
          },
          {
            "extension": [
              {
                "url": "http://hl7.org/fhir/Profile/questionnaire-extensions#flyover",
                "valueString": "Specification of the role(s) the user plays when performing the event. Usually the codes used in this element are local codes defined by the role-based access control security system used in the local context."
              },
              {
                "url": "http://www.healthintersections.com.au/fhir/Profile/metadata#type",
                "valueString": "CodeableConcept"
              }
            ],
            "linkId": "AuditEvent.participant.role",
            "text": "User roles (e.g. local RBAC codes)",
            "required": false,
            "repeats": true,
            "question": [
              {
                "linkId": "AuditEvent.participant.role.coding",
                "text": "code:",
                "type": "open-choice",
                "required": false,
                "repeats": false
              },
              {
                "linkId": "AuditEvent.participant.role.text",
                "text": "text:",
                "type": "string",
                "required": false,
                "repeats": false
              }
            ]
          },
          {
            "extension": [
              {
                "url": "http://hl7.org/fhir/Profile/questionnaire-extensions#flyover",
                "valueString": "Direct reference to a resource that identifies the participant."
              }
            ],
            "linkId": "AuditEvent.participant.reference",
            "text": "Direct reference to resource",
            "required": false,
            "repeats": true,
            "question": [
              {
                "linkId": "AuditEvent.participant.reference._type",
                "text": "type",
                "type": "choice",
                "required": false,
                "repeats": false,
                "options": {
                  "reference": "#vs2"
                },
                "group": [
                  {
                    "extension": [
                      {
                        "url": "http://www.healthintersections.com.au/fhir/Profile/metadata#type",
                        "valueString": "Reference"
                      }
                    ],
                    "linkId": "AuditEvent.participant.reference._Practitioner",
                    "question": [
                      {
                        "extension": [
                          {
                            "url": "http://www.healthintersections.com.au/fhir/Profile/metadata#reference",
                            "valueString": "/Practitioner?subject=$subj&patient=$subj&encounter=$encounter"
                          }
                        ],
                        "linkId": "AuditEvent.participant.reference._Practitioner.value",
                        "text": "Practitioner",
                        "type": "reference",
                        "required": false,
                        "repeats": false
                      }
                    ]
                  },
                  {
                    "extension": [
                      {
                        "url": "http://www.healthintersections.com.au/fhir/Profile/metadata#type",
                        "valueString": "Reference"
                      }
                    ],
                    "linkId": "AuditEvent.participant.reference._Organization",
                    "question": [
                      {
                        "extension": [
                          {
                            "url": "http://www.healthintersections.com.au/fhir/Profile/metadata#reference",
                            "valueString": "/Organization?subject=$subj&patient=$subj&encounter=$encounter"
                          }
                        ],
                        "linkId": "AuditEvent.participant.reference._Organization.value",
                        "text": "Organization",
                        "type": "reference",
                        "required": false,
                        "repeats": false
                      }
                    ]
                  },
                  {
                    "extension": [
                      {
                        "url": "http://www.healthintersections.com.au/fhir/Profile/metadata#type",
                        "valueString": "Reference"
                      }
                    ],
                    "linkId": "AuditEvent.participant.reference._Device",
                    "question": [
                      {
                        "extension": [
                          {
                            "url": "http://www.healthintersections.com.au/fhir/Profile/metadata#reference",
                            "valueString": "/Device?subject=$subj&patient=$subj&encounter=$encounter"
                          }
                        ],
                        "linkId": "AuditEvent.participant.reference._Device.value",
                        "text": "Device",
                        "type": "reference",
                        "required": false,
                        "repeats": false
                      }
                    ]
                  },
                  {
                    "extension": [
                      {
                        "url": "http://www.healthintersections.com.au/fhir/Profile/metadata#type",
                        "valueString": "Reference"
                      }
                    ],
                    "linkId": "AuditEvent.participant.reference._Patient",
                    "question": [
                      {
                        "extension": [
                          {
                            "url": "http://www.healthintersections.com.au/fhir/Profile/metadata#reference",
                            "valueString": "/Patient?subject=$subj&patient=$subj&encounter=$encounter"
                          }
                        ],
                        "linkId": "AuditEvent.participant.reference._Patient.value",
                        "text": "Patient",
                        "type": "reference",
                        "required": false,
                        "repeats": false
                      }
                    ]
                  },
                  {
                    "extension": [
                      {
                        "url": "http://www.healthintersections.com.au/fhir/Profile/metadata#type",
                        "valueString": "Reference"
                      }
                    ],
                    "linkId": "AuditEvent.participant.reference._RelatedPerson",
                    "question": [
                      {
                        "extension": [
                          {
                            "url": "http://www.healthintersections.com.au/fhir/Profile/metadata#reference",
                            "valueString": "/RelatedPerson?subject=$subj&patient=$subj&encounter=$encounter"
                          }
                        ],
                        "linkId": "AuditEvent.participant.reference._RelatedPerson.value",
                        "text": "RelatedPerson",
                        "type": "reference",
                        "required": false,
                        "repeats": false
                      }
                    ]
                  }
                ]
              }
            ]
          },
          {
            "extension": [
              {
                "url": "http://hl7.org/fhir/Profile/questionnaire-extensions#flyover",
                "valueString": "Unique identifier for the user actively participating in the event."
              },
              {
                "url": "http://www.healthintersections.com.au/fhir/Profile/metadata#type",
                "valueString": "string"
              }
            ],
            "linkId": "AuditEvent.participant.userId",
            "required": false,
            "repeats": true,
            "question": [
              {
                "linkId": "AuditEvent.participant.userId.value",
                "text": "Unique identifier for the user",
                "type": "string",
                "required": false,
                "repeats": false
              }
            ]
          },
          {
            "extension": [
              {
                "url": "http://hl7.org/fhir/Profile/questionnaire-extensions#flyover",
                "valueString": "Alternative Participant Identifier. For a human, this should be a user identifier text string from authentication system. This identifier would be one known to a common authentication system (e.g., single sign-on), if available."
              },
              {
                "url": "http://www.healthintersections.com.au/fhir/Profile/metadata#type",
                "valueString": "string"
              }
            ],
            "linkId": "AuditEvent.participant.altId",
            "required": false,
            "repeats": true,
            "question": [
              {
                "linkId": "AuditEvent.participant.altId.value",
                "text": "Alternative User id e.g. authentication",
                "type": "string",
                "required": false,
                "repeats": false
              }
            ]
          },
          {
            "extension": [
              {
                "url": "http://hl7.org/fhir/Profile/questionnaire-extensions#flyover",
                "valueString": "Human-meaningful name for the user."
              },
              {
                "url": "http://www.healthintersections.com.au/fhir/Profile/metadata#type",
                "valueString": "string"
              }
            ],
            "linkId": "AuditEvent.participant.name",
            "required": false,
            "repeats": true,
            "question": [
              {
                "linkId": "AuditEvent.participant.name.value",
                "text": "Human-meaningful name for the user",
                "type": "string",
                "required": false,
                "repeats": false
              }
            ]
          },
          {
            "extension": [
              {
                "url": "http://hl7.org/fhir/Profile/questionnaire-extensions#flyover",
                "valueString": "Indicator that the user is or is not the requestor, or initiator, for the event being audited."
              },
              {
                "url": "http://www.healthintersections.com.au/fhir/Profile/metadata#type",
                "valueString": "boolean"
              }
            ],
            "linkId": "AuditEvent.participant.requestor",
            "required": true,
            "repeats": true,
            "question": [
              {
                "linkId": "AuditEvent.participant.requestor.value",
                "text": "Whether user is initiator",
                "type": "boolean",
                "required": false,
                "repeats": false
              }
            ]
          },
          {
            "extension": [
              {
                "url": "http://hl7.org/fhir/Profile/questionnaire-extensions#flyover",
                "valueString": "Where the event occurred."
              },
              {
                "url": "http://www.healthintersections.com.au/fhir/Profile/metadata#type",
                "valueString": "Reference"
              }
            ],
            "linkId": "AuditEvent.participant.location",
            "required": false,
            "repeats": true,
            "question": [
              {
                "extension": [
                  {
                    "url": "http://www.healthintersections.com.au/fhir/Profile/metadata#reference",
                    "valueString": "/Location?subject=$subj&patient=$subj&encounter=$encounter"
                  }
                ],
                "linkId": "AuditEvent.participant.location.value",
                "text": "Where",
                "type": "reference",
                "required": false,
                "repeats": false
              }
            ]
          },
          {
            "extension": [
              {
                "url": "http://hl7.org/fhir/Profile/questionnaire-extensions#flyover",
                "valueString": "The policy or plan that authorized the activity being recorded. Typically, a single activity may have multiple applicable policies, such as patient consent, guarantor funding, etc. The policy would also indicate the security token used."
              },
              {
                "url": "http://www.healthintersections.com.au/fhir/Profile/metadata#type",
                "valueString": "uri"
              }
            ],
            "linkId": "AuditEvent.participant.policy",
            "required": false,
            "repeats": true,
            "question": [
              {
                "linkId": "AuditEvent.participant.policy.value",
                "text": "Policy that authorized event",
                "type": "string",
                "required": false,
                "repeats": false
              }
            ]
          },
          {
            "extension": [
              {
                "url": "http://hl7.org/fhir/Profile/questionnaire-extensions#flyover",
                "valueString": "Type of media involved. Used when the event is about exporting/importing onto media."
              },
              {
                "url": "http://www.healthintersections.com.au/fhir/Profile/metadata#type",
                "valueString": "Coding"
              }
            ],
            "linkId": "AuditEvent.participant.media",
            "required": false,
            "repeats": true,
            "question": [
              {
                "linkId": "AuditEvent.participant.media.value",
                "text": "Type of media",
                "type": "open-choice",
                "required": false,
                "repeats": false
              }
            ]
          },
          {
            "extension": [
              {
                "url": "http://hl7.org/fhir/Profile/questionnaire-extensions#flyover",
                "valueString": "Logical network location for application activity, if the activity has a network location."
              }
            ],
            "linkId": "AuditEvent.participant.network",
            "title": "Logical network location for application activity",
            "required": false,
            "repeats": false,
            "group": [
              {
                "extension": [
                  {
                    "url": "http://hl7.org/fhir/Profile/questionnaire-extensions#flyover",
                    "valueString": "unique id for the element within a resource (for internal references)."
                  },
                  {
                    "url": "http://www.healthintersections.com.au/fhir/Profile/metadata#type",
                    "valueString": "string"
                  }
                ],
                "linkId": "AuditEvent.participant.network.id",
                "required": false,
                "repeats": true,
                "question": [
                  {
                    "linkId": "AuditEvent.participant.network.id.value",
                    "text": "xml:id (or equivalent in JSON)",
                    "type": "string",
                    "required": false,
                    "repeats": false
                  }
                ]
              },
              {
                "extension": [
                  {
                    "url": "http://hl7.org/fhir/Profile/questionnaire-extensions#flyover",
                    "valueString": "May be used to represent additional information that is not part of the basic definition of the element. In order to make the use of extensions safe and manageable, there is a strict set of governance  applied to the definition and use of extensions. Though any implementer is allowed to define an extension, there is a set of requirements that SHALL be met as part of the definition of the extension."
                  }
                ],
                "linkId": "AuditEvent.participant.network.extension",
                "text": "Additional Content defined by implementations",
                "required": false,
                "repeats": true
              },
              {
                "extension": [
                  {
                    "url": "http://hl7.org/fhir/Profile/questionnaire-extensions#flyover",
                    "valueString": "May be used to represent additional information that is not part of the basic definition of the element, and that modifies the understanding of the element that contains it. Usually modifier elements provide negation or qualification. In order to make the use of extensions safe and manageable, there is a strict set of governance applied to the definition and use of extensions. Though any implementer is allowed to define an extension, there is a set of requirements that SHALL be met as part of the definition of the extension. Applications processing a resource are required to check for modifier extensions."
                  }
                ],
                "linkId": "AuditEvent.participant.network.modifierExtension",
                "text": "Extensions that cannot be ignored",
                "required": false,
                "repeats": true
              },
              {
                "extension": [
                  {
                    "url": "http://hl7.org/fhir/Profile/questionnaire-extensions#flyover",
                    "valueString": "An identifier for the network access point of the user device for the audit event."
                  },
                  {
                    "url": "http://www.healthintersections.com.au/fhir/Profile/metadata#type",
                    "valueString": "string"
                  }
                ],
                "linkId": "AuditEvent.participant.network.identifier",
                "required": false,
                "repeats": true,
                "question": [
                  {
                    "linkId": "AuditEvent.participant.network.identifier.value",
                    "text": "Identifier for the network access point of the user device",
                    "type": "string",
                    "required": false,
                    "repeats": false
                  }
                ]
              },
              {
                "extension": [
                  {
                    "url": "http://hl7.org/fhir/Profile/questionnaire-extensions#flyover",
                    "valueString": "An identifier for the type of network access point that originated the audit event."
                  },
                  {
                    "url": "http://www.healthintersections.com.au/fhir/Profile/metadata#type",
                    "valueString": "code"
                  }
                ],
                "linkId": "AuditEvent.participant.network.type",
                "required": false,
                "repeats": true,
                "question": [
                  {
                    "linkId": "AuditEvent.participant.network.type.value",
                    "text": "type",
                    "type": "choice",
                    "required": false,
                    "repeats": false
                  }
                ]
              }
            ]
          },
          {
            "extension": [
              {
                "url": "http://hl7.org/fhir/Profile/questionnaire-extensions#flyover",
                "valueString": "The purposeOfUse (reason) specific to this participant that was used during the event being recorded."
              },
              {
                "url": "http://www.healthintersections.com.au/fhir/Profile/metadata#type",
                "valueString": "Coding"
              }
            ],
            "linkId": "AuditEvent.participant.purposeOfUse",
            "required": false,
            "repeats": true,
            "question": [
              {
                "linkId": "AuditEvent.participant.purposeOfUse.value",
                "text": "Participant purposeOfUse",
                "type": "open-choice",
                "required": false,
                "repeats": false
              }
            ]
          }
        ]
      },
      {
        "extension": [
          {
            "url": "http://hl7.org/fhir/Profile/questionnaire-extensions#flyover",
            "valueString": "Application systems and processes."
          }
        ],
        "linkId": "AuditEvent.source",
        "title": "Application systems and processes",
        "required": true,
        "repeats": false,
        "group": [
          {
            "extension": [
              {
                "url": "http://hl7.org/fhir/Profile/questionnaire-extensions#flyover",
                "valueString": "unique id for the element within a resource (for internal references)."
              },
              {
                "url": "http://www.healthintersections.com.au/fhir/Profile/metadata#type",
                "valueString": "string"
              }
            ],
            "linkId": "AuditEvent.source.id",
            "required": false,
            "repeats": true,
            "question": [
              {
                "linkId": "AuditEvent.source.id.value",
                "text": "xml:id (or equivalent in JSON)",
                "type": "string",
                "required": false,
                "repeats": false
              }
            ]
          },
          {
            "extension": [
              {
                "url": "http://hl7.org/fhir/Profile/questionnaire-extensions#flyover",
                "valueString": "May be used to represent additional information that is not part of the basic definition of the element. In order to make the use of extensions safe and manageable, there is a strict set of governance  applied to the definition and use of extensions. Though any implementer is allowed to define an extension, there is a set of requirements that SHALL be met as part of the definition of the extension."
              }
            ],
            "linkId": "AuditEvent.source.extension",
            "text": "Additional Content defined by implementations",
            "required": false,
            "repeats": true
          },
          {
            "extension": [
              {
                "url": "http://hl7.org/fhir/Profile/questionnaire-extensions#flyover",
                "valueString": "May be used to represent additional information that is not part of the basic definition of the element, and that modifies the understanding of the element that contains it. Usually modifier elements provide negation or qualification. In order to make the use of extensions safe and manageable, there is a strict set of governance applied to the definition and use of extensions. Though any implementer is allowed to define an extension, there is a set of requirements that SHALL be met as part of the definition of the extension. Applications processing a resource are required to check for modifier extensions."
              }
            ],
            "linkId": "AuditEvent.source.modifierExtension",
            "text": "Extensions that cannot be ignored",
            "required": false,
            "repeats": true
          },
          {
            "extension": [
              {
                "url": "http://hl7.org/fhir/Profile/questionnaire-extensions#flyover",
                "valueString": "Logical source location within the healthcare enterprise network."
              },
              {
                "url": "http://www.healthintersections.com.au/fhir/Profile/metadata#type",
                "valueString": "string"
              }
            ],
            "linkId": "AuditEvent.source.site",
            "required": false,
            "repeats": true,
            "question": [
              {
                "linkId": "AuditEvent.source.site.value",
                "text": "Logical source location within the enterprise",
                "type": "string",
                "required": false,
                "repeats": false
              }
            ]
          },
          {
            "extension": [
              {
                "url": "http://hl7.org/fhir/Profile/questionnaire-extensions#flyover",
                "valueString": "Identifier of the source where the event originated."
              },
              {
                "url": "http://www.healthintersections.com.au/fhir/Profile/metadata#type",
                "valueString": "string"
              }
            ],
            "linkId": "AuditEvent.source.identifier",
            "required": true,
            "repeats": true,
            "question": [
              {
                "linkId": "AuditEvent.source.identifier.value",
                "text": "The id of source where event originated",
                "type": "string",
                "required": false,
                "repeats": false
              }
            ]
          },
          {
            "extension": [
              {
                "url": "http://hl7.org/fhir/Profile/questionnaire-extensions#flyover",
                "valueString": "Code specifying the type of source where event originated."
              },
              {
                "url": "http://www.healthintersections.com.au/fhir/Profile/metadata#type",
                "valueString": "Coding"
              }
            ],
            "linkId": "AuditEvent.source.type",
            "required": true,
            "repeats": true,
            "question": [
              {
                "linkId": "AuditEvent.source.type.value",
                "text": "The type of source where event originated",
                "type": "open-choice",
                "required": false,
                "repeats": false
              }
            ]
          }
        ]
      },
      {
        "extension": [
          {
            "url": "http://hl7.org/fhir/Profile/questionnaire-extensions#flyover",
            "valueString": "Specific instances of data or objects that have been accessed."
          }
        ],
        "linkId": "AuditEvent.object",
        "title": "Specific instances of data or objects that have been accessed",
        "required": false,
        "repeats": true,
        "group": [
          {
            "extension": [
              {
                "url": "http://hl7.org/fhir/Profile/questionnaire-extensions#flyover",
                "valueString": "unique id for the element within a resource (for internal references)."
              },
              {
                "url": "http://www.healthintersections.com.au/fhir/Profile/metadata#type",
                "valueString": "string"
              }
            ],
            "linkId": "AuditEvent.object.id",
            "required": false,
            "repeats": true,
            "question": [
              {
                "linkId": "AuditEvent.object.id.value",
                "text": "xml:id (or equivalent in JSON)",
                "type": "string",
                "required": false,
                "repeats": false
              }
            ]
          },
          {
            "extension": [
              {
                "url": "http://hl7.org/fhir/Profile/questionnaire-extensions#flyover",
                "valueString": "May be used to represent additional information that is not part of the basic definition of the element. In order to make the use of extensions safe and manageable, there is a strict set of governance  applied to the definition and use of extensions. Though any implementer is allowed to define an extension, there is a set of requirements that SHALL be met as part of the definition of the extension."
              }
            ],
            "linkId": "AuditEvent.object.extension",
            "text": "Additional Content defined by implementations",
            "required": false,
            "repeats": true
          },
          {
            "extension": [
              {
                "url": "http://hl7.org/fhir/Profile/questionnaire-extensions#flyover",
                "valueString": "May be used to represent additional information that is not part of the basic definition of the element, and that modifies the understanding of the element that contains it. Usually modifier elements provide negation or qualification. In order to make the use of extensions safe and manageable, there is a strict set of governance applied to the definition and use of extensions. Though any implementer is allowed to define an extension, there is a set of requirements that SHALL be met as part of the definition of the extension. Applications processing a resource are required to check for modifier extensions."
              }
            ],
            "linkId": "AuditEvent.object.modifierExtension",
            "text": "Extensions that cannot be ignored",
            "required": false,
            "repeats": true
          },
          {
            "extension": [
              {
                "url": "http://hl7.org/fhir/Profile/questionnaire-extensions#flyover",
                "valueString": "Identifies a specific instance of the participant object. The reference should always be version specific."
              },
              {
                "url": "http://www.healthintersections.com.au/fhir/Profile/metadata#type",
                "valueString": "Identifier"
              }
            ],
            "linkId": "AuditEvent.object.identifier",
            "text": "Specific instance of object (e.g. versioned)",
            "required": false,
            "repeats": true,
            "question": [
              {
                "linkId": "AuditEvent.object.identifier.label",
                "text": "label:",
                "type": "string",
                "required": false,
                "repeats": false
              },
              {
                "linkId": "AuditEvent.object.identifier.system",
                "text": "system:",
                "type": "string",
                "required": false,
                "repeats": false
              },
              {
                "linkId": "AuditEvent.object.identifier.value",
                "text": "value:",
                "type": "string",
                "required": false,
                "repeats": false
              }
            ]
          },
          {
            "extension": [
              {
                "url": "http://hl7.org/fhir/Profile/questionnaire-extensions#flyover",
                "valueString": "Identifies a specific instance of the participant object. The reference should always be version specific."
              },
              {
                "url": "http://www.healthintersections.com.au/fhir/Profile/metadata#type",
                "valueString": "Reference"
              }
            ],
            "linkId": "AuditEvent.object.reference",
            "required": false,
            "repeats": true,
            "question": [
              {
                "extension": [
                  {
                    "url": "http://www.healthintersections.com.au/fhir/Profile/metadata#reference",
                    "valueString": "/Resource?subject=$subj&patient=$subj&encounter=$encounter"
                  }
                ],
                "linkId": "AuditEvent.object.reference.value",
                "text": "Specific instance of resource (e.g. versioned)",
                "type": "reference",
                "required": false,
                "repeats": false
              }
            ]
          },
          {
            "extension": [
              {
                "url": "http://hl7.org/fhir/Profile/questionnaire-extensions#flyover",
                "valueString": "The type of the object that was involved in this audit event."
              },
              {
                "url": "http://www.healthintersections.com.au/fhir/Profile/metadata#type",
                "valueString": "code"
              }
            ],
            "linkId": "AuditEvent.object.type",
            "required": false,
            "repeats": true,
            "question": [
              {
                "linkId": "AuditEvent.object.type.value",
                "text": "type",
                "type": "choice",
                "required": false,
                "repeats": false
              }
            ]
          },
          {
            "extension": [
              {
                "url": "http://hl7.org/fhir/Profile/questionnaire-extensions#flyover",
                "valueString": "Code representing the functional application role of Participant Object being audited."
              },
              {
                "url": "http://www.healthintersections.com.au/fhir/Profile/metadata#type",
                "valueString": "code"
              }
            ],
            "linkId": "AuditEvent.object.role",
            "required": false,
            "repeats": true,
            "question": [
              {
                "linkId": "AuditEvent.object.role.value",
                "text": "role",
                "type": "choice",
                "required": false,
                "repeats": false
              }
            ]
          },
          {
            "extension": [
              {
                "url": "http://hl7.org/fhir/Profile/questionnaire-extensions#flyover",
                "valueString": "Identifier for the data life-cycle stage for the participant object."
              },
              {
                "url": "http://www.healthintersections.com.au/fhir/Profile/metadata#type",
                "valueString": "code"
              }
            ],
            "linkId": "AuditEvent.object.lifecycle",
            "required": false,
            "repeats": true,
            "question": [
              {
                "linkId": "AuditEvent.object.lifecycle.value",
                "text": "lifecycle",
                "type": "choice",
                "required": false,
                "repeats": false
              }
            ]
          },
          {
            "extension": [
              {
                "url": "http://hl7.org/fhir/Profile/questionnaire-extensions#flyover",
                "valueString": "Denotes policy-defined sensitivity for the Participant Object ID such as VIP, HIV status, mental health status or similar topics."
              },
              {
                "url": "http://www.healthintersections.com.au/fhir/Profile/metadata#type",
                "valueString": "CodeableConcept"
              }
            ],
            "linkId": "AuditEvent.object.sensitivity",
            "text": "Policy-defined sensitivity for the object",
            "required": false,
            "repeats": true,
            "question": [
              {
                "linkId": "AuditEvent.object.sensitivity.coding",
                "text": "code:",
                "type": "open-choice",
                "required": false,
                "repeats": false
              },
              {
                "linkId": "AuditEvent.object.sensitivity.text",
                "text": "text:",
                "type": "string",
                "required": false,
                "repeats": false
              }
            ]
          },
          {
            "extension": [
              {
                "url": "http://hl7.org/fhir/Profile/questionnaire-extensions#flyover",
                "valueString": "An instance-specific descriptor of the Participant Object ID audited, such as a person's name."
              },
              {
                "url": "http://www.healthintersections.com.au/fhir/Profile/metadata#type",
                "valueString": "string"
              }
            ],
            "linkId": "AuditEvent.object.name",
            "required": false,
            "repeats": true,
            "question": [
              {
                "linkId": "AuditEvent.object.name.value",
                "text": "Instance-specific descriptor for Object",
                "type": "string",
                "required": false,
                "repeats": false
              }
            ]
          },
          {
            "extension": [
              {
                "url": "http://hl7.org/fhir/Profile/questionnaire-extensions#flyover",
                "valueString": "Text that describes the object in more detail."
              },
              {
                "url": "http://www.healthintersections.com.au/fhir/Profile/metadata#type",
                "valueString": "string"
              }
            ],
            "linkId": "AuditEvent.object.description",
            "required": false,
            "repeats": true,
            "question": [
              {
                "linkId": "AuditEvent.object.description.value",
                "text": "Descriptive text",
                "type": "string",
                "required": false,
                "repeats": false
              }
            ]
          },
          {
            "extension": [
              {
                "url": "http://hl7.org/fhir/Profile/questionnaire-extensions#flyover",
                "valueString": "The actual query for a query-type participant object."
              },
              {
                "url": "http://www.healthintersections.com.au/fhir/Profile/metadata#type",
                "valueString": "binary"
              }
            ],
            "linkId": "AuditEvent.object.query",
            "text": "Actual query for object",
            "required": false,
            "repeats": true
          },
          {
            "extension": [
              {
                "url": "http://hl7.org/fhir/Profile/questionnaire-extensions#flyover",
                "valueString": "Additional Information about the Object."
              }
            ],
            "linkId": "AuditEvent.object.detail",
            "title": "Additional Information about the Object",
            "required": false,
            "repeats": true,
            "group": [
              {
                "extension": [
                  {
                    "url": "http://hl7.org/fhir/Profile/questionnaire-extensions#flyover",
                    "valueString": "unique id for the element within a resource (for internal references)."
                  },
                  {
                    "url": "http://www.healthintersections.com.au/fhir/Profile/metadata#type",
                    "valueString": "string"
                  }
                ],
                "linkId": "AuditEvent.object.detail.id",
                "required": false,
                "repeats": true,
                "question": [
                  {
                    "linkId": "AuditEvent.object.detail.id.value",
                    "text": "xml:id (or equivalent in JSON)",
                    "type": "string",
                    "required": false,
                    "repeats": false
                  }
                ]
              },
              {
                "extension": [
                  {
                    "url": "http://hl7.org/fhir/Profile/questionnaire-extensions#flyover",
                    "valueString": "May be used to represent additional information that is not part of the basic definition of the element. In order to make the use of extensions safe and manageable, there is a strict set of governance  applied to the definition and use of extensions. Though any implementer is allowed to define an extension, there is a set of requirements that SHALL be met as part of the definition of the extension."
                  }
                ],
                "linkId": "AuditEvent.object.detail.extension",
                "text": "Additional Content defined by implementations",
                "required": false,
                "repeats": true
              },
              {
                "extension": [
                  {
                    "url": "http://hl7.org/fhir/Profile/questionnaire-extensions#flyover",
                    "valueString": "May be used to represent additional information that is not part of the basic definition of the element, and that modifies the understanding of the element that contains it. Usually modifier elements provide negation or qualification. In order to make the use of extensions safe and manageable, there is a strict set of governance applied to the definition and use of extensions. Though any implementer is allowed to define an extension, there is a set of requirements that SHALL be met as part of the definition of the extension. Applications processing a resource are required to check for modifier extensions."
                  }
                ],
                "linkId": "AuditEvent.object.detail.modifierExtension",
                "text": "Extensions that cannot be ignored",
                "required": false,
                "repeats": true
              },
              {
                "extension": [
                  {
                    "url": "http://hl7.org/fhir/Profile/questionnaire-extensions#flyover",
                    "valueString": "Name of the property."
                  },
                  {
                    "url": "http://www.healthintersections.com.au/fhir/Profile/metadata#type",
                    "valueString": "string"
                  }
                ],
                "linkId": "AuditEvent.object.detail.type",
                "required": true,
                "repeats": true,
                "question": [
                  {
                    "linkId": "AuditEvent.object.detail.type.value",
                    "text": "Name of the property",
                    "type": "string",
                    "required": false,
                    "repeats": false
                  }
                ]
              },
              {
                "extension": [
                  {
                    "url": "http://hl7.org/fhir/Profile/questionnaire-extensions#flyover",
                    "valueString": "Property value."
                  },
                  {
                    "url": "http://www.healthintersections.com.au/fhir/Profile/metadata#type",
                    "valueString": "binary"
                  }
                ],
                "linkId": "AuditEvent.object.detail.value",
                "text": "Property value",
                "required": true,
                "repeats": true
              }
            ]
          }
        ]
      }
    ]
  }
}