{
  "resourceType": "Questionnaire",
  "id": "qs1",
  "identifier": [
    {
      "system": "urn:ietf:rfc:3986"
    }
  ],
  "status": "draft",
  "date": "2015-07-27T18:49:39-04:00",
  "publisher": "Health Level Seven International (FHIR Infrastructure)",
  "group": {
    "extension": [
      {
        "url": "http://hl7.org/fhir/Profile/questionnaire-extensions#flyover",
        "valueString": "A container for a collection of resources."
      }
    ],
    "linkId": "Bundle",
    "title": "Contains a collection of resources",
    "required": false,
    "repeats": true,
    "group": [
      {
        "extension": [
          {
            "url": "http://hl7.org/fhir/Profile/questionnaire-extensions#flyover",
            "valueString": "The logical id of the resource, as used in the url for the resource. Once assigned, this value never changes."
          },
          {
            "url": "http://www.healthintersections.com.au/fhir/Profile/metadata#type",
            "valueString": "string"
          }
        ],
        "linkId": "Bundle.id",
        "required": false,
        "repeats": true,
        "question": [
          {
            "linkId": "Bundle.id.value",
            "text": "Logical id of this artifact",
            "type": "string",
            "required": false,
            "repeats": false
          }
        ]
      },
      {
        "extension": [
          {
            "url": "http://hl7.org/fhir/Profile/questionnaire-extensions#flyover",
            "valueString": "The metadata about the resource. This is content that is maintained by the infrastructure. Changes to the content may not always be associated with version changes to the resource."
          }
        ],
        "linkId": "Bundle.meta",
        "text": "Metadata about the resource",
        "required": false,
        "repeats": true
      },
      {
        "extension": [
          {
            "url": "http://hl7.org/fhir/Profile/questionnaire-extensions#flyover",
            "valueString": "A reference to a set of rules that were followed when the resource was constructed, and which must be understood when processing the content."
          },
          {
            "url": "http://www.healthintersections.com.au/fhir/Profile/metadata#type",
            "valueString": "uri"
          }
        ],
        "linkId": "Bundle.implicitRules",
        "required": false,
        "repeats": true,
        "question": [
          {
            "linkId": "Bundle.implicitRules.value",
            "text": "A set of rules under which this content was created",
            "type": "string",
            "required": false,
            "repeats": false
          }
        ]
      },
      {
        "extension": [
          {
            "url": "http://hl7.org/fhir/Profile/questionnaire-extensions#flyover",
            "valueString": "Indicates the purpose of this bundle- how it was intended to be used."
          },
          {
            "url": "http://www.healthintersections.com.au/fhir/Profile/metadata#type",
            "valueString": "code"
          }
        ],
        "linkId": "Bundle.type",
        "required": true,
        "repeats": true,
        "question": [
          {
            "linkId": "Bundle.type.value",
            "text": "type",
            "type": "choice",
            "required": false,
            "repeats": false
          }
        ]
      },
      {
        "extension": [
          {
            "url": "http://hl7.org/fhir/Profile/questionnaire-extensions#flyover",
            "valueString": "If a set of search matches, this is the total number of matches for the search (as opposed to the number of results in this bundle)."
          },
          {
            "url": "http://www.healthintersections.com.au/fhir/Profile/metadata#type",
            "valueString": "integer"
          }
        ],
        "linkId": "Bundle.total",
        "required": false,
        "repeats": true,
        "question": [
          {
            "linkId": "Bundle.total.value",
            "text": "If search, the total number of matches",
            "type": "integer",
            "required": false,
            "repeats": false
          }
        ]
      },
      {
        "extension": [
          {
            "url": "http://hl7.org/fhir/Profile/questionnaire-extensions#flyover",
            "valueString": "A series of links that provide context to this bundle."
          }
        ],
        "linkId": "Bundle.link",
        "title": "Links related to this Bundle",
        "required": false,
        "repeats": true,
        "group": [
          {
            "extension": [
              {
                "url": "http://hl7.org/fhir/Profile/questionnaire-extensions#flyover",
                "valueString": "unique id for the element within a resource (for internal references)."
              },
              {
                "url": "http://www.healthintersections.com.au/fhir/Profile/metadata#type",
                "valueString": "string"
              }
            ],
            "linkId": "Bundle.link.id",
            "required": false,
            "repeats": true,
            "question": [
              {
                "linkId": "Bundle.link.id.value",
                "text": "xml:id (or equivalent in JSON)",
                "type": "string",
                "required": false,
                "repeats": false
              }
            ]
          },
          {
            "extension": [
              {
                "url": "http://hl7.org/fhir/Profile/questionnaire-extensions#flyover",
                "valueString": "May be used to represent additional information that is not part of the basic definition of the element. In order to make the use of extensions safe and manageable, there is a strict set of governance  applied to the definition and use of extensions. Though any implementer is allowed to define an extension, there is a set of requirements that SHALL be met as part of the definition of the extension."
              }
            ],
            "linkId": "Bundle.link.extension",
            "text": "Additional Content defined by implementations",
            "required": false,
            "repeats": true
          },
          {
            "extension": [
              {
                "url": "http://hl7.org/fhir/Profile/questionnaire-extensions#flyover",
                "valueString": "May be used to represent additional information that is not part of the basic definition of the element, and that modifies the understanding of the element that contains it. Usually modifier elements provide negation or qualification. In order to make the use of extensions safe and manageable, there is a strict set of governance applied to the definition and use of extensions. Though any implementer is allowed to define an extension, there is a set of requirements that SHALL be met as part of the definition of the extension. Applications processing a resource are required to check for modifier extensions."
              }
            ],
            "linkId": "Bundle.link.modifierExtension",
            "text": "Extensions that cannot be ignored",
            "required": false,
            "repeats": true
          },
          {
            "extension": [
              {
                "url": "http://hl7.org/fhir/Profile/questionnaire-extensions#flyover",
                "valueString": "A name which details the functional use for this link - see [[http://www.iana.org/assignments/link-relations/link-relations.xhtml]]."
              },
              {
                "url": "http://www.healthintersections.com.au/fhir/Profile/metadata#type",
                "valueString": "string"
              }
            ],
            "linkId": "Bundle.link.relation",
            "required": true,
            "repeats": true,
            "question": [
              {
                "linkId": "Bundle.link.relation.value",
                "text": "http://www.iana.org/assignments/link-relations/link-relations.xhtml",
                "type": "string",
                "required": false,
                "repeats": false
              }
            ]
          },
          {
            "extension": [
              {
                "url": "http://hl7.org/fhir/Profile/questionnaire-extensions#flyover",
                "valueString": "The reference details for the link."
              },
              {
                "url": "http://www.healthintersections.com.au/fhir/Profile/metadata#type",
                "valueString": "uri"
              }
            ],
            "linkId": "Bundle.link.url",
            "required": true,
            "repeats": true,
            "question": [
              {
                "linkId": "Bundle.link.url.value",
                "text": "Reference details for the link",
                "type": "string",
                "required": false,
                "repeats": false
              }
            ]
          }
        ]
      },
      {
        "extension": [
          {
            "url": "http://hl7.org/fhir/Profile/questionnaire-extensions#flyover",
            "valueString": "An entry in a bundle resource - will either contain a resource, or information about a resource (transactions and history only)."
          }
        ],
        "linkId": "Bundle.entry",
        "title": "Entry in the bundle - will have a resource, or information",
        "required": false,
        "repeats": true,
        "group": [
          {
            "extension": [
              {
                "url": "http://hl7.org/fhir/Profile/questionnaire-extensions#flyover",
                "valueString": "unique id for the element within a resource (for internal references)."
              },
              {
                "url": "http://www.healthintersections.com.au/fhir/Profile/metadata#type",
                "valueString": "string"
              }
            ],
            "linkId": "Bundle.entry.id",
            "required": false,
            "repeats": true,
            "question": [
              {
                "linkId": "Bundle.entry.id.value",
                "text": "xml:id (or equivalent in JSON)",
                "type": "string",
                "required": false,
                "repeats": false
              }
            ]
          },
          {
            "extension": [
              {
                "url": "http://hl7.org/fhir/Profile/questionnaire-extensions#flyover",
                "valueString": "May be used to represent additional information that is not part of the basic definition of the element. In order to make the use of extensions safe and manageable, there is a strict set of governance  applied to the definition and use of extensions. Though any implementer is allowed to define an extension, there is a set of requirements that SHALL be met as part of the definition of the extension."
              }
            ],
            "linkId": "Bundle.entry.extension",
            "text": "Additional Content defined by implementations",
            "required": false,
            "repeats": true
          },
          {
            "extension": [
              {
                "url": "http://hl7.org/fhir/Profile/questionnaire-extensions#flyover",
                "valueString": "May be used to represent additional information that is not part of the basic definition of the element, and that modifies the understanding of the element that contains it. Usually modifier elements provide negation or qualification. In order to make the use of extensions safe and manageable, there is a strict set of governance applied to the definition and use of extensions. Though any implementer is allowed to define an extension, there is a set of requirements that SHALL be met as part of the definition of the extension. Applications processing a resource are required to check for modifier extensions."
              }
            ],
            "linkId": "Bundle.entry.modifierExtension",
            "text": "Extensions that cannot be ignored",
            "required": false,
            "repeats": true
          },
          {
            "extension": [
              {
                "url": "http://hl7.org/fhir/Profile/questionnaire-extensions#flyover",
                "valueString": "A series of links that provide context to this entry."
              }
            ],
            "linkId": "Bundle.entry.link",
            "title": "Links related to this entry",
            "required": false,
            "repeats": true
          },
          {
            "extension": [
              {
                "url": "http://hl7.org/fhir/Profile/questionnaire-extensions#flyover",
                "valueString": "The Absolute URL for the resource. This must be provided for all resources. The fullUrl SHALL not disagree with the id in the resource. The fullUrl is a version independent reference to the resource."
              },
              {
                "url": "http://www.healthintersections.com.au/fhir/Profile/metadata#type",
                "valueString": "uri"
              }
            ],
            "linkId": "Bundle.entry.fullUrl",
            "required": false,
            "repeats": true,
            "question": [
              {
                "linkId": "Bundle.entry.fullUrl.value",
                "text": "Absolute URL for resource (server address, or UUID/OID)",
                "type": "string",
                "required": false,
                "repeats": false
              }
            ]
          },
          {
            "extension": [
              {
                "url": "http://hl7.org/fhir/Profile/questionnaire-extensions#flyover",
                "valueString": "The Resources for the entry."
              }
            ],
            "linkId": "Bundle.entry.resource",
            "text": "A resource in the bundle",
            "required": false,
            "repeats": true
          },
          {
            "extension": [
              {
                "url": "http://hl7.org/fhir/Profile/questionnaire-extensions#flyover",
                "valueString": "Information about the search process that lead to the creation of this entry."
              }
            ],
            "linkId": "Bundle.entry.search",
            "title": "Search related information",
            "required": false,
            "repeats": false,
            "group": [
              {
                "extension": [
                  {
                    "url": "http://hl7.org/fhir/Profile/questionnaire-extensions#flyover",
                    "valueString": "unique id for the element within a resource (for internal references)."
                  },
                  {
                    "url": "http://www.healthintersections.com.au/fhir/Profile/metadata#type",
                    "valueString": "string"
                  }
                ],
                "linkId": "Bundle.entry.search.id",
                "required": false,
                "repeats": true,
                "question": [
                  {
                    "linkId": "Bundle.entry.search.id.value",
                    "text": "xml:id (or equivalent in JSON)",
                    "type": "string",
                    "required": false,
                    "repeats": false
                  }
                ]
              },
              {
                "extension": [
                  {
                    "url": "http://hl7.org/fhir/Profile/questionnaire-extensions#flyover",
                    "valueString": "May be used to represent additional information that is not part of the basic definition of the element. In order to make the use of extensions safe and manageable, there is a strict set of governance  applied to the definition and use of extensions. Though any implementer is allowed to define an extension, there is a set of requirements that SHALL be met as part of the definition of the extension."
                  }
                ],
                "linkId": "Bundle.entry.search.extension",
                "text": "Additional Content defined by implementations",
                "required": false,
                "repeats": true
              },
              {
                "extension": [
                  {
                    "url": "http://hl7.org/fhir/Profile/questionnaire-extensions#flyover",
                    "valueString": "May be used to represent additional information that is not part of the basic definition of the element, and that modifies the understanding of the element that contains it. Usually modifier elements provide negation or qualification. In order to make the use of extensions safe and manageable, there is a strict set of governance applied to the definition and use of extensions. Though any implementer is allowed to define an extension, there is a set of requirements that SHALL be met as part of the definition of the extension. Applications processing a resource are required to check for modifier extensions."
                  }
                ],
                "linkId": "Bundle.entry.search.modifierExtension",
                "text": "Extensions that cannot be ignored",
                "required": false,
                "repeats": true
              },
              {
                "extension": [
                  {
                    "url": "http://hl7.org/fhir/Profile/questionnaire-extensions#flyover",
                    "valueString": "Why this entry is in the result set - whether it's included as a match or because of an _include requirement."
                  },
                  {
                    "url": "http://www.healthintersections.com.au/fhir/Profile/metadata#type",
                    "valueString": "code"
                  }
                ],
                "linkId": "Bundle.entry.search.mode",
                "required": false,
                "repeats": true,
                "question": [
                  {
                    "linkId": "Bundle.entry.search.mode.value",
                    "text": "mode",
                    "type": "choice",
                    "required": false,
                    "repeats": false
                  }
                ]
              },
              {
                "extension": [
                  {
                    "url": "http://hl7.org/fhir/Profile/questionnaire-extensions#flyover",
                    "valueString": "When searching, the server's search ranking score for the entry."
                  },
                  {
                    "url": "http://www.healthintersections.com.au/fhir/Profile/metadata#type",
                    "valueString": "decimal"
                  }
                ],
                "linkId": "Bundle.entry.search.score",
                "required": false,
                "repeats": true,
                "question": [
                  {
                    "linkId": "Bundle.entry.search.score.value",
                    "text": "Search ranking (between 0 and 1)",
                    "type": "decimal",
                    "required": false,
                    "repeats": false
                  }
                ]
              }
            ]
          },
          {
            "extension": [
              {
                "url": "http://hl7.org/fhir/Profile/questionnaire-extensions#flyover",
                "valueString": "Additional information about how this entry should be processed as part of a transaction."
              }
            ],
            "linkId": "Bundle.entry.request",
            "title": "Transaction Related Information",
            "required": false,
            "repeats": false,
            "group": [
              {
                "extension": [
                  {
                    "url": "http://hl7.org/fhir/Profile/questionnaire-extensions#flyover",
                    "valueString": "unique id for the element within a resource (for internal references)."
                  },
                  {
                    "url": "http://www.healthintersections.com.au/fhir/Profile/metadata#type",
                    "valueString": "string"
                  }
                ],
                "linkId": "Bundle.entry.request.id",
                "required": false,
                "repeats": true,
                "question": [
                  {
                    "linkId": "Bundle.entry.request.id.value",
                    "text": "xml:id (or equivalent in JSON)",
                    "type": "string",
                    "required": false,
                    "repeats": false
                  }
                ]
              },
              {
                "extension": [
                  {
                    "url": "http://hl7.org/fhir/Profile/questionnaire-extensions#flyover",
                    "valueString": "May be used to represent additional information that is not part of the basic definition of the element. In order to make the use of extensions safe and manageable, there is a strict set of governance  applied to the definition and use of extensions. Though any implementer is allowed to define an extension, there is a set of requirements that SHALL be met as part of the definition of the extension."
                  }
                ],
                "linkId": "Bundle.entry.request.extension",
                "text": "Additional Content defined by implementations",
                "required": false,
                "repeats": true
              },
              {
                "extension": [
                  {
                    "url": "http://hl7.org/fhir/Profile/questionnaire-extensions#flyover",
                    "valueString": "May be used to represent additional information that is not part of the basic definition of the element, and that modifies the understanding of the element that contains it. Usually modifier elements provide negation or qualification. In order to make the use of extensions safe and manageable, there is a strict set of governance applied to the definition and use of extensions. Though any implementer is allowed to define an extension, there is a set of requirements that SHALL be met as part of the definition of the extension. Applications processing a resource are required to check for modifier extensions."
                  }
                ],
                "linkId": "Bundle.entry.request.modifierExtension",
                "text": "Extensions that cannot be ignored",
                "required": false,
                "repeats": true
              },
              {
                "extension": [
                  {
                    "url": "http://hl7.org/fhir/Profile/questionnaire-extensions#flyover",
                    "valueString": "The HTTP verb for this entry in either a update history, or a transaction/ transaction response."
                  },
                  {
                    "url": "http://www.healthintersections.com.au/fhir/Profile/metadata#type",
                    "valueString": "code"
                  }
                ],
                "linkId": "Bundle.entry.request.method",
                "required": true,
                "repeats": true,
                "question": [
                  {
                    "linkId": "Bundle.entry.request.method.value",
                    "text": "method",
                    "type": "choice",
                    "required": false,
                    "repeats": false
                  }
                ]
              },
              {
                "extension": [
                  {
                    "url": "http://hl7.org/fhir/Profile/questionnaire-extensions#flyover",
                    "valueString": "The URL for this entry, relative to the root (the address to which the request is posted)."
                  },
                  {
                    "url": "http://www.healthintersections.com.au/fhir/Profile/metadata#type",
                    "valueString": "uri"
                  }
                ],
                "linkId": "Bundle.entry.request.url",
                "required": true,
                "repeats": true,
                "question": [
                  {
                    "linkId": "Bundle.entry.request.url.value",
                    "text": "URL for HTTP equivalent of this entry",
                    "type": "string",
                    "required": false,
                    "repeats": false
                  }
                ]
              },
              {
                "extension": [
                  {
                    "url": "http://hl7.org/fhir/Profile/questionnaire-extensions#flyover",
                    "valueString": "If the ETag values match, return a 304 Not modified status. See the read/vread interaction documentation."
                  },
                  {
                    "url": "http://www.healthintersections.com.au/fhir/Profile/metadata#type",
                    "valueString": "string"
                  }
                ],
                "linkId": "Bundle.entry.request.ifNoneMatch",
                "required": false,
                "repeats": true,
                "question": [
                  {
                    "linkId": "Bundle.entry.request.ifNoneMatch.value",
                    "text": "For managing cache currency",
                    "type": "string",
                    "required": false,
                    "repeats": false
                  }
                ]
              },
              {
                "extension": [
                  {
                    "url": "http://hl7.org/fhir/Profile/questionnaire-extensions#flyover",
                    "valueString": "Only perform the operation if the Etag value matches. For more information, see the API section \"Managing Resource Contention\"."
                  },
                  {
                    "url": "http://www.healthintersections.com.au/fhir/Profile/metadata#type",
                    "valueString": "string"
                  }
                ],
                "linkId": "Bundle.entry.request.ifMatch",
                "required": false,
                "repeats": true,
                "question": [
                  {
                    "linkId": "Bundle.entry.request.ifMatch.value",
                    "text": "For managing update contention",
                    "type": "string",
                    "required": false,
                    "repeats": false
                  }
                ]
              },
              {
                "extension": [
                  {
                    "url": "http://hl7.org/fhir/Profile/questionnaire-extensions#flyover",
                    "valueString": "Only perform the operation if the last updated date matches. For more information, see the API section \"Managing Resource Contention\"."
                  },
                  {
                    "url": "http://www.healthintersections.com.au/fhir/Profile/metadata#type",
                    "valueString": "instant"
                  }
                ],
                "linkId": "Bundle.entry.request.ifModifiedSince",
                "required": false,
                "repeats": true,
                "question": [
                  {
                    "linkId": "Bundle.entry.request.ifModifiedSince.value",
                    "text": "For managing update contention",
                    "type": "instant",
                    "required": false,
                    "repeats": false
                  }
                ]
              },
              {
                "extension": [
                  {
                    "url": "http://hl7.org/fhir/Profile/questionnaire-extensions#flyover",
                    "valueString": "Instruct the server not to perform the create if a specified resource already exists. For further information, see \"Conditional Create\". This is just the query portion of the URL - what follows the \"?\" (not including the \"?\")."
                  },
                  {
                    "url": "http://www.healthintersections.com.au/fhir/Profile/metadata#type",
                    "valueString": "string"
                  }
                ],
                "linkId": "Bundle.entry.request.ifNoneExist",
                "required": false,
                "repeats": true,
                "question": [
                  {
                    "linkId": "Bundle.entry.request.ifNoneExist.value",
                    "text": "For conditional creates",
                    "type": "string",
                    "required": false,
                    "repeats": false
                  }
                ]
              }
            ]
          },
          {
            "extension": [
              {
                "url": "http://hl7.org/fhir/Profile/questionnaire-extensions#flyover",
                "valueString": "Additional information about how this entry should be processed as part of a transaction."
              }
            ],
            "linkId": "Bundle.entry.response",
            "title": "Transaction Related Information",
            "required": false,
            "repeats": false,
            "group": [
              {
                "extension": [
                  {
                    "url": "http://hl7.org/fhir/Profile/questionnaire-extensions#flyover",
                    "valueString": "unique id for the element within a resource (for internal references)."
                  },
                  {
                    "url": "http://www.healthintersections.com.au/fhir/Profile/metadata#type",
                    "valueString": "string"
                  }
                ],
                "linkId": "Bundle.entry.response.id",
                "required": false,
                "repeats": true,
                "question": [
                  {
                    "linkId": "Bundle.entry.response.id.value",
                    "text": "xml:id (or equivalent in JSON)",
                    "type": "string",
                    "required": false,
                    "repeats": false
                  }
                ]
              },
              {
                "extension": [
                  {
                    "url": "http://hl7.org/fhir/Profile/questionnaire-extensions#flyover",
                    "valueString": "May be used to represent additional information that is not part of the basic definition of the element. In order to make the use of extensions safe and manageable, there is a strict set of governance  applied to the definition and use of extensions. Though any implementer is allowed to define an extension, there is a set of requirements that SHALL be met as part of the definition of the extension."
                  }
                ],
                "linkId": "Bundle.entry.response.extension",
                "text": "Additional Content defined by implementations",
                "required": false,
                "repeats": true
              },
              {
                "extension": [
                  {
                    "url": "http://hl7.org/fhir/Profile/questionnaire-extensions#flyover",
                    "valueString": "May be used to represent additional information that is not part of the basic definition of the element, and that modifies the understanding of the element that contains it. Usually modifier elements provide negation or qualification. In order to make the use of extensions safe and manageable, there is a strict set of governance applied to the definition and use of extensions. Though any implementer is allowed to define an extension, there is a set of requirements that SHALL be met as part of the definition of the extension. Applications processing a resource are required to check for modifier extensions."
                  }
                ],
                "linkId": "Bundle.entry.response.modifierExtension",
                "text": "Extensions that cannot be ignored",
                "required": false,
                "repeats": true
              },
              {
                "extension": [
                  {
                    "url": "http://hl7.org/fhir/Profile/questionnaire-extensions#flyover",
                    "valueString": "The status code returned by processing this entry."
                  },
                  {
                    "url": "http://www.healthintersections.com.au/fhir/Profile/metadata#type",
                    "valueString": "string"
                  }
                ],
                "linkId": "Bundle.entry.response.status",
                "required": true,
                "repeats": true,
                "question": [
                  {
                    "linkId": "Bundle.entry.response.status.value",
                    "text": "Status return code for entry",
                    "type": "string",
                    "required": false,
                    "repeats": false
                  }
                ]
              },
              {
                "extension": [
                  {
                    "url": "http://hl7.org/fhir/Profile/questionnaire-extensions#flyover",
                    "valueString": "The location header created by processing this operation."
                  },
                  {
                    "url": "http://www.healthintersections.com.au/fhir/Profile/metadata#type",
                    "valueString": "uri"
                  }
                ],
                "linkId": "Bundle.entry.response.location",
                "required": false,
                "repeats": true,
                "question": [
                  {
                    "linkId": "Bundle.entry.response.location.value",
                    "text": "The location, if the operation returns a location",
                    "type": "string",
                    "required": false,
                    "repeats": false
                  }
                ]
              },
              {
                "extension": [
                  {
                    "url": "http://hl7.org/fhir/Profile/questionnaire-extensions#flyover",
                    "valueString": "The etag for the resource, it the operation for the entry produced a versioned resource."
                  },
                  {
                    "url": "http://www.healthintersections.com.au/fhir/Profile/metadata#type",
                    "valueString": "string"
                  }
                ],
                "linkId": "Bundle.entry.response.etag",
                "required": false,
                "repeats": true,
                "question": [
                  {
                    "linkId": "Bundle.entry.response.etag.value",
                    "text": "The etag for the resource (if relevant)",
                    "type": "string",
                    "required": false,
                    "repeats": false
                  }
                ]
              },
              {
                "extension": [
                  {
                    "url": "http://hl7.org/fhir/Profile/questionnaire-extensions#flyover",
                    "valueString": "The date/time that the resource was modified on the server."
                  },
                  {
                    "url": "http://www.healthintersections.com.au/fhir/Profile/metadata#type",
                    "valueString": "instant"
                  }
                ],
                "linkId": "Bundle.entry.response.lastModified",
                "required": false,
                "repeats": true,
                "question": [
                  {
                    "linkId": "Bundle.entry.response.lastModified.value",
                    "text": "Server's date time modified",
                    "type": "instant",
                    "required": false,
                    "repeats": false
                  }
                ]
              }
            ]
          }
        ]
      },
      {
        "extension": [
          {
            "url": "http://hl7.org/fhir/Profile/questionnaire-extensions#flyover",
            "valueString": "Digital Signature - base64 encoded. XML DigSIg or a JWT."
          }
        ],
        "linkId": "Bundle.signature",
        "text": "Digital Signature",
        "required": false,
        "repeats": true
      }
    ]
  }
}