{"activity":[{"detail":{"category":"procedure","code":{"coding":[{"code":"172960003","display":"Incision of retropharyngeal abscess","system":"http://snomed.info/sct"}]},"performer":[{"display":"E.M. van den broek","reference":"Practitioner/f001"}],"prohibited":true,"scheduledString":"2011-06-27T09:30:10+01:00","status":"completed"}}],"concern":[{"display":"?????","reference":"Condition/f201"}],"contained":[{"description":"Retropharyngeal abscess removal","id":"goal","notes":"goal accomplished without complications","patient":{"display":"P. van de Heuvel","reference":"Patient/f001"},"resourceType":"Goal","status":"achieved"}],"goal":[{"reference":"#goal"}],"id":"f003","identifier":[{"system":"http://www.bmc.nl/zorgportal/identifiers/careplans","use":"official","value":"CP3953"}],"modified":"2013-06-27T09:30:10+01:00","participant":[{"member":{"display":"E.M. van den broek","reference":"Practitioner/f001"}}],"patient":{"display":"P. van de Heuvel","reference":"Patient/f001"},"period":{"end":"2013-03-08T09:30:10+01:00","start":"2013-03-08T09:00:10+01:00"},"resourceType":"CarePlan","status":"completed","text":{"div":"<div><p><b>Generated Narrative with Details</b></p><p><b>id</b>: f003</p><p><b>contained</b>: </p><p><b>identifier</b>: CP3953 (OFFICIAL)</p><p><b>patient</b>: <a>P. van de Heuvel</a></p><p><b>status</b>: completed</p><p><b>period</b>: Mar 8, 2013 9:00:10 AM --&gt; Mar 8, 2013 9:30:10 AM</p><p><b>modified</b>: Jun 27, 2013 9:30:10 AM</p><p><b>concern</b>: <a>?????</a></p><h3>Participants</h3><table><tr><td>-</td><td><b>Member</b></td></tr><tr><td>*</td><td><a>E.M. van den broek</a></td></tr></table><p><b>goal</b>: id: goal; description: Retropharyngeal abscess removal; status: achieved; notes: goal accomplished without complications</p><blockquote><p><b>activity</b></p><h3>Details</h3><table><tr><td>-</td><td><b>Category</b></td><td><b>Code</b></td><td><b>Status</b></td><td><b>Prohibited</b></td><td><b>Scheduled[x]</b></td><td><b>Performer</b></td></tr><tr><td>*</td><td>procedure</td><td>Incision of retropharyngeal abscess <span>(Details : {SNOMED CT code '172960003' = 'Incision of retropharyngeal abscess', given as 'Incision of retropharyngeal abscess'})</span></td><td>completed</td><td>true</td><td>2011-06-27T09:30:10+01:00</td><td><a>E.M. van den broek</a></td></tr></table></blockquote></div>","status":"generated"}}