{
  "resourceType": "CommunicationRequest",
  "id": "communicationrequest-qicore-example",
  "text": {
    "status": "generated",
    "div": "<div>To be filled out at a later time</div>"
  },
  "extension": [
    {
      "url": "http://hl7.org/fhir/StructureDefinition/communicationrequest-orderedBy",
      "valueReference": {
        "reference": "Practitioner/example"
      }
    },
    {
      "url": "http://hl7.org/fhir/StructureDefinition/communicationrequest-reasonRejected",
      "valueCodeableConcept": {
        "coding": [
          {
            "system": "http://hl7.org/fhir/v3/ActReason",
            "code": "NON-AVAIL",
            "display": "patient not-available"
          }
        ]
      }
    }
  ],
  "status": "rejected",
  "subject": {
    "reference": "Patient/example"
  }
}