{"attester":[{"mode":["legal"],"party":{"display":"Harold Hippocrates, MD","reference":"Practitioner/xcda-author"}}],"author":[{"display":"Harold Hippocrates, MD","reference":"Practitioner/xcda-author"}],"confidentiality":"N","custodian":{"display":"Good Health Clinic","reference":"Organization/2.16.840.1.113883.19.5"},"date":"2012-01-04T09:10:14Z","id":"example","identifier":{"system":"http://healthintersections.com.au/test","value":"1"},"resourceType":"Composition","section":[{"content":{"reference":"List/example"},"title":"History of present illness"}],"status":"final","subject":{"display":"Henry Levin the 7th","reference":"Patient/xcda"},"text":{"div":"<div>\n      <p>Consultation note for Henry Levin the 7th</p>\n    </div>","status":"generated"},"type":{"coding":[{"code":"11488-4","display":"Consult note","system":"http://loinc.org"}]}}