{
  "resourceType": "Questionnaire",
  "id": "qs1",
  "contained": [
    {
      "resourceType": "ValueSet",
      "id": "vs2",
      "name": "Type options for ConceptMap.source[x]",
      "description": "Type options for ConceptMap.source[x]",
      "status": "active",
      "expansion": {
        "identifier": "urn:uuid:3c42736e-941d-478e-a1a1-b4f0b48cc1d9",
        "timestamp": "2015-07-24T17:33:43-04:00",
        "contains": [
          {
            "system": "http://hl7.org/fhir/data-types",
            "code": "uri",
            "display": "uri"
          },
          {
            "system": "http://hl7.org/fhir/resource-types",
            "code": "ValueSet",
            "display": "ValueSet"
          },
          {
            "system": "http://hl7.org/fhir/resource-types",
            "code": "StructureDefinition",
            "display": "StructureDefinition"
          }
        ]
      }
    },
    {
      "resourceType": "ValueSet",
      "id": "vs3",
      "name": "Type options for ConceptMap.target[x]",
      "description": "Type options for ConceptMap.target[x]",
      "status": "active",
      "expansion": {
        "identifier": "urn:uuid:de566085-211d-4f46-9350-d40ddfc2232e",
        "timestamp": "2015-07-24T17:33:43-04:00",
        "contains": [
          {
            "system": "http://hl7.org/fhir/data-types",
            "code": "uri",
            "display": "uri"
          },
          {
            "system": "http://hl7.org/fhir/resource-types",
            "code": "ValueSet",
            "display": "ValueSet"
          },
          {
            "system": "http://hl7.org/fhir/resource-types",
            "code": "StructureDefinition",
            "display": "StructureDefinition"
          }
        ]
      }
    }
  ],
  "identifier": [
    {
      "system": "urn:ietf:rfc:3986"
    }
  ],
  "status": "draft",
  "date": "2015-07-24T17:31:16-04:00",
  "publisher": "Health Level Seven International (Vocabulary)",
  "group": {
    "extension": [
      {
        "url": "http://hl7.org/fhir/Profile/questionnaire-extensions#flyover",
        "valueString": "A statement of relationships from one set of concepts to one or more other concepts - either code systems or data elements, or classes in class models."
      }
    ],
    "linkId": "ConceptMap",
    "title": "A map from one set of concepts to one or more other concepts",
    "required": false,
    "repeats": true,
    "group": [
      {
        "extension": [
          {
            "url": "http://hl7.org/fhir/Profile/questionnaire-extensions#flyover",
            "valueString": "The logical id of the resource, as used in the url for the resource. Once assigned, this value never changes."
          },
          {
            "url": "http://www.healthintersections.com.au/fhir/Profile/metadata#type",
            "valueString": "string"
          }
        ],
        "linkId": "ConceptMap.id",
        "required": false,
        "repeats": true,
        "question": [
          {
            "linkId": "ConceptMap.id.value",
            "text": "Logical id of this artifact",
            "type": "string",
            "required": false,
            "repeats": false
          }
        ]
      },
      {
        "extension": [
          {
            "url": "http://hl7.org/fhir/Profile/questionnaire-extensions#flyover",
            "valueString": "The metadata about the resource. This is content that is maintained by the infrastructure. Changes to the content may not always be associated with version changes to the resource."
          }
        ],
        "linkId": "ConceptMap.meta",
        "text": "Metadata about the resource",
        "required": false,
        "repeats": true
      },
      {
        "extension": [
          {
            "url": "http://hl7.org/fhir/Profile/questionnaire-extensions#flyover",
            "valueString": "A reference to a set of rules that were followed when the resource was constructed, and which must be understood when processing the content."
          },
          {
            "url": "http://www.healthintersections.com.au/fhir/Profile/metadata#type",
            "valueString": "uri"
          }
        ],
        "linkId": "ConceptMap.implicitRules",
        "required": false,
        "repeats": true,
        "question": [
          {
            "linkId": "ConceptMap.implicitRules.value",
            "text": "A set of rules under which this content was created",
            "type": "string",
            "required": false,
            "repeats": false
          }
        ]
      },
      {
        "extension": [
          {
            "url": "http://hl7.org/fhir/Profile/questionnaire-extensions#flyover",
            "valueString": "The base language in which the resource is written."
          },
          {
            "url": "http://www.healthintersections.com.au/fhir/Profile/metadata#type",
            "valueString": "code"
          }
        ],
        "linkId": "ConceptMap.language",
        "required": false,
        "repeats": true,
        "question": [
          {
            "linkId": "ConceptMap.language.value",
            "text": "language",
            "type": "choice",
            "required": false,
            "repeats": false
          }
        ]
      },
      {
        "extension": [
          {
            "url": "http://hl7.org/fhir/Profile/questionnaire-extensions#flyover",
            "valueString": "A human-readable narrative that contains a summary of the resource, and may be used to represent the content of the resource to a human. The narrative need not encode all the structured data, but is required to contain sufficient detail to make it \"clinically safe\" for a human to just read the narrative. Resource definitions may define what content should be represented in the narrative to ensure clinical safety."
          }
        ],
        "linkId": "ConceptMap.text",
        "text": "Text summary of the resource, for human interpretation",
        "required": false,
        "repeats": true
      },
      {
        "extension": [
          {
            "url": "http://hl7.org/fhir/Profile/questionnaire-extensions#flyover",
            "valueString": "These resources do not have an independent existence apart from the resource that contains them - they cannot be identified independently, and nor can they have their own independent transaction scope."
          }
        ],
        "linkId": "ConceptMap.contained",
        "text": "Contained, inline Resources",
        "required": false,
        "repeats": true
      },
      {
        "extension": [
          {
            "url": "http://hl7.org/fhir/Profile/questionnaire-extensions#flyover",
            "valueString": "May be used to represent additional information that is not part of the basic definition of the resource. In order to make the use of extensions safe and manageable, there is a strict set of governance  applied to the definition and use of extensions. Though any implementer is allowed to define an extension, there is a set of requirements that SHALL be met as part of the definition of the extension."
          }
        ],
        "linkId": "ConceptMap.extension",
        "text": "Additional Content defined by implementations",
        "required": false,
        "repeats": true
      },
      {
        "extension": [
          {
            "url": "http://hl7.org/fhir/Profile/questionnaire-extensions#flyover",
            "valueString": "May be used to represent additional information that is not part of the basic definition of the resource, and that modifies the understanding of the element that contains it. Usually modifier elements provide negation or qualification. In order to make the use of extensions safe and manageable, there is a strict set of governance applied to the definition and use of extensions. Though any implementer is allowed to define an extension, there is a set of requirements that SHALL be met as part of the definition of the extension. Applications processing a resource are required to check for modifier extensions."
          }
        ],
        "linkId": "ConceptMap.modifierExtension",
        "text": "Extensions that cannot be ignored",
        "required": false,
        "repeats": true
      },
      {
        "extension": [
          {
            "url": "http://hl7.org/fhir/Profile/questionnaire-extensions#flyover",
            "valueString": "An absolute URL that is used to identify this concept map when it is referenced in a specification, model, design or an instance. This SHALL be a URL, SHOULD be globally unique, and SHOULD be an address at which this concept map is (or will be) published."
          },
          {
            "url": "http://www.healthintersections.com.au/fhir/Profile/metadata#type",
            "valueString": "uri"
          }
        ],
        "linkId": "ConceptMap.url",
        "required": false,
        "repeats": true,
        "question": [
          {
            "linkId": "ConceptMap.url.value",
            "text": "Globally unique logical id for concept map",
            "type": "string",
            "required": false,
            "repeats": false
          }
        ]
      },
      {
        "extension": [
          {
            "url": "http://hl7.org/fhir/Profile/questionnaire-extensions#flyover",
            "valueString": "Formal identifier that is used to identify this concept map when it is represented in other formats, or referenced in a specification, model, design or an instance."
          },
          {
            "url": "http://www.healthintersections.com.au/fhir/Profile/metadata#type",
            "valueString": "Identifier"
          }
        ],
        "linkId": "ConceptMap.identifier",
        "text": "Additional identifier for the concept map",
        "required": false,
        "repeats": true,
        "question": [
          {
            "linkId": "ConceptMap.identifier.label",
            "text": "label:",
            "type": "string",
            "required": false,
            "repeats": false
          },
          {
            "linkId": "ConceptMap.identifier.system",
            "text": "system:",
            "type": "string",
            "required": false,
            "repeats": false
          },
          {
            "linkId": "ConceptMap.identifier.value",
            "text": "value:",
            "type": "string",
            "required": false,
            "repeats": false
          }
        ]
      },
      {
        "extension": [
          {
            "url": "http://hl7.org/fhir/Profile/questionnaire-extensions#flyover",
            "valueString": "The identifier that is used to identify this version of the concept map when it is referenced in a specification, model, design or instance. This is an arbitrary value managed by the profile author manually and the value should be a timestamp."
          },
          {
            "url": "http://www.healthintersections.com.au/fhir/Profile/metadata#type",
            "valueString": "string"
          }
        ],
        "linkId": "ConceptMap.version",
        "required": false,
        "repeats": true,
        "question": [
          {
            "linkId": "ConceptMap.version.value",
            "text": "Logical id for this version of the concept map",
            "type": "string",
            "required": false,
            "repeats": false
          }
        ]
      },
      {
        "extension": [
          {
            "url": "http://hl7.org/fhir/Profile/questionnaire-extensions#flyover",
            "valueString": "A free text natural language name describing the concept map."
          },
          {
            "url": "http://www.healthintersections.com.au/fhir/Profile/metadata#type",
            "valueString": "string"
          }
        ],
        "linkId": "ConceptMap.name",
        "required": false,
        "repeats": true,
        "question": [
          {
            "linkId": "ConceptMap.name.value",
            "text": "Informal name for this concept map",
            "type": "string",
            "required": false,
            "repeats": false
          }
        ]
      },
      {
        "extension": [
          {
            "url": "http://hl7.org/fhir/Profile/questionnaire-extensions#flyover",
            "valueString": "The content was developed with a focus and intent of supporting the contexts that are listed. These terms may be used to assist with indexing and searching of concept maps."
          },
          {
            "url": "http://www.healthintersections.com.au/fhir/Profile/metadata#type",
            "valueString": "CodeableConcept"
          }
        ],
        "linkId": "ConceptMap.useContext",
        "text": "Content intends to support these contexts",
        "required": false,
        "repeats": true,
        "question": [
          {
            "linkId": "ConceptMap.useContext.coding",
            "text": "code:",
            "type": "open-choice",
            "required": false,
            "repeats": false
          },
          {
            "linkId": "ConceptMap.useContext.text",
            "text": "text:",
            "type": "string",
            "required": false,
            "repeats": false
          }
        ]
      },
      {
        "extension": [
          {
            "url": "http://hl7.org/fhir/Profile/questionnaire-extensions#flyover",
            "valueString": "The name of the individual or organization that published the concept map."
          },
          {
            "url": "http://www.healthintersections.com.au/fhir/Profile/metadata#type",
            "valueString": "string"
          }
        ],
        "linkId": "ConceptMap.publisher",
        "required": false,
        "repeats": true,
        "question": [
          {
            "linkId": "ConceptMap.publisher.value",
            "text": "Name of the publisher (Organization or individual)",
            "type": "string",
            "required": false,
            "repeats": false
          }
        ]
      },
      {
        "extension": [
          {
            "url": "http://hl7.org/fhir/Profile/questionnaire-extensions#flyover",
            "valueString": "Contacts to assist a user in finding and communicating with the publisher."
          }
        ],
        "linkId": "ConceptMap.contact",
        "title": "Contact details of the publisher",
        "required": false,
        "repeats": true,
        "group": [
          {
            "extension": [
              {
                "url": "http://hl7.org/fhir/Profile/questionnaire-extensions#flyover",
                "valueString": "unique id for the element within a resource (for internal references)."
              },
              {
                "url": "http://www.healthintersections.com.au/fhir/Profile/metadata#type",
                "valueString": "string"
              }
            ],
            "linkId": "ConceptMap.contact.id",
            "required": false,
            "repeats": true,
            "question": [
              {
                "linkId": "ConceptMap.contact.id.value",
                "text": "xml:id (or equivalent in JSON)",
                "type": "string",
                "required": false,
                "repeats": false
              }
            ]
          },
          {
            "extension": [
              {
                "url": "http://hl7.org/fhir/Profile/questionnaire-extensions#flyover",
                "valueString": "May be used to represent additional information that is not part of the basic definition of the element. In order to make the use of extensions safe and manageable, there is a strict set of governance  applied to the definition and use of extensions. Though any implementer is allowed to define an extension, there is a set of requirements that SHALL be met as part of the definition of the extension."
              }
            ],
            "linkId": "ConceptMap.contact.extension",
            "text": "Additional Content defined by implementations",
            "required": false,
            "repeats": true
          },
          {
            "extension": [
              {
                "url": "http://hl7.org/fhir/Profile/questionnaire-extensions#flyover",
                "valueString": "May be used to represent additional information that is not part of the basic definition of the element, and that modifies the understanding of the element that contains it. Usually modifier elements provide negation or qualification. In order to make the use of extensions safe and manageable, there is a strict set of governance applied to the definition and use of extensions. Though any implementer is allowed to define an extension, there is a set of requirements that SHALL be met as part of the definition of the extension. Applications processing a resource are required to check for modifier extensions."
              }
            ],
            "linkId": "ConceptMap.contact.modifierExtension",
            "text": "Extensions that cannot be ignored",
            "required": false,
            "repeats": true
          },
          {
            "extension": [
              {
                "url": "http://hl7.org/fhir/Profile/questionnaire-extensions#flyover",
                "valueString": "The name of an individual to contact regarding the concept map."
              },
              {
                "url": "http://www.healthintersections.com.au/fhir/Profile/metadata#type",
                "valueString": "string"
              }
            ],
            "linkId": "ConceptMap.contact.name",
            "required": false,
            "repeats": true,
            "question": [
              {
                "linkId": "ConceptMap.contact.name.value",
                "text": "Name of a individual to contact",
                "type": "string",
                "required": false,
                "repeats": false
              }
            ]
          },
          {
            "extension": [
              {
                "url": "http://hl7.org/fhir/Profile/questionnaire-extensions#flyover",
                "valueString": "Contact details for individual (if a name was provided) or the publisher."
              },
              {
                "url": "http://www.healthintersections.com.au/fhir/Profile/metadata#type",
                "valueString": "ContactPoint"
              }
            ],
            "linkId": "ConceptMap.contact.telecom",
            "text": "Contact details for individual or publisher",
            "required": false,
            "repeats": true,
            "question": [
              {
                "linkId": "ConceptMap.contact.telecom.system",
                "text": "type:",
                "type": "choice",
                "required": false,
                "repeats": false
              },
              {
                "linkId": "ConceptMap.contact.telecom.value",
                "text": "value:",
                "type": "string",
                "required": false,
                "repeats": false
              },
              {
                "linkId": "ConceptMap.contact.telecom.use",
                "text": "use:",
                "type": "choice",
                "required": false,
                "repeats": false
              }
            ]
          }
        ]
      },
      {
        "extension": [
          {
            "url": "http://hl7.org/fhir/Profile/questionnaire-extensions#flyover",
            "valueString": "A free text natural language description of the use of the concept map - reason for definition, conditions of use, etc."
          },
          {
            "url": "http://www.healthintersections.com.au/fhir/Profile/metadata#type",
            "valueString": "string"
          }
        ],
        "linkId": "ConceptMap.description",
        "required": false,
        "repeats": true,
        "question": [
          {
            "linkId": "ConceptMap.description.value",
            "text": "Human language description of the concept map",
            "type": "string",
            "required": false,
            "repeats": false
          }
        ]
      },
      {
        "extension": [
          {
            "url": "http://hl7.org/fhir/Profile/questionnaire-extensions#flyover",
            "valueString": "Explains why this concept map is needed and why it's been constrained as it has."
          },
          {
            "url": "http://www.healthintersections.com.au/fhir/Profile/metadata#type",
            "valueString": "string"
          }
        ],
        "linkId": "ConceptMap.requirements",
        "required": false,
        "repeats": true,
        "question": [
          {
            "linkId": "ConceptMap.requirements.value",
            "text": "Why is this needed?",
            "type": "string",
            "required": false,
            "repeats": false
          }
        ]
      },
      {
        "extension": [
          {
            "url": "http://hl7.org/fhir/Profile/questionnaire-extensions#flyover",
            "valueString": "A copyright statement relating to the concept map and/or its contents."
          },
          {
            "url": "http://www.healthintersections.com.au/fhir/Profile/metadata#type",
            "valueString": "string"
          }
        ],
        "linkId": "ConceptMap.copyright",
        "required": false,
        "repeats": true,
        "question": [
          {
            "linkId": "ConceptMap.copyright.value",
            "text": "Use and/or Publishing restrictions",
            "type": "string",
            "required": false,
            "repeats": false
          }
        ]
      },
      {
        "extension": [
          {
            "url": "http://hl7.org/fhir/Profile/questionnaire-extensions#flyover",
            "valueString": "The status of the concept map."
          },
          {
            "url": "http://www.healthintersections.com.au/fhir/Profile/metadata#type",
            "valueString": "code"
          }
        ],
        "linkId": "ConceptMap.status",
        "required": true,
        "repeats": true,
        "question": [
          {
            "linkId": "ConceptMap.status.value",
            "text": "status",
            "type": "choice",
            "required": false,
            "repeats": false
          }
        ]
      },
      {
        "extension": [
          {
            "url": "http://hl7.org/fhir/Profile/questionnaire-extensions#flyover",
            "valueString": "This ConceptMap was authored for testing purposes (or education/evaluation/marketing), and is not intended to be used for genuine usage."
          },
          {
            "url": "http://www.healthintersections.com.au/fhir/Profile/metadata#type",
            "valueString": "boolean"
          }
        ],
        "linkId": "ConceptMap.experimental",
        "required": false,
        "repeats": true,
        "question": [
          {
            "linkId": "ConceptMap.experimental.value",
            "text": "If for testing purposes, not real usage",
            "type": "boolean",
            "required": false,
            "repeats": false
          }
        ]
      },
      {
        "extension": [
          {
            "url": "http://hl7.org/fhir/Profile/questionnaire-extensions#flyover",
            "valueString": "The date that the concept map status was last changed."
          },
          {
            "url": "http://www.healthintersections.com.au/fhir/Profile/metadata#type",
            "valueString": "datetime"
          }
        ],
        "linkId": "ConceptMap.date",
        "required": false,
        "repeats": true,
        "question": [
          {
            "linkId": "ConceptMap.date.value",
            "text": "Date for given status",
            "type": "dateTime",
            "required": false,
            "repeats": false
          }
        ]
      },
      {
        "extension": [
          {
            "url": "http://hl7.org/fhir/Profile/questionnaire-extensions#flyover",
            "valueString": "The source value set that specifies the concepts that are being mapped."
          }
        ],
        "linkId": "ConceptMap.source[x]",
        "text": "Identifies the source of the concepts which are being mapped",
        "required": true,
        "repeats": true,
        "question": [
          {
            "linkId": "ConceptMap.source[x]._type",
            "text": "type",
            "type": "choice",
            "required": false,
            "repeats": false,
            "options": {
              "reference": "#vs2"
            },
            "group": [
              {
                "extension": [
                  {
                    "url": "http://www.healthintersections.com.au/fhir/Profile/metadata#type",
                    "valueString": "uri"
                  }
                ],
                "linkId": "ConceptMap.source[x]._uri",
                "question": [
                  {
                    "linkId": "ConceptMap.source[x]._uri.value",
                    "text": "uri",
                    "type": "string",
                    "required": false,
                    "repeats": false
                  }
                ]
              },
              {
                "extension": [
                  {
                    "url": "http://www.healthintersections.com.au/fhir/Profile/metadata#type",
                    "valueString": "Reference"
                  }
                ],
                "linkId": "ConceptMap.source[x]._ValueSet",
                "question": [
                  {
                    "extension": [
                      {
                        "url": "http://www.healthintersections.com.au/fhir/Profile/metadata#reference",
                        "valueString": "/ValueSet?subject=$subj&patient=$subj&encounter=$encounter"
                      }
                    ],
                    "linkId": "ConceptMap.source[x]._ValueSet.value",
                    "text": "ValueSet",
                    "type": "reference",
                    "required": false,
                    "repeats": false
                  }
                ]
              },
              {
                "extension": [
                  {
                    "url": "http://www.healthintersections.com.au/fhir/Profile/metadata#type",
                    "valueString": "Reference"
                  }
                ],
                "linkId": "ConceptMap.source[x]._StructureDefinition",
                "question": [
                  {
                    "extension": [
                      {
                        "url": "http://www.healthintersections.com.au/fhir/Profile/metadata#reference",
                        "valueString": "/StructureDefinition?subject=$subj&patient=$subj&encounter=$encounter"
                      }
                    ],
                    "linkId": "ConceptMap.source[x]._StructureDefinition.value",
                    "text": "StructureDefinition",
                    "type": "reference",
                    "required": false,
                    "repeats": false
                  }
                ]
              }
            ]
          }
        ]
      },
      {
        "extension": [
          {
            "url": "http://hl7.org/fhir/Profile/questionnaire-extensions#flyover",
            "valueString": "The target value set provides context to the mappings. Note that the mapping is made between concepts, not between value sets, but the value set provides important context about how the concept mapping choices are made."
          }
        ],
        "linkId": "ConceptMap.target[x]",
        "text": "Provides context to the mappings",
        "required": true,
        "repeats": true,
        "question": [
          {
            "linkId": "ConceptMap.target[x]._type",
            "text": "type",
            "type": "choice",
            "required": false,
            "repeats": false,
            "options": {
              "reference": "#vs3"
            },
            "group": [
              {
                "extension": [
                  {
                    "url": "http://www.healthintersections.com.au/fhir/Profile/metadata#type",
                    "valueString": "uri"
                  }
                ],
                "linkId": "ConceptMap.target[x]._uri",
                "question": [
                  {
                    "linkId": "ConceptMap.target[x]._uri.value",
                    "text": "uri",
                    "type": "string",
                    "required": false,
                    "repeats": false
                  }
                ]
              },
              {
                "extension": [
                  {
                    "url": "http://www.healthintersections.com.au/fhir/Profile/metadata#type",
                    "valueString": "Reference"
                  }
                ],
                "linkId": "ConceptMap.target[x]._ValueSet",
                "question": [
                  {
                    "extension": [
                      {
                        "url": "http://www.healthintersections.com.au/fhir/Profile/metadata#reference",
                        "valueString": "/ValueSet?subject=$subj&patient=$subj&encounter=$encounter"
                      }
                    ],
                    "linkId": "ConceptMap.target[x]._ValueSet.value",
                    "text": "ValueSet",
                    "type": "reference",
                    "required": false,
                    "repeats": false
                  }
                ]
              },
              {
                "extension": [
                  {
                    "url": "http://www.healthintersections.com.au/fhir/Profile/metadata#type",
                    "valueString": "Reference"
                  }
                ],
                "linkId": "ConceptMap.target[x]._StructureDefinition",
                "question": [
                  {
                    "extension": [
                      {
                        "url": "http://www.healthintersections.com.au/fhir/Profile/metadata#reference",
                        "valueString": "/StructureDefinition?subject=$subj&patient=$subj&encounter=$encounter"
                      }
                    ],
                    "linkId": "ConceptMap.target[x]._StructureDefinition.value",
                    "text": "StructureDefinition",
                    "type": "reference",
                    "required": false,
                    "repeats": false
                  }
                ]
              }
            ]
          }
        ]
      },
      {
        "extension": [
          {
            "url": "http://hl7.org/fhir/Profile/questionnaire-extensions#flyover",
            "valueString": "Mappings for an individual concept in the source to one or more concepts in the target."
          }
        ],
        "linkId": "ConceptMap.element",
        "title": "Mappings for a concept from the source set",
        "required": false,
        "repeats": true,
        "group": [
          {
            "extension": [
              {
                "url": "http://hl7.org/fhir/Profile/questionnaire-extensions#flyover",
                "valueString": "unique id for the element within a resource (for internal references)."
              },
              {
                "url": "http://www.healthintersections.com.au/fhir/Profile/metadata#type",
                "valueString": "string"
              }
            ],
            "linkId": "ConceptMap.element.id",
            "required": false,
            "repeats": true,
            "question": [
              {
                "linkId": "ConceptMap.element.id.value",
                "text": "xml:id (or equivalent in JSON)",
                "type": "string",
                "required": false,
                "repeats": false
              }
            ]
          },
          {
            "extension": [
              {
                "url": "http://hl7.org/fhir/Profile/questionnaire-extensions#flyover",
                "valueString": "May be used to represent additional information that is not part of the basic definition of the element. In order to make the use of extensions safe and manageable, there is a strict set of governance  applied to the definition and use of extensions. Though any implementer is allowed to define an extension, there is a set of requirements that SHALL be met as part of the definition of the extension."
              }
            ],
            "linkId": "ConceptMap.element.extension",
            "text": "Additional Content defined by implementations",
            "required": false,
            "repeats": true
          },
          {
            "extension": [
              {
                "url": "http://hl7.org/fhir/Profile/questionnaire-extensions#flyover",
                "valueString": "May be used to represent additional information that is not part of the basic definition of the element, and that modifies the understanding of the element that contains it. Usually modifier elements provide negation or qualification. In order to make the use of extensions safe and manageable, there is a strict set of governance applied to the definition and use of extensions. Though any implementer is allowed to define an extension, there is a set of requirements that SHALL be met as part of the definition of the extension. Applications processing a resource are required to check for modifier extensions."
              }
            ],
            "linkId": "ConceptMap.element.modifierExtension",
            "text": "Extensions that cannot be ignored",
            "required": false,
            "repeats": true
          },
          {
            "extension": [
              {
                "url": "http://hl7.org/fhir/Profile/questionnaire-extensions#flyover",
                "valueString": "An absolute URI that identifies the Code System (if the source is a value set that crosses more than one code system)."
              },
              {
                "url": "http://www.healthintersections.com.au/fhir/Profile/metadata#type",
                "valueString": "uri"
              }
            ],
            "linkId": "ConceptMap.element.codeSystem",
            "required": false,
            "repeats": true,
            "question": [
              {
                "linkId": "ConceptMap.element.codeSystem.value",
                "text": "Code System (if value set crosses code systems)",
                "type": "string",
                "required": false,
                "repeats": false
              }
            ]
          },
          {
            "extension": [
              {
                "url": "http://hl7.org/fhir/Profile/questionnaire-extensions#flyover",
                "valueString": "Identity (code or path) or the element/item being mapped."
              },
              {
                "url": "http://www.healthintersections.com.au/fhir/Profile/metadata#type",
                "valueString": "code"
              }
            ],
            "linkId": "ConceptMap.element.code",
            "required": false,
            "repeats": true,
            "question": [
              {
                "linkId": "ConceptMap.element.code.value",
                "text": "code",
                "type": "choice",
                "required": false,
                "repeats": false
              }
            ]
          },
          {
            "extension": [
              {
                "url": "http://hl7.org/fhir/Profile/questionnaire-extensions#flyover",
                "valueString": "A concept from the target value set that this concept maps to."
              }
            ],
            "linkId": "ConceptMap.element.target",
            "title": "Concept in target system for element",
            "required": false,
            "repeats": true,
            "group": [
              {
                "extension": [
                  {
                    "url": "http://hl7.org/fhir/Profile/questionnaire-extensions#flyover",
                    "valueString": "unique id for the element within a resource (for internal references)."
                  },
                  {
                    "url": "http://www.healthintersections.com.au/fhir/Profile/metadata#type",
                    "valueString": "string"
                  }
                ],
                "linkId": "ConceptMap.element.target.id",
                "required": false,
                "repeats": true,
                "question": [
                  {
                    "linkId": "ConceptMap.element.target.id.value",
                    "text": "xml:id (or equivalent in JSON)",
                    "type": "string",
                    "required": false,
                    "repeats": false
                  }
                ]
              },
              {
                "extension": [
                  {
                    "url": "http://hl7.org/fhir/Profile/questionnaire-extensions#flyover",
                    "valueString": "May be used to represent additional information that is not part of the basic definition of the element. In order to make the use of extensions safe and manageable, there is a strict set of governance  applied to the definition and use of extensions. Though any implementer is allowed to define an extension, there is a set of requirements that SHALL be met as part of the definition of the extension."
                  }
                ],
                "linkId": "ConceptMap.element.target.extension",
                "text": "Additional Content defined by implementations",
                "required": false,
                "repeats": true
              },
              {
                "extension": [
                  {
                    "url": "http://hl7.org/fhir/Profile/questionnaire-extensions#flyover",
                    "valueString": "May be used to represent additional information that is not part of the basic definition of the element, and that modifies the understanding of the element that contains it. Usually modifier elements provide negation or qualification. In order to make the use of extensions safe and manageable, there is a strict set of governance applied to the definition and use of extensions. Though any implementer is allowed to define an extension, there is a set of requirements that SHALL be met as part of the definition of the extension. Applications processing a resource are required to check for modifier extensions."
                  }
                ],
                "linkId": "ConceptMap.element.target.modifierExtension",
                "text": "Extensions that cannot be ignored",
                "required": false,
                "repeats": true
              },
              {
                "extension": [
                  {
                    "url": "http://hl7.org/fhir/Profile/questionnaire-extensions#flyover",
                    "valueString": "An absolute URI that identifies the code system of the target code (if the target is a value set that cross code systems)."
                  },
                  {
                    "url": "http://www.healthintersections.com.au/fhir/Profile/metadata#type",
                    "valueString": "uri"
                  }
                ],
                "linkId": "ConceptMap.element.target.codeSystem",
                "required": false,
                "repeats": true,
                "question": [
                  {
                    "linkId": "ConceptMap.element.target.codeSystem.value",
                    "text": "System of the target (if necessary)",
                    "type": "string",
                    "required": false,
                    "repeats": false
                  }
                ]
              },
              {
                "extension": [
                  {
                    "url": "http://hl7.org/fhir/Profile/questionnaire-extensions#flyover",
                    "valueString": "Identity (code or path) or the element/item that the map refers to."
                  },
                  {
                    "url": "http://www.healthintersections.com.au/fhir/Profile/metadata#type",
                    "valueString": "code"
                  }
                ],
                "linkId": "ConceptMap.element.target.code",
                "required": false,
                "repeats": true,
                "question": [
                  {
                    "linkId": "ConceptMap.element.target.code.value",
                    "text": "code",
                    "type": "choice",
                    "required": false,
                    "repeats": false
                  }
                ]
              },
              {
                "extension": [
                  {
                    "url": "http://hl7.org/fhir/Profile/questionnaire-extensions#flyover",
                    "valueString": "The equivalence between the source and target concepts (counting for the dependencies and products). The equivalence is read from target to source (e.g. the target is 'wider' than the source)."
                  },
                  {
                    "url": "http://www.healthintersections.com.au/fhir/Profile/metadata#type",
                    "valueString": "code"
                  }
                ],
                "linkId": "ConceptMap.element.target.equivalence",
                "required": true,
                "repeats": true,
                "question": [
                  {
                    "linkId": "ConceptMap.element.target.equivalence.value",
                    "text": "equivalence",
                    "type": "choice",
                    "required": false,
                    "repeats": false
                  }
                ]
              },
              {
                "extension": [
                  {
                    "url": "http://hl7.org/fhir/Profile/questionnaire-extensions#flyover",
                    "valueString": "A description of status/issues in mapping that conveys additional information not represented in  the structured data."
                  },
                  {
                    "url": "http://www.healthintersections.com.au/fhir/Profile/metadata#type",
                    "valueString": "string"
                  }
                ],
                "linkId": "ConceptMap.element.target.comments",
                "required": false,
                "repeats": true,
                "question": [
                  {
                    "linkId": "ConceptMap.element.target.comments.value",
                    "text": "Description of status/issues in mapping",
                    "type": "string",
                    "required": false,
                    "repeats": false
                  }
                ]
              },
              {
                "extension": [
                  {
                    "url": "http://hl7.org/fhir/Profile/questionnaire-extensions#flyover",
                    "valueString": "A set of additional dependencies for this mapping to hold. This mapping is only applicable if the specified element can be resolved, and it has the specified value."
                  }
                ],
                "linkId": "ConceptMap.element.target.dependsOn",
                "title": "Other elements required for this mapping (from context)",
                "required": false,
                "repeats": true,
                "group": [
                  {
                    "extension": [
                      {
                        "url": "http://hl7.org/fhir/Profile/questionnaire-extensions#flyover",
                        "valueString": "unique id for the element within a resource (for internal references)."
                      },
                      {
                        "url": "http://www.healthintersections.com.au/fhir/Profile/metadata#type",
                        "valueString": "string"
                      }
                    ],
                    "linkId": "ConceptMap.element.target.dependsOn.id",
                    "required": false,
                    "repeats": true,
                    "question": [
                      {
                        "linkId": "ConceptMap.element.target.dependsOn.id.value",
                        "text": "xml:id (or equivalent in JSON)",
                        "type": "string",
                        "required": false,
                        "repeats": false
                      }
                    ]
                  },
                  {
                    "extension": [
                      {
                        "url": "http://hl7.org/fhir/Profile/questionnaire-extensions#flyover",
                        "valueString": "May be used to represent additional information that is not part of the basic definition of the element. In order to make the use of extensions safe and manageable, there is a strict set of governance  applied to the definition and use of extensions. Though any implementer is allowed to define an extension, there is a set of requirements that SHALL be met as part of the definition of the extension."
                      }
                    ],
                    "linkId": "ConceptMap.element.target.dependsOn.extension",
                    "text": "Additional Content defined by implementations",
                    "required": false,
                    "repeats": true
                  },
                  {
                    "extension": [
                      {
                        "url": "http://hl7.org/fhir/Profile/questionnaire-extensions#flyover",
                        "valueString": "May be used to represent additional information that is not part of the basic definition of the element, and that modifies the understanding of the element that contains it. Usually modifier elements provide negation or qualification. In order to make the use of extensions safe and manageable, there is a strict set of governance applied to the definition and use of extensions. Though any implementer is allowed to define an extension, there is a set of requirements that SHALL be met as part of the definition of the extension. Applications processing a resource are required to check for modifier extensions."
                      }
                    ],
                    "linkId": "ConceptMap.element.target.dependsOn.modifierExtension",
                    "text": "Extensions that cannot be ignored",
                    "required": false,
                    "repeats": true
                  },
                  {
                    "extension": [
                      {
                        "url": "http://hl7.org/fhir/Profile/questionnaire-extensions#flyover",
                        "valueString": "A reference to a specific concept that holds a coded value. This can be an element in a FHIR resource, or a specific reference to a data element in a different specification (e.g. v2) or a general reference to a kind of data field, or a reference to a value set with an appropriately narrow definition."
                      },
                      {
                        "url": "http://www.healthintersections.com.au/fhir/Profile/metadata#type",
                        "valueString": "uri"
                      }
                    ],
                    "linkId": "ConceptMap.element.target.dependsOn.element",
                    "required": true,
                    "repeats": true,
                    "question": [
                      {
                        "linkId": "ConceptMap.element.target.dependsOn.element.value",
                        "text": "Reference to element/field/valueset mapping depends on",
                        "type": "string",
                        "required": false,
                        "repeats": false
                      }
                    ]
                  },
                  {
                    "extension": [
                      {
                        "url": "http://hl7.org/fhir/Profile/questionnaire-extensions#flyover",
                        "valueString": "An absolute URI that identifies the code system of the dependency code (if the source/dependency is a value set that crosses code systems)."
                      },
                      {
                        "url": "http://www.healthintersections.com.au/fhir/Profile/metadata#type",
                        "valueString": "uri"
                      }
                    ],
                    "linkId": "ConceptMap.element.target.dependsOn.codeSystem",
                    "required": true,
                    "repeats": true,
                    "question": [
                      {
                        "linkId": "ConceptMap.element.target.dependsOn.codeSystem.value",
                        "text": "Code System (if necessary)",
                        "type": "string",
                        "required": false,
                        "repeats": false
                      }
                    ]
                  },
                  {
                    "extension": [
                      {
                        "url": "http://hl7.org/fhir/Profile/questionnaire-extensions#flyover",
                        "valueString": "Identity (code or path) or the element/item that the map depends on / refers to."
                      },
                      {
                        "url": "http://www.healthintersections.com.au/fhir/Profile/metadata#type",
                        "valueString": "string"
                      }
                    ],
                    "linkId": "ConceptMap.element.target.dependsOn.code",
                    "required": true,
                    "repeats": true,
                    "question": [
                      {
                        "linkId": "ConceptMap.element.target.dependsOn.code.value",
                        "text": "Value of the referenced element",
                        "type": "string",
                        "required": false,
                        "repeats": false
                      }
                    ]
                  }
                ]
              },
              {
                "extension": [
                  {
                    "url": "http://hl7.org/fhir/Profile/questionnaire-extensions#flyover",
                    "valueString": "A set of additional outcomes from this mapping to other elements. To properly execute this mapping, the specified element must be mapped to some data element or source that is in context. The mapping may still be useful without a place for the additional data elements, but the equivalence cannot be relied on."
                  }
                ],
                "linkId": "ConceptMap.element.target.product",
                "title": "Other concepts that this mapping also produces",
                "required": false,
                "repeats": true
              }
            ]
          }
        ]
      }
    ]
  }
}