{
  "resourceType": "ConceptMap",
  "id": "101",
  "text": {
    "status": "generated",
    "div": "<div>\n      <h2>FHIR/v3 Address Use Mapping (256a5231-a2bb-49bd-9fea-f349d428b70d)</h2>\n      <p>Mapping from \n        <a href=\"valueset-address-use.html\">http://hl7.org/fhir/address-use</a> to \n        <a href=\"v3/AddressUse/index.html\">http://hl7.org/fhir/v3/AddressUse</a>\n      </p>\n      <p>DRAFT (not intended for production usage). Published on Jun 13, 2012 by FHIR project team (example) (\n        <a href=\"http://hl7.org/fhir\">http://hl7.org/fhir</a>; ). \n      </p>\n      <p>A mapping between the FHIR and V3 AddressUse Code systems</p>\n      <br/>\n      <table class=\"grid\">\n        <tr>\n          <td>\n            <b>Source Code</b>\n          </td>\n          <td>\n            <b>Equivalence</b>\n          </td>\n          <td>\n            <b>Destination Code</b>\n          </td>\n          <td>\n            <b>Comments</b>\n          </td>\n        </tr>\n        <tr>\n          <td>home (Home)</td>\n          <td>equivalent</td>\n          <td>H (home address)</td>\n          <td/>\n        </tr>\n        <tr>\n          <td>home (Home)</td>\n          <td>equivalent</td>\n          <td>H (home address)</td>\n          <td/>\n        </tr>\n        <tr>\n          <td>work (Work)</td>\n          <td>equivalent</td>\n          <td>WP (work place)</td>\n          <td/>\n        </tr>\n        <tr>\n          <td>temp (Temporary)</td>\n          <td>equivalent</td>\n          <td>TMP (temporary address)</td>\n          <td/>\n        </tr>\n        <tr>\n          <td>old (Old / Incorrect)</td>\n          <td>disjoint</td>\n          <td>BAD (bad address)</td>\n          <td>In the V3 AD, old is handled by the usablePeriod element, but you have to provide a time, there's no simple equivalent of flagging an address as old</td>\n        </tr>\n      </table>\n    </div>"
  },
  "url": "256a5231-a2bb-49bd-9fea-f349d428b70d",
  "version": "20120613",
  "name": "FHIR/v3 Address Use Mapping",
  "publisher": "FHIR project team (example)",
  "contact": [
    {
      "telecom": [
        {
          "system": "other",
          "value": "http://hl7.org/fhir"
        }
      ]
    }
  ],
  "description": "A mapping between the FHIR and V3 AddressUse Code systems",
  "status": "draft",
  "experimental": true,
  "date": "2012-06-13",
  "sourceReference": {
    "reference": "http://hl7.org/fhir/address-use"
  },
  "targetReference": {
    "reference": "http://hl7.org/fhir/v3/AddressUse"
  },
  "element": [
    {
      "codeSystem": "http://hl7.org/fhir/address-use",
      "code": "home",
      "target": [
        {
          "codeSystem": "http://hl7.org/fhir/v3/AddressUse",
          "code": "H",
          "equivalence": "equivalent"
        }
      ]
    },
    {
      "codeSystem": "http://hl7.org/fhir/address-use",
      "code": "home",
      "target": [
        {
          "codeSystem": "http://hl7.org/fhir/v3/AddressUse",
          "code": "H",
          "equivalence": "equivalent"
        }
      ]
    },
    {
      "codeSystem": "http://hl7.org/fhir/address-use",
      "code": "work",
      "target": [
        {
          "codeSystem": "http://hl7.org/fhir/v3/AddressUse",
          "code": "WP",
          "equivalence": "equivalent"
        }
      ]
    },
    {
      "codeSystem": "http://hl7.org/fhir/address-use",
      "code": "temp",
      "target": [
        {
          "codeSystem": "http://hl7.org/fhir/v3/AddressUse",
          "code": "TMP",
          "equivalence": "equivalent"
        }
      ]
    },
    {
      "codeSystem": "http://hl7.org/fhir/address-use",
      "code": "old",
      "target": [
        {
          "codeSystem": "http://hl7.org/fhir/v3/AddressUse",
          "code": "BAD",
          "equivalence": "disjoint",
          "comments": "In the V3 AD, old is handled by the usablePeriod element, but you have to provide a time, there's no simple equivalent of flagging an address as old"
        }
      ]
    }
  ]
}