{
  "resourceType": "Questionnaire",
  "id": "qs1",
  "contained": [
    {
      "resourceType": "ValueSet",
      "id": "vs2",
      "name": "Type options for Condition.asserter",
      "description": "Type options for Condition.asserter",
      "status": "active",
      "expansion": {
        "identifier": "urn:uuid:68fc2263-e72c-4a28-899f-7b60cd1cb89e",
        "timestamp": "2015-07-24T17:33:44-04:00",
        "contains": [
          {
            "system": "http://hl7.org/fhir/resource-types",
            "code": "Practitioner",
            "display": "Practitioner"
          },
          {
            "system": "http://hl7.org/fhir/resource-types",
            "code": "Patient",
            "display": "Patient"
          }
        ]
      }
    },
    {
      "resourceType": "ValueSet",
      "id": "vs3",
      "name": "Type options for Condition.onset[x]",
      "description": "Type options for Condition.onset[x]",
      "status": "active",
      "expansion": {
        "identifier": "urn:uuid:5ed1cdc9-8775-418d-8c56-d41d07b6d275",
        "timestamp": "2015-07-24T17:33:44-04:00",
        "contains": [
          {
            "system": "http://hl7.org/fhir/data-types",
            "code": "dateTime",
            "display": "dateTime"
          },
          {
            "system": "http://hl7.org/fhir/data-types",
            "code": "Age",
            "display": "Age"
          },
          {
            "system": "http://hl7.org/fhir/data-types",
            "code": "Period",
            "display": "Period"
          },
          {
            "system": "http://hl7.org/fhir/data-types",
            "code": "Range",
            "display": "Range"
          },
          {
            "system": "http://hl7.org/fhir/data-types",
            "code": "string",
            "display": "string"
          }
        ]
      }
    },
    {
      "resourceType": "ValueSet",
      "id": "vs4",
      "name": "Type options for Condition.abatement[x]",
      "description": "Type options for Condition.abatement[x]",
      "status": "active",
      "expansion": {
        "identifier": "urn:uuid:f7612cd3-c3c3-4ad9-99d3-daa0a9f9a514",
        "timestamp": "2015-07-24T17:33:44-04:00",
        "contains": [
          {
            "system": "http://hl7.org/fhir/data-types",
            "code": "date",
            "display": "date"
          },
          {
            "system": "http://hl7.org/fhir/data-types",
            "code": "Age",
            "display": "Age"
          },
          {
            "system": "http://hl7.org/fhir/data-types",
            "code": "boolean",
            "display": "boolean"
          },
          {
            "system": "http://hl7.org/fhir/data-types",
            "code": "Period",
            "display": "Period"
          },
          {
            "system": "http://hl7.org/fhir/data-types",
            "code": "Range",
            "display": "Range"
          },
          {
            "system": "http://hl7.org/fhir/data-types",
            "code": "string",
            "display": "string"
          }
        ]
      }
    },
    {
      "resourceType": "ValueSet",
      "id": "vs5",
      "name": "Type options for Condition.stage.assessment",
      "description": "Type options for Condition.stage.assessment",
      "status": "active",
      "expansion": {
        "identifier": "urn:uuid:c91e0d31-b9ad-4667-99d4-a63a8be6c36e",
        "timestamp": "2015-07-24T17:33:44-04:00",
        "contains": [
          {
            "system": "http://hl7.org/fhir/resource-types",
            "code": "ClinicalImpression",
            "display": "ClinicalImpression"
          },
          {
            "system": "http://hl7.org/fhir/resource-types",
            "code": "DiagnosticReport",
            "display": "DiagnosticReport"
          },
          {
            "system": "http://hl7.org/fhir/resource-types",
            "code": "Observation",
            "display": "Observation"
          }
        ]
      }
    },
    {
      "resourceType": "ValueSet",
      "id": "vs6",
      "name": "Type options for Condition.location.site[x]",
      "description": "Type options for Condition.location.site[x]",
      "status": "active",
      "expansion": {
        "identifier": "urn:uuid:f9546080-6769-4b41-83b0-0eeef313808b",
        "timestamp": "2015-07-24T17:33:44-04:00",
        "contains": [
          {
            "system": "http://hl7.org/fhir/data-types",
            "code": "CodeableConcept",
            "display": "CodeableConcept"
          },
          {
            "system": "http://hl7.org/fhir/resource-types",
            "code": "BodySite",
            "display": "BodySite"
          }
        ]
      }
    },
    {
      "resourceType": "ValueSet",
      "id": "vs7",
      "name": "Type options for Condition.dueTo.target",
      "description": "Type options for Condition.dueTo.target",
      "status": "active",
      "expansion": {
        "identifier": "urn:uuid:b6845951-d140-4659-b3e9-28c09e108253",
        "timestamp": "2015-07-24T17:33:44-04:00",
        "contains": [
          {
            "system": "http://hl7.org/fhir/resource-types",
            "code": "Condition",
            "display": "Condition"
          },
          {
            "system": "http://hl7.org/fhir/resource-types",
            "code": "Procedure",
            "display": "Procedure"
          },
          {
            "system": "http://hl7.org/fhir/resource-types",
            "code": "MedicationAdministration",
            "display": "MedicationAdministration"
          },
          {
            "system": "http://hl7.org/fhir/resource-types",
            "code": "Immunization",
            "display": "Immunization"
          },
          {
            "system": "http://hl7.org/fhir/resource-types",
            "code": "MedicationStatement",
            "display": "MedicationStatement"
          }
        ]
      }
    },
    {
      "resourceType": "ValueSet",
      "id": "vs8",
      "name": "Type options for Condition.occurredFollowing.target",
      "description": "Type options for Condition.occurredFollowing.target",
      "status": "active",
      "expansion": {
        "identifier": "urn:uuid:406cde7b-50f5-4bcc-9f65-668870b067f0",
        "timestamp": "2015-07-24T17:33:44-04:00",
        "contains": [
          {
            "system": "http://hl7.org/fhir/resource-types",
            "code": "Condition",
            "display": "Condition"
          },
          {
            "system": "http://hl7.org/fhir/resource-types",
            "code": "Procedure",
            "display": "Procedure"
          },
          {
            "system": "http://hl7.org/fhir/resource-types",
            "code": "MedicationAdministration",
            "display": "MedicationAdministration"
          },
          {
            "system": "http://hl7.org/fhir/resource-types",
            "code": "Immunization",
            "display": "Immunization"
          },
          {
            "system": "http://hl7.org/fhir/resource-types",
            "code": "MedicationStatement",
            "display": "MedicationStatement"
          }
        ]
      }
    }
  ],
  "identifier": [
    {
      "system": "urn:ietf:rfc:3986"
    }
  ],
  "status": "draft",
  "date": "2015-07-24T17:31:16-04:00",
  "publisher": "Health Level Seven International (Patient Care)",
  "group": {
    "extension": [
      {
        "url": "http://hl7.org/fhir/Profile/questionnaire-extensions#flyover",
        "valueString": "Use to record detailed information about conditions, problems or diagnoses recognized by a clinician. There are many uses including: recording a Diagnosis during an Encounter; populating a problem List or a Summary Statement, such as a Discharge Summary."
      }
    ],
    "linkId": "Condition",
    "title": "Detailed information about conditions, problems or diagnoses",
    "required": false,
    "repeats": true,
    "group": [
      {
        "extension": [
          {
            "url": "http://hl7.org/fhir/Profile/questionnaire-extensions#flyover",
            "valueString": "The logical id of the resource, as used in the url for the resource. Once assigned, this value never changes."
          },
          {
            "url": "http://www.healthintersections.com.au/fhir/Profile/metadata#type",
            "valueString": "string"
          }
        ],
        "linkId": "Condition.id",
        "required": false,
        "repeats": true,
        "question": [
          {
            "linkId": "Condition.id.value",
            "text": "Logical id of this artifact",
            "type": "string",
            "required": false,
            "repeats": false
          }
        ]
      },
      {
        "extension": [
          {
            "url": "http://hl7.org/fhir/Profile/questionnaire-extensions#flyover",
            "valueString": "The metadata about the resource. This is content that is maintained by the infrastructure. Changes to the content may not always be associated with version changes to the resource."
          }
        ],
        "linkId": "Condition.meta",
        "text": "Metadata about the resource",
        "required": false,
        "repeats": true
      },
      {
        "extension": [
          {
            "url": "http://hl7.org/fhir/Profile/questionnaire-extensions#flyover",
            "valueString": "A reference to a set of rules that were followed when the resource was constructed, and which must be understood when processing the content."
          },
          {
            "url": "http://www.healthintersections.com.au/fhir/Profile/metadata#type",
            "valueString": "uri"
          }
        ],
        "linkId": "Condition.implicitRules",
        "required": false,
        "repeats": true,
        "question": [
          {
            "linkId": "Condition.implicitRules.value",
            "text": "A set of rules under which this content was created",
            "type": "string",
            "required": false,
            "repeats": false
          }
        ]
      },
      {
        "extension": [
          {
            "url": "http://hl7.org/fhir/Profile/questionnaire-extensions#flyover",
            "valueString": "The base language in which the resource is written."
          },
          {
            "url": "http://www.healthintersections.com.au/fhir/Profile/metadata#type",
            "valueString": "code"
          }
        ],
        "linkId": "Condition.language",
        "required": false,
        "repeats": true,
        "question": [
          {
            "linkId": "Condition.language.value",
            "text": "language",
            "type": "choice",
            "required": false,
            "repeats": false
          }
        ]
      },
      {
        "extension": [
          {
            "url": "http://hl7.org/fhir/Profile/questionnaire-extensions#flyover",
            "valueString": "A human-readable narrative that contains a summary of the resource, and may be used to represent the content of the resource to a human. The narrative need not encode all the structured data, but is required to contain sufficient detail to make it \"clinically safe\" for a human to just read the narrative. Resource definitions may define what content should be represented in the narrative to ensure clinical safety."
          }
        ],
        "linkId": "Condition.text",
        "text": "Text summary of the resource, for human interpretation",
        "required": false,
        "repeats": true
      },
      {
        "extension": [
          {
            "url": "http://hl7.org/fhir/Profile/questionnaire-extensions#flyover",
            "valueString": "These resources do not have an independent existence apart from the resource that contains them - they cannot be identified independently, and nor can they have their own independent transaction scope."
          }
        ],
        "linkId": "Condition.contained",
        "text": "Contained, inline Resources",
        "required": false,
        "repeats": true
      },
      {
        "extension": [
          {
            "url": "http://hl7.org/fhir/Profile/questionnaire-extensions#flyover",
            "valueString": "May be used to represent additional information that is not part of the basic definition of the resource. In order to make the use of extensions safe and manageable, there is a strict set of governance  applied to the definition and use of extensions. Though any implementer is allowed to define an extension, there is a set of requirements that SHALL be met as part of the definition of the extension."
          }
        ],
        "linkId": "Condition.extension",
        "text": "Additional Content defined by implementations",
        "required": false,
        "repeats": true
      },
      {
        "extension": [
          {
            "url": "http://hl7.org/fhir/Profile/questionnaire-extensions#flyover",
            "valueString": "May be used to represent additional information that is not part of the basic definition of the resource, and that modifies the understanding of the element that contains it. Usually modifier elements provide negation or qualification. In order to make the use of extensions safe and manageable, there is a strict set of governance applied to the definition and use of extensions. Though any implementer is allowed to define an extension, there is a set of requirements that SHALL be met as part of the definition of the extension. Applications processing a resource are required to check for modifier extensions."
          }
        ],
        "linkId": "Condition.modifierExtension",
        "text": "Extensions that cannot be ignored",
        "required": false,
        "repeats": true
      },
      {
        "extension": [
          {
            "url": "http://hl7.org/fhir/Profile/questionnaire-extensions#flyover",
            "valueString": "This records identifiers associated with this condition that are defined by business processed and/ or used to refer to it when a direct URL reference to the resource itself is not appropriate (e.g. in CDA documents, or in written / printed documentation)."
          },
          {
            "url": "http://www.healthintersections.com.au/fhir/Profile/metadata#type",
            "valueString": "Identifier"
          }
        ],
        "linkId": "Condition.identifier",
        "text": "External Ids for this condition",
        "required": false,
        "repeats": true,
        "question": [
          {
            "linkId": "Condition.identifier.label",
            "text": "label:",
            "type": "string",
            "required": false,
            "repeats": false
          },
          {
            "linkId": "Condition.identifier.system",
            "text": "system:",
            "type": "string",
            "required": false,
            "repeats": false
          },
          {
            "linkId": "Condition.identifier.value",
            "text": "value:",
            "type": "string",
            "required": false,
            "repeats": false
          }
        ]
      },
      {
        "extension": [
          {
            "url": "http://hl7.org/fhir/Profile/questionnaire-extensions#flyover",
            "valueString": "Indicates the patient who the condition record is associated with."
          },
          {
            "url": "http://www.healthintersections.com.au/fhir/Profile/metadata#type",
            "valueString": "Reference"
          }
        ],
        "linkId": "Condition.patient",
        "required": true,
        "repeats": true,
        "question": [
          {
            "extension": [
              {
                "url": "http://www.healthintersections.com.au/fhir/Profile/metadata#reference",
                "valueString": "/Patient?subject=$subj&patient=$subj&encounter=$encounter"
              }
            ],
            "linkId": "Condition.patient.value",
            "text": "Who has the condition?",
            "type": "reference",
            "required": false,
            "repeats": false
          }
        ]
      },
      {
        "extension": [
          {
            "url": "http://hl7.org/fhir/Profile/questionnaire-extensions#flyover",
            "valueString": "Encounter during which the condition was first asserted."
          },
          {
            "url": "http://www.healthintersections.com.au/fhir/Profile/metadata#type",
            "valueString": "Reference"
          }
        ],
        "linkId": "Condition.encounter",
        "required": false,
        "repeats": true,
        "question": [
          {
            "extension": [
              {
                "url": "http://www.healthintersections.com.au/fhir/Profile/metadata#reference",
                "valueString": "/Encounter?subject=$subj&patient=$subj&encounter=$encounter"
              }
            ],
            "linkId": "Condition.encounter.value",
            "text": "Encounter when condition first asserted",
            "type": "reference",
            "required": false,
            "repeats": false
          }
        ]
      },
      {
        "extension": [
          {
            "url": "http://hl7.org/fhir/Profile/questionnaire-extensions#flyover",
            "valueString": "Person who takes responsibility for asserting the existence of the condition as part of the electronic record."
          }
        ],
        "linkId": "Condition.asserter",
        "text": "Person who asserts this condition",
        "required": false,
        "repeats": true,
        "question": [
          {
            "linkId": "Condition.asserter._type",
            "text": "type",
            "type": "choice",
            "required": false,
            "repeats": false,
            "options": {
              "reference": "#vs2"
            },
            "group": [
              {
                "extension": [
                  {
                    "url": "http://www.healthintersections.com.au/fhir/Profile/metadata#type",
                    "valueString": "Reference"
                  }
                ],
                "linkId": "Condition.asserter._Practitioner",
                "question": [
                  {
                    "extension": [
                      {
                        "url": "http://www.healthintersections.com.au/fhir/Profile/metadata#reference",
                        "valueString": "/Practitioner?subject=$subj&patient=$subj&encounter=$encounter"
                      }
                    ],
                    "linkId": "Condition.asserter._Practitioner.value",
                    "text": "Practitioner",
                    "type": "reference",
                    "required": false,
                    "repeats": false
                  }
                ]
              },
              {
                "extension": [
                  {
                    "url": "http://www.healthintersections.com.au/fhir/Profile/metadata#type",
                    "valueString": "Reference"
                  }
                ],
                "linkId": "Condition.asserter._Patient",
                "question": [
                  {
                    "extension": [
                      {
                        "url": "http://www.healthintersections.com.au/fhir/Profile/metadata#reference",
                        "valueString": "/Patient?subject=$subj&patient=$subj&encounter=$encounter"
                      }
                    ],
                    "linkId": "Condition.asserter._Patient.value",
                    "text": "Patient",
                    "type": "reference",
                    "required": false,
                    "repeats": false
                  }
                ]
              }
            ]
          }
        ]
      },
      {
        "extension": [
          {
            "url": "http://hl7.org/fhir/Profile/questionnaire-extensions#flyover",
            "valueString": "Estimated or actual date the condition/problem/diagnosis was first detected/suspected."
          },
          {
            "url": "http://www.healthintersections.com.au/fhir/Profile/metadata#type",
            "valueString": "datetime"
          }
        ],
        "linkId": "Condition.dateAsserted",
        "required": false,
        "repeats": true,
        "question": [
          {
            "linkId": "Condition.dateAsserted.value",
            "text": "When first detected/suspected/entered",
            "type": "dateTime",
            "required": false,
            "repeats": false
          }
        ]
      },
      {
        "extension": [
          {
            "url": "http://hl7.org/fhir/Profile/questionnaire-extensions#flyover",
            "valueString": "Identification of the condition, problem or diagnosis."
          },
          {
            "url": "http://www.healthintersections.com.au/fhir/Profile/metadata#type",
            "valueString": "CodeableConcept"
          }
        ],
        "linkId": "Condition.code",
        "text": "Identification of the condition, problem or diagnosis",
        "required": true,
        "repeats": true,
        "question": [
          {
            "linkId": "Condition.code.coding",
            "text": "code:",
            "type": "open-choice",
            "required": false,
            "repeats": false
          },
          {
            "linkId": "Condition.code.text",
            "text": "text:",
            "type": "string",
            "required": false,
            "repeats": false
          }
        ]
      },
      {
        "extension": [
          {
            "url": "http://hl7.org/fhir/Profile/questionnaire-extensions#flyover",
            "valueString": "A category assigned to the condition. E.g. complaint | symptom | finding | diagnosis."
          },
          {
            "url": "http://www.healthintersections.com.au/fhir/Profile/metadata#type",
            "valueString": "CodeableConcept"
          }
        ],
        "linkId": "Condition.category",
        "text": "E.g. complaint | symptom | finding | diagnosis",
        "required": false,
        "repeats": true,
        "question": [
          {
            "linkId": "Condition.category.coding",
            "text": "code:",
            "type": "open-choice",
            "required": false,
            "repeats": false
          },
          {
            "linkId": "Condition.category.text",
            "text": "text:",
            "type": "string",
            "required": false,
            "repeats": false
          }
        ]
      },
      {
        "extension": [
          {
            "url": "http://hl7.org/fhir/Profile/questionnaire-extensions#flyover",
            "valueString": "The clinical status of the condition."
          },
          {
            "url": "http://www.healthintersections.com.au/fhir/Profile/metadata#type",
            "valueString": "code"
          }
        ],
        "linkId": "Condition.clinicalStatus",
        "required": true,
        "repeats": true,
        "question": [
          {
            "linkId": "Condition.clinicalStatus.value",
            "text": "clinical status",
            "type": "choice",
            "required": false,
            "repeats": false
          }
        ]
      },
      {
        "extension": [
          {
            "url": "http://hl7.org/fhir/Profile/questionnaire-extensions#flyover",
            "valueString": "A subjective assessment of the severity of the condition as evaluated by the clinician."
          },
          {
            "url": "http://www.healthintersections.com.au/fhir/Profile/metadata#type",
            "valueString": "CodeableConcept"
          }
        ],
        "linkId": "Condition.severity",
        "text": "Subjective severity of condition",
        "required": false,
        "repeats": true,
        "question": [
          {
            "linkId": "Condition.severity.coding",
            "text": "code:",
            "type": "open-choice",
            "required": false,
            "repeats": false
          },
          {
            "linkId": "Condition.severity.text",
            "text": "text:",
            "type": "string",
            "required": false,
            "repeats": false
          }
        ]
      },
      {
        "extension": [
          {
            "url": "http://hl7.org/fhir/Profile/questionnaire-extensions#flyover",
            "valueString": "Estimated or actual date or date-time  the condition began, in the opinion of the clinician."
          }
        ],
        "linkId": "Condition.onset[x]",
        "text": "Estimated or actual date,  date-time, or age",
        "required": false,
        "repeats": true,
        "question": [
          {
            "linkId": "Condition.onset[x]._type",
            "text": "type",
            "type": "choice",
            "required": false,
            "repeats": false,
            "options": {
              "reference": "#vs3"
            },
            "group": [
              {
                "extension": [
                  {
                    "url": "http://www.healthintersections.com.au/fhir/Profile/metadata#type",
                    "valueString": "datetime"
                  }
                ],
                "linkId": "Condition.onset[x]._dateTime",
                "question": [
                  {
                    "linkId": "Condition.onset[x]._dateTime.value",
                    "text": "dateTime",
                    "type": "dateTime",
                    "required": false,
                    "repeats": false
                  }
                ]
              },
              {
                "extension": [
                  {
                    "url": "http://www.healthintersections.com.au/fhir/Profile/metadata#type",
                    "valueString": "Age"
                  }
                ],
                "linkId": "Condition.onset[x]._Age",
                "text": "Age",
                "question": [
                  {
                    "linkId": "Condition.onset[x]._Age.comparator",
                    "text": "comp:",
                    "type": "choice",
                    "required": false,
                    "repeats": false
                  },
                  {
                    "linkId": "Condition.onset[x]._Age.value",
                    "text": "value:",
                    "type": "decimal",
                    "required": false,
                    "repeats": false
                  },
                  {
                    "linkId": "Condition.onset[x]._Age.units",
                    "text": "units:",
                    "type": "choice",
                    "required": false,
                    "repeats": false
                  }
                ]
              },
              {
                "extension": [
                  {
                    "url": "http://www.healthintersections.com.au/fhir/Profile/metadata#type",
                    "valueString": "Period"
                  }
                ],
                "linkId": "Condition.onset[x]._Period",
                "text": "Period",
                "question": [
                  {
                    "linkId": "Condition.onset[x]._Period.low",
                    "text": "start:",
                    "type": "dateTime",
                    "required": false,
                    "repeats": false
                  },
                  {
                    "linkId": "Condition.onset[x]._Period.end",
                    "text": "end:",
                    "type": "dateTime",
                    "required": false,
                    "repeats": false
                  }
                ]
              },
              {
                "extension": [
                  {
                    "url": "http://www.healthintersections.com.au/fhir/Profile/metadata#type",
                    "valueString": "Range"
                  }
                ],
                "linkId": "Condition.onset[x]._Range",
                "text": "Range",
                "question": [
                  {
                    "linkId": "Condition.onset[x]._Range.low",
                    "text": "low:",
                    "type": "decimal",
                    "required": false,
                    "repeats": false
                  },
                  {
                    "linkId": "Condition.onset[x]._Range.high",
                    "text": "high:",
                    "type": "decimal",
                    "required": false,
                    "repeats": false
                  },
                  {
                    "linkId": "Condition.onset[x]._Range.units",
                    "text": "units:",
                    "type": "string",
                    "required": false,
                    "repeats": false
                  }
                ]
              },
              {
                "extension": [
                  {
                    "url": "http://www.healthintersections.com.au/fhir/Profile/metadata#type",
                    "valueString": "string"
                  }
                ],
                "linkId": "Condition.onset[x]._string",
                "question": [
                  {
                    "linkId": "Condition.onset[x]._string.value",
                    "text": "string",
                    "type": "string",
                    "required": false,
                    "repeats": false
                  }
                ]
              }
            ]
          }
        ]
      },
      {
        "extension": [
          {
            "url": "http://hl7.org/fhir/Profile/questionnaire-extensions#flyover",
            "valueString": "The date or estimated date that the condition resolved or went into remission. This is called \"abatement\" because of the many overloaded connotations associated with \"remission\" or \"resolution\" - Conditions are never really resolved, but they can abate."
          }
        ],
        "linkId": "Condition.abatement[x]",
        "text": "If/when in resolution/remission",
        "required": false,
        "repeats": true,
        "question": [
          {
            "linkId": "Condition.abatement[x]._type",
            "text": "type",
            "type": "choice",
            "required": false,
            "repeats": false,
            "options": {
              "reference": "#vs4"
            },
            "group": [
              {
                "extension": [
                  {
                    "url": "http://www.healthintersections.com.au/fhir/Profile/metadata#type",
                    "valueString": "datetime"
                  }
                ],
                "linkId": "Condition.abatement[x]._date",
                "question": [
                  {
                    "linkId": "Condition.abatement[x]._date.value",
                    "text": "date",
                    "type": "dateTime",
                    "required": false,
                    "repeats": false
                  }
                ]
              },
              {
                "extension": [
                  {
                    "url": "http://www.healthintersections.com.au/fhir/Profile/metadata#type",
                    "valueString": "Age"
                  }
                ],
                "linkId": "Condition.abatement[x]._Age",
                "text": "Age",
                "question": [
                  {
                    "linkId": "Condition.abatement[x]._Age.comparator",
                    "text": "comp:",
                    "type": "choice",
                    "required": false,
                    "repeats": false
                  },
                  {
                    "linkId": "Condition.abatement[x]._Age.value",
                    "text": "value:",
                    "type": "decimal",
                    "required": false,
                    "repeats": false
                  },
                  {
                    "linkId": "Condition.abatement[x]._Age.units",
                    "text": "units:",
                    "type": "choice",
                    "required": false,
                    "repeats": false
                  }
                ]
              },
              {
                "extension": [
                  {
                    "url": "http://www.healthintersections.com.au/fhir/Profile/metadata#type",
                    "valueString": "boolean"
                  }
                ],
                "linkId": "Condition.abatement[x]._boolean",
                "question": [
                  {
                    "linkId": "Condition.abatement[x]._boolean.value",
                    "text": "boolean",
                    "type": "boolean",
                    "required": false,
                    "repeats": false
                  }
                ]
              },
              {
                "extension": [
                  {
                    "url": "http://www.healthintersections.com.au/fhir/Profile/metadata#type",
                    "valueString": "Period"
                  }
                ],
                "linkId": "Condition.abatement[x]._Period",
                "text": "Period",
                "question": [
                  {
                    "linkId": "Condition.abatement[x]._Period.low",
                    "text": "start:",
                    "type": "dateTime",
                    "required": false,
                    "repeats": false
                  },
                  {
                    "linkId": "Condition.abatement[x]._Period.end",
                    "text": "end:",
                    "type": "dateTime",
                    "required": false,
                    "repeats": false
                  }
                ]
              },
              {
                "extension": [
                  {
                    "url": "http://www.healthintersections.com.au/fhir/Profile/metadata#type",
                    "valueString": "Range"
                  }
                ],
                "linkId": "Condition.abatement[x]._Range",
                "text": "Range",
                "question": [
                  {
                    "linkId": "Condition.abatement[x]._Range.low",
                    "text": "low:",
                    "type": "decimal",
                    "required": false,
                    "repeats": false
                  },
                  {
                    "linkId": "Condition.abatement[x]._Range.high",
                    "text": "high:",
                    "type": "decimal",
                    "required": false,
                    "repeats": false
                  },
                  {
                    "linkId": "Condition.abatement[x]._Range.units",
                    "text": "units:",
                    "type": "string",
                    "required": false,
                    "repeats": false
                  }
                ]
              },
              {
                "extension": [
                  {
                    "url": "http://www.healthintersections.com.au/fhir/Profile/metadata#type",
                    "valueString": "string"
                  }
                ],
                "linkId": "Condition.abatement[x]._string",
                "question": [
                  {
                    "linkId": "Condition.abatement[x]._string.value",
                    "text": "string",
                    "type": "string",
                    "required": false,
                    "repeats": false
                  }
                ]
              }
            ]
          }
        ]
      },
      {
        "extension": [
          {
            "url": "http://hl7.org/fhir/Profile/questionnaire-extensions#flyover",
            "valueString": "Clinical stage or grade of a condition. May include formal severity assessments."
          }
        ],
        "linkId": "Condition.stage",
        "title": "Stage/grade, usually assessed formally",
        "required": false,
        "repeats": false,
        "group": [
          {
            "extension": [
              {
                "url": "http://hl7.org/fhir/Profile/questionnaire-extensions#flyover",
                "valueString": "unique id for the element within a resource (for internal references)."
              },
              {
                "url": "http://www.healthintersections.com.au/fhir/Profile/metadata#type",
                "valueString": "string"
              }
            ],
            "linkId": "Condition.stage.id",
            "required": false,
            "repeats": true,
            "question": [
              {
                "linkId": "Condition.stage.id.value",
                "text": "xml:id (or equivalent in JSON)",
                "type": "string",
                "required": false,
                "repeats": false
              }
            ]
          },
          {
            "extension": [
              {
                "url": "http://hl7.org/fhir/Profile/questionnaire-extensions#flyover",
                "valueString": "May be used to represent additional information that is not part of the basic definition of the element. In order to make the use of extensions safe and manageable, there is a strict set of governance  applied to the definition and use of extensions. Though any implementer is allowed to define an extension, there is a set of requirements that SHALL be met as part of the definition of the extension."
              }
            ],
            "linkId": "Condition.stage.extension",
            "text": "Additional Content defined by implementations",
            "required": false,
            "repeats": true
          },
          {
            "extension": [
              {
                "url": "http://hl7.org/fhir/Profile/questionnaire-extensions#flyover",
                "valueString": "May be used to represent additional information that is not part of the basic definition of the element, and that modifies the understanding of the element that contains it. Usually modifier elements provide negation or qualification. In order to make the use of extensions safe and manageable, there is a strict set of governance applied to the definition and use of extensions. Though any implementer is allowed to define an extension, there is a set of requirements that SHALL be met as part of the definition of the extension. Applications processing a resource are required to check for modifier extensions."
              }
            ],
            "linkId": "Condition.stage.modifierExtension",
            "text": "Extensions that cannot be ignored",
            "required": false,
            "repeats": true
          },
          {
            "extension": [
              {
                "url": "http://hl7.org/fhir/Profile/questionnaire-extensions#flyover",
                "valueString": "A simple summary of the stage such as \"Stage 3\". The determination of the stage is disease-specific."
              },
              {
                "url": "http://www.healthintersections.com.au/fhir/Profile/metadata#type",
                "valueString": "CodeableConcept"
              }
            ],
            "linkId": "Condition.stage.summary",
            "text": "Simple summary (disease specific)",
            "required": false,
            "repeats": true,
            "question": [
              {
                "linkId": "Condition.stage.summary.coding",
                "text": "code:",
                "type": "open-choice",
                "required": false,
                "repeats": false
              },
              {
                "linkId": "Condition.stage.summary.text",
                "text": "text:",
                "type": "string",
                "required": false,
                "repeats": false
              }
            ]
          },
          {
            "extension": [
              {
                "url": "http://hl7.org/fhir/Profile/questionnaire-extensions#flyover",
                "valueString": "Reference to a formal record of the evidence on which the staging assessment is based."
              }
            ],
            "linkId": "Condition.stage.assessment",
            "text": "Formal record of assessment",
            "required": false,
            "repeats": true,
            "question": [
              {
                "linkId": "Condition.stage.assessment._type",
                "text": "type",
                "type": "choice",
                "required": false,
                "repeats": false,
                "options": {
                  "reference": "#vs5"
                },
                "group": [
                  {
                    "extension": [
                      {
                        "url": "http://www.healthintersections.com.au/fhir/Profile/metadata#type",
                        "valueString": "Reference"
                      }
                    ],
                    "linkId": "Condition.stage.assessment._ClinicalImpression",
                    "question": [
                      {
                        "extension": [
                          {
                            "url": "http://www.healthintersections.com.au/fhir/Profile/metadata#reference",
                            "valueString": "/ClinicalImpression?subject=$subj&patient=$subj&encounter=$encounter"
                          }
                        ],
                        "linkId": "Condition.stage.assessment._ClinicalImpression.value",
                        "text": "ClinicalImpression",
                        "type": "reference",
                        "required": false,
                        "repeats": false
                      }
                    ]
                  },
                  {
                    "extension": [
                      {
                        "url": "http://www.healthintersections.com.au/fhir/Profile/metadata#type",
                        "valueString": "Reference"
                      }
                    ],
                    "linkId": "Condition.stage.assessment._DiagnosticReport",
                    "question": [
                      {
                        "extension": [
                          {
                            "url": "http://www.healthintersections.com.au/fhir/Profile/metadata#reference",
                            "valueString": "/DiagnosticReport?subject=$subj&patient=$subj&encounter=$encounter"
                          }
                        ],
                        "linkId": "Condition.stage.assessment._DiagnosticReport.value",
                        "text": "DiagnosticReport",
                        "type": "reference",
                        "required": false,
                        "repeats": false
                      }
                    ]
                  },
                  {
                    "extension": [
                      {
                        "url": "http://www.healthintersections.com.au/fhir/Profile/metadata#type",
                        "valueString": "Reference"
                      }
                    ],
                    "linkId": "Condition.stage.assessment._Observation",
                    "question": [
                      {
                        "extension": [
                          {
                            "url": "http://www.healthintersections.com.au/fhir/Profile/metadata#reference",
                            "valueString": "/Observation?subject=$subj&patient=$subj&encounter=$encounter"
                          }
                        ],
                        "linkId": "Condition.stage.assessment._Observation.value",
                        "text": "Observation",
                        "type": "reference",
                        "required": false,
                        "repeats": false
                      }
                    ]
                  }
                ]
              }
            ]
          }
        ]
      },
      {
        "extension": [
          {
            "url": "http://hl7.org/fhir/Profile/questionnaire-extensions#flyover",
            "valueString": "Supporting Evidence / manifestations that are the basis on which this condition is suspected or confirmed."
          }
        ],
        "linkId": "Condition.evidence",
        "title": "Supporting evidence",
        "required": false,
        "repeats": true,
        "group": [
          {
            "extension": [
              {
                "url": "http://hl7.org/fhir/Profile/questionnaire-extensions#flyover",
                "valueString": "unique id for the element within a resource (for internal references)."
              },
              {
                "url": "http://www.healthintersections.com.au/fhir/Profile/metadata#type",
                "valueString": "string"
              }
            ],
            "linkId": "Condition.evidence.id",
            "required": false,
            "repeats": true,
            "question": [
              {
                "linkId": "Condition.evidence.id.value",
                "text": "xml:id (or equivalent in JSON)",
                "type": "string",
                "required": false,
                "repeats": false
              }
            ]
          },
          {
            "extension": [
              {
                "url": "http://hl7.org/fhir/Profile/questionnaire-extensions#flyover",
                "valueString": "May be used to represent additional information that is not part of the basic definition of the element. In order to make the use of extensions safe and manageable, there is a strict set of governance  applied to the definition and use of extensions. Though any implementer is allowed to define an extension, there is a set of requirements that SHALL be met as part of the definition of the extension."
              }
            ],
            "linkId": "Condition.evidence.extension",
            "text": "Additional Content defined by implementations",
            "required": false,
            "repeats": true
          },
          {
            "extension": [
              {
                "url": "http://hl7.org/fhir/Profile/questionnaire-extensions#flyover",
                "valueString": "May be used to represent additional information that is not part of the basic definition of the element, and that modifies the understanding of the element that contains it. Usually modifier elements provide negation or qualification. In order to make the use of extensions safe and manageable, there is a strict set of governance applied to the definition and use of extensions. Though any implementer is allowed to define an extension, there is a set of requirements that SHALL be met as part of the definition of the extension. Applications processing a resource are required to check for modifier extensions."
              }
            ],
            "linkId": "Condition.evidence.modifierExtension",
            "text": "Extensions that cannot be ignored",
            "required": false,
            "repeats": true
          },
          {
            "extension": [
              {
                "url": "http://hl7.org/fhir/Profile/questionnaire-extensions#flyover",
                "valueString": "A manifestation or symptom that led to the recording of this condition."
              },
              {
                "url": "http://www.healthintersections.com.au/fhir/Profile/metadata#type",
                "valueString": "CodeableConcept"
              }
            ],
            "linkId": "Condition.evidence.code",
            "text": "Manifestation/symptom",
            "required": false,
            "repeats": true,
            "question": [
              {
                "linkId": "Condition.evidence.code.coding",
                "text": "code:",
                "type": "open-choice",
                "required": false,
                "repeats": false
              },
              {
                "linkId": "Condition.evidence.code.text",
                "text": "text:",
                "type": "string",
                "required": false,
                "repeats": false
              }
            ]
          },
          {
            "extension": [
              {
                "url": "http://hl7.org/fhir/Profile/questionnaire-extensions#flyover",
                "valueString": "Links to other relevant information, including pathology reports."
              },
              {
                "url": "http://www.healthintersections.com.au/fhir/Profile/metadata#type",
                "valueString": "Reference"
              }
            ],
            "linkId": "Condition.evidence.detail",
            "required": false,
            "repeats": true,
            "question": [
              {
                "extension": [
                  {
                    "url": "http://www.healthintersections.com.au/fhir/Profile/metadata#reference",
                    "valueString": "/Resource?subject=$subj&patient=$subj&encounter=$encounter"
                  }
                ],
                "linkId": "Condition.evidence.detail.value",
                "text": "Supporting information found elsewhere",
                "type": "reference",
                "required": false,
                "repeats": false
              }
            ]
          }
        ]
      },
      {
        "extension": [
          {
            "url": "http://hl7.org/fhir/Profile/questionnaire-extensions#flyover",
            "valueString": "The anatomical location where this condition manifests itself."
          }
        ],
        "linkId": "Condition.location",
        "title": "Anatomical location, if relevant",
        "required": false,
        "repeats": true,
        "group": [
          {
            "extension": [
              {
                "url": "http://hl7.org/fhir/Profile/questionnaire-extensions#flyover",
                "valueString": "unique id for the element within a resource (for internal references)."
              },
              {
                "url": "http://www.healthintersections.com.au/fhir/Profile/metadata#type",
                "valueString": "string"
              }
            ],
            "linkId": "Condition.location.id",
            "required": false,
            "repeats": true,
            "question": [
              {
                "linkId": "Condition.location.id.value",
                "text": "xml:id (or equivalent in JSON)",
                "type": "string",
                "required": false,
                "repeats": false
              }
            ]
          },
          {
            "extension": [
              {
                "url": "http://hl7.org/fhir/Profile/questionnaire-extensions#flyover",
                "valueString": "May be used to represent additional information that is not part of the basic definition of the element. In order to make the use of extensions safe and manageable, there is a strict set of governance  applied to the definition and use of extensions. Though any implementer is allowed to define an extension, there is a set of requirements that SHALL be met as part of the definition of the extension."
              }
            ],
            "linkId": "Condition.location.extension",
            "text": "Additional Content defined by implementations",
            "required": false,
            "repeats": true
          },
          {
            "extension": [
              {
                "url": "http://hl7.org/fhir/Profile/questionnaire-extensions#flyover",
                "valueString": "May be used to represent additional information that is not part of the basic definition of the element, and that modifies the understanding of the element that contains it. Usually modifier elements provide negation or qualification. In order to make the use of extensions safe and manageable, there is a strict set of governance applied to the definition and use of extensions. Though any implementer is allowed to define an extension, there is a set of requirements that SHALL be met as part of the definition of the extension. Applications processing a resource are required to check for modifier extensions."
              }
            ],
            "linkId": "Condition.location.modifierExtension",
            "text": "Extensions that cannot be ignored",
            "required": false,
            "repeats": true
          },
          {
            "extension": [
              {
                "url": "http://hl7.org/fhir/Profile/questionnaire-extensions#flyover",
                "valueString": "Code that identifies the structural location."
              }
            ],
            "linkId": "Condition.location.site[x]",
            "text": "Location - may include laterality",
            "required": false,
            "repeats": true,
            "question": [
              {
                "linkId": "Condition.location.site[x]._type",
                "text": "type",
                "type": "choice",
                "required": false,
                "repeats": false,
                "options": {
                  "reference": "#vs6"
                },
                "group": [
                  {
                    "extension": [
                      {
                        "url": "http://www.healthintersections.com.au/fhir/Profile/metadata#type",
                        "valueString": "CodeableConcept"
                      }
                    ],
                    "linkId": "Condition.location.site[x]._CodeableConcept",
                    "text": "CodeableConcept",
                    "question": [
                      {
                        "linkId": "Condition.location.site[x]._CodeableConcept.coding",
                        "text": "code:",
                        "type": "open-choice",
                        "required": false,
                        "repeats": false
                      },
                      {
                        "linkId": "Condition.location.site[x]._CodeableConcept.text",
                        "text": "text:",
                        "type": "string",
                        "required": false,
                        "repeats": false
                      }
                    ]
                  },
                  {
                    "extension": [
                      {
                        "url": "http://www.healthintersections.com.au/fhir/Profile/metadata#type",
                        "valueString": "Reference"
                      }
                    ],
                    "linkId": "Condition.location.site[x]._BodySite",
                    "question": [
                      {
                        "extension": [
                          {
                            "url": "http://www.healthintersections.com.au/fhir/Profile/metadata#reference",
                            "valueString": "/BodySite?subject=$subj&patient=$subj&encounter=$encounter"
                          }
                        ],
                        "linkId": "Condition.location.site[x]._BodySite.value",
                        "text": "BodySite",
                        "type": "reference",
                        "required": false,
                        "repeats": false
                      }
                    ]
                  }
                ]
              }
            ]
          }
        ]
      },
      {
        "extension": [
          {
            "url": "http://hl7.org/fhir/Profile/questionnaire-extensions#flyover",
            "valueString": "Further conditions, problems, diagnoses, procedures or events or the substance that caused/triggered this Condition."
          }
        ],
        "linkId": "Condition.dueTo",
        "title": "Causes for this Condition",
        "required": false,
        "repeats": true,
        "group": [
          {
            "extension": [
              {
                "url": "http://hl7.org/fhir/Profile/questionnaire-extensions#flyover",
                "valueString": "unique id for the element within a resource (for internal references)."
              },
              {
                "url": "http://www.healthintersections.com.au/fhir/Profile/metadata#type",
                "valueString": "string"
              }
            ],
            "linkId": "Condition.dueTo.id",
            "required": false,
            "repeats": true,
            "question": [
              {
                "linkId": "Condition.dueTo.id.value",
                "text": "xml:id (or equivalent in JSON)",
                "type": "string",
                "required": false,
                "repeats": false
              }
            ]
          },
          {
            "extension": [
              {
                "url": "http://hl7.org/fhir/Profile/questionnaire-extensions#flyover",
                "valueString": "May be used to represent additional information that is not part of the basic definition of the element. In order to make the use of extensions safe and manageable, there is a strict set of governance  applied to the definition and use of extensions. Though any implementer is allowed to define an extension, there is a set of requirements that SHALL be met as part of the definition of the extension."
              }
            ],
            "linkId": "Condition.dueTo.extension",
            "text": "Additional Content defined by implementations",
            "required": false,
            "repeats": true
          },
          {
            "extension": [
              {
                "url": "http://hl7.org/fhir/Profile/questionnaire-extensions#flyover",
                "valueString": "May be used to represent additional information that is not part of the basic definition of the element, and that modifies the understanding of the element that contains it. Usually modifier elements provide negation or qualification. In order to make the use of extensions safe and manageable, there is a strict set of governance applied to the definition and use of extensions. Though any implementer is allowed to define an extension, there is a set of requirements that SHALL be met as part of the definition of the extension. Applications processing a resource are required to check for modifier extensions."
              }
            ],
            "linkId": "Condition.dueTo.modifierExtension",
            "text": "Extensions that cannot be ignored",
            "required": false,
            "repeats": true
          },
          {
            "extension": [
              {
                "url": "http://hl7.org/fhir/Profile/questionnaire-extensions#flyover",
                "valueString": "Code that identifies the target of this relationship. The code takes the place of a detailed instance target."
              },
              {
                "url": "http://www.healthintersections.com.au/fhir/Profile/metadata#type",
                "valueString": "CodeableConcept"
              }
            ],
            "linkId": "Condition.dueTo.code",
            "text": "Relationship target by means of a predefined code",
            "required": false,
            "repeats": true,
            "question": [
              {
                "linkId": "Condition.dueTo.code.coding",
                "text": "code:",
                "type": "open-choice",
                "required": false,
                "repeats": false
              },
              {
                "linkId": "Condition.dueTo.code.text",
                "text": "text:",
                "type": "string",
                "required": false,
                "repeats": false
              }
            ]
          },
          {
            "extension": [
              {
                "url": "http://hl7.org/fhir/Profile/questionnaire-extensions#flyover",
                "valueString": "Target of the relationship."
              }
            ],
            "linkId": "Condition.dueTo.target",
            "text": "Relationship target resource",
            "required": false,
            "repeats": true,
            "question": [
              {
                "linkId": "Condition.dueTo.target._type",
                "text": "type",
                "type": "choice",
                "required": false,
                "repeats": false,
                "options": {
                  "reference": "#vs7"
                },
                "group": [
                  {
                    "extension": [
                      {
                        "url": "http://www.healthintersections.com.au/fhir/Profile/metadata#type",
                        "valueString": "Reference"
                      }
                    ],
                    "linkId": "Condition.dueTo.target._Condition",
                    "question": [
                      {
                        "extension": [
                          {
                            "url": "http://www.healthintersections.com.au/fhir/Profile/metadata#reference",
                            "valueString": "/Condition?subject=$subj&patient=$subj&encounter=$encounter"
                          }
                        ],
                        "linkId": "Condition.dueTo.target._Condition.value",
                        "text": "Condition",
                        "type": "reference",
                        "required": false,
                        "repeats": false
                      }
                    ]
                  },
                  {
                    "extension": [
                      {
                        "url": "http://www.healthintersections.com.au/fhir/Profile/metadata#type",
                        "valueString": "Reference"
                      }
                    ],
                    "linkId": "Condition.dueTo.target._Procedure",
                    "question": [
                      {
                        "extension": [
                          {
                            "url": "http://www.healthintersections.com.au/fhir/Profile/metadata#reference",
                            "valueString": "/Procedure?subject=$subj&patient=$subj&encounter=$encounter"
                          }
                        ],
                        "linkId": "Condition.dueTo.target._Procedure.value",
                        "text": "Procedure",
                        "type": "reference",
                        "required": false,
                        "repeats": false
                      }
                    ]
                  },
                  {
                    "extension": [
                      {
                        "url": "http://www.healthintersections.com.au/fhir/Profile/metadata#type",
                        "valueString": "Reference"
                      }
                    ],
                    "linkId": "Condition.dueTo.target._MedicationAdministration",
                    "question": [
                      {
                        "extension": [
                          {
                            "url": "http://www.healthintersections.com.au/fhir/Profile/metadata#reference",
                            "valueString": "/MedicationAdministration?subject=$subj&patient=$subj&encounter=$encounter"
                          }
                        ],
                        "linkId": "Condition.dueTo.target._MedicationAdministration.value",
                        "text": "MedicationAdministration",
                        "type": "reference",
                        "required": false,
                        "repeats": false
                      }
                    ]
                  },
                  {
                    "extension": [
                      {
                        "url": "http://www.healthintersections.com.au/fhir/Profile/metadata#type",
                        "valueString": "Reference"
                      }
                    ],
                    "linkId": "Condition.dueTo.target._Immunization",
                    "question": [
                      {
                        "extension": [
                          {
                            "url": "http://www.healthintersections.com.au/fhir/Profile/metadata#reference",
                            "valueString": "/Immunization?subject=$subj&patient=$subj&encounter=$encounter"
                          }
                        ],
                        "linkId": "Condition.dueTo.target._Immunization.value",
                        "text": "Immunization",
                        "type": "reference",
                        "required": false,
                        "repeats": false
                      }
                    ]
                  },
                  {
                    "extension": [
                      {
                        "url": "http://www.healthintersections.com.au/fhir/Profile/metadata#type",
                        "valueString": "Reference"
                      }
                    ],
                    "linkId": "Condition.dueTo.target._MedicationStatement",
                    "question": [
                      {
                        "extension": [
                          {
                            "url": "http://www.healthintersections.com.au/fhir/Profile/metadata#reference",
                            "valueString": "/MedicationStatement?subject=$subj&patient=$subj&encounter=$encounter"
                          }
                        ],
                        "linkId": "Condition.dueTo.target._MedicationStatement.value",
                        "text": "MedicationStatement",
                        "type": "reference",
                        "required": false,
                        "repeats": false
                      }
                    ]
                  }
                ]
              }
            ]
          }
        ]
      },
      {
        "extension": [
          {
            "url": "http://hl7.org/fhir/Profile/questionnaire-extensions#flyover",
            "valueString": "Further conditions, problems, diagnoses, procedures or events or the substance that preceded this Condition."
          }
        ],
        "linkId": "Condition.occurredFollowing",
        "title": "Precedent for this Condition",
        "required": false,
        "repeats": true,
        "group": [
          {
            "extension": [
              {
                "url": "http://hl7.org/fhir/Profile/questionnaire-extensions#flyover",
                "valueString": "unique id for the element within a resource (for internal references)."
              },
              {
                "url": "http://www.healthintersections.com.au/fhir/Profile/metadata#type",
                "valueString": "string"
              }
            ],
            "linkId": "Condition.occurredFollowing.id",
            "required": false,
            "repeats": true,
            "question": [
              {
                "linkId": "Condition.occurredFollowing.id.value",
                "text": "xml:id (or equivalent in JSON)",
                "type": "string",
                "required": false,
                "repeats": false
              }
            ]
          },
          {
            "extension": [
              {
                "url": "http://hl7.org/fhir/Profile/questionnaire-extensions#flyover",
                "valueString": "May be used to represent additional information that is not part of the basic definition of the element. In order to make the use of extensions safe and manageable, there is a strict set of governance  applied to the definition and use of extensions. Though any implementer is allowed to define an extension, there is a set of requirements that SHALL be met as part of the definition of the extension."
              }
            ],
            "linkId": "Condition.occurredFollowing.extension",
            "text": "Additional Content defined by implementations",
            "required": false,
            "repeats": true
          },
          {
            "extension": [
              {
                "url": "http://hl7.org/fhir/Profile/questionnaire-extensions#flyover",
                "valueString": "May be used to represent additional information that is not part of the basic definition of the element, and that modifies the understanding of the element that contains it. Usually modifier elements provide negation or qualification. In order to make the use of extensions safe and manageable, there is a strict set of governance applied to the definition and use of extensions. Though any implementer is allowed to define an extension, there is a set of requirements that SHALL be met as part of the definition of the extension. Applications processing a resource are required to check for modifier extensions."
              }
            ],
            "linkId": "Condition.occurredFollowing.modifierExtension",
            "text": "Extensions that cannot be ignored",
            "required": false,
            "repeats": true
          },
          {
            "extension": [
              {
                "url": "http://hl7.org/fhir/Profile/questionnaire-extensions#flyover",
                "valueString": "Code that identifies the target of this relationship. The code takes the place of a detailed instance target."
              },
              {
                "url": "http://www.healthintersections.com.au/fhir/Profile/metadata#type",
                "valueString": "CodeableConcept"
              }
            ],
            "linkId": "Condition.occurredFollowing.code",
            "text": "Relationship target by means of a predefined code",
            "required": false,
            "repeats": true,
            "question": [
              {
                "linkId": "Condition.occurredFollowing.code.coding",
                "text": "code:",
                "type": "open-choice",
                "required": false,
                "repeats": false
              },
              {
                "linkId": "Condition.occurredFollowing.code.text",
                "text": "text:",
                "type": "string",
                "required": false,
                "repeats": false
              }
            ]
          },
          {
            "extension": [
              {
                "url": "http://hl7.org/fhir/Profile/questionnaire-extensions#flyover",
                "valueString": "Target of the relationship."
              }
            ],
            "linkId": "Condition.occurredFollowing.target",
            "text": "Relationship target resource",
            "required": false,
            "repeats": true,
            "question": [
              {
                "linkId": "Condition.occurredFollowing.target._type",
                "text": "type",
                "type": "choice",
                "required": false,
                "repeats": false,
                "options": {
                  "reference": "#vs8"
                },
                "group": [
                  {
                    "extension": [
                      {
                        "url": "http://www.healthintersections.com.au/fhir/Profile/metadata#type",
                        "valueString": "Reference"
                      }
                    ],
                    "linkId": "Condition.occurredFollowing.target._Condition",
                    "question": [
                      {
                        "extension": [
                          {
                            "url": "http://www.healthintersections.com.au/fhir/Profile/metadata#reference",
                            "valueString": "/Condition?subject=$subj&patient=$subj&encounter=$encounter"
                          }
                        ],
                        "linkId": "Condition.occurredFollowing.target._Condition.value",
                        "text": "Condition",
                        "type": "reference",
                        "required": false,
                        "repeats": false
                      }
                    ]
                  },
                  {
                    "extension": [
                      {
                        "url": "http://www.healthintersections.com.au/fhir/Profile/metadata#type",
                        "valueString": "Reference"
                      }
                    ],
                    "linkId": "Condition.occurredFollowing.target._Procedure",
                    "question": [
                      {
                        "extension": [
                          {
                            "url": "http://www.healthintersections.com.au/fhir/Profile/metadata#reference",
                            "valueString": "/Procedure?subject=$subj&patient=$subj&encounter=$encounter"
                          }
                        ],
                        "linkId": "Condition.occurredFollowing.target._Procedure.value",
                        "text": "Procedure",
                        "type": "reference",
                        "required": false,
                        "repeats": false
                      }
                    ]
                  },
                  {
                    "extension": [
                      {
                        "url": "http://www.healthintersections.com.au/fhir/Profile/metadata#type",
                        "valueString": "Reference"
                      }
                    ],
                    "linkId": "Condition.occurredFollowing.target._MedicationAdministration",
                    "question": [
                      {
                        "extension": [
                          {
                            "url": "http://www.healthintersections.com.au/fhir/Profile/metadata#reference",
                            "valueString": "/MedicationAdministration?subject=$subj&patient=$subj&encounter=$encounter"
                          }
                        ],
                        "linkId": "Condition.occurredFollowing.target._MedicationAdministration.value",
                        "text": "MedicationAdministration",
                        "type": "reference",
                        "required": false,
                        "repeats": false
                      }
                    ]
                  },
                  {
                    "extension": [
                      {
                        "url": "http://www.healthintersections.com.au/fhir/Profile/metadata#type",
                        "valueString": "Reference"
                      }
                    ],
                    "linkId": "Condition.occurredFollowing.target._Immunization",
                    "question": [
                      {
                        "extension": [
                          {
                            "url": "http://www.healthintersections.com.au/fhir/Profile/metadata#reference",
                            "valueString": "/Immunization?subject=$subj&patient=$subj&encounter=$encounter"
                          }
                        ],
                        "linkId": "Condition.occurredFollowing.target._Immunization.value",
                        "text": "Immunization",
                        "type": "reference",
                        "required": false,
                        "repeats": false
                      }
                    ]
                  },
                  {
                    "extension": [
                      {
                        "url": "http://www.healthintersections.com.au/fhir/Profile/metadata#type",
                        "valueString": "Reference"
                      }
                    ],
                    "linkId": "Condition.occurredFollowing.target._MedicationStatement",
                    "question": [
                      {
                        "extension": [
                          {
                            "url": "http://www.healthintersections.com.au/fhir/Profile/metadata#reference",
                            "valueString": "/MedicationStatement?subject=$subj&patient=$subj&encounter=$encounter"
                          }
                        ],
                        "linkId": "Condition.occurredFollowing.target._MedicationStatement.value",
                        "text": "MedicationStatement",
                        "type": "reference",
                        "required": false,
                        "repeats": false
                      }
                    ]
                  }
                ]
              }
            ]
          }
        ]
      },
      {
        "extension": [
          {
            "url": "http://hl7.org/fhir/Profile/questionnaire-extensions#flyover",
            "valueString": "Additional information about the Condition. This is a general notes/comments entry  for description of the Condition, its diagnosis and prognosis."
          },
          {
            "url": "http://www.healthintersections.com.au/fhir/Profile/metadata#type",
            "valueString": "string"
          }
        ],
        "linkId": "Condition.notes",
        "required": false,
        "repeats": true,
        "question": [
          {
            "linkId": "Condition.notes.value",
            "text": "Additional information about the Condition",
            "type": "string",
            "required": false,
            "repeats": false
          }
        ]
      }
    ]
  }
}