{
  "resourceType": "Condition",
  "id": "f003",
  "text": {
    "status": "generated",
    "div": "<div><p><b>Generated Narrative with Details</b></p><p><b>id</b>: f003</p><p><b>patient</b>: <a>P. van de Heuvel</a></p><p><b>encounter</b>: <a>Encounter/f003</a></p><p><b>asserter</b>: <a>P. van de Heuvel</a></p><p><b>dateAsserted</b>: Feb 20, 2012</p><p><b>code</b>: Retropharyngeal abscess <span>(Details : {SNOMED CT code '18099001' = 'Retropharyngeal abscess', given as 'Retropharyngeal abscess'})</span></p><p><b>category</b>: diagnosis <span>(Details : {SNOMED CT code '439401001' = 'Diagnosis', given as 'diagnosis'})</span></p><p><b>clinicalStatus</b>: confirmed</p><p><b>severity</b>: Mild to moderate <span>(Details : {SNOMED CT code '371923003' = 'Mild to moderate', given as 'Mild to moderate'})</span></p><p><b>onset</b>: Feb 27, 2012</p><h3>Evidences</h3><table><tr><td>-</td><td><b>Code</b></td></tr><tr><td>*</td><td>CT of neck <span>(Details : {SNOMED CT code '169068008' = 'CT of neck', given as 'CT of neck'})</span></td></tr></table><h3>Locations</h3><table><tr><td>-</td><td><b>Site[x]</b></td></tr><tr><td>*</td><td>Entire retropharyngeal area <span>(Details : {SNOMED CT code '280193007' = 'Retropharyngeal space', given as 'Entire retropharyngeal area'})</span></td></tr></table></div>"
  },
  "patient": {
    "reference": "Patient/f001",
    "display": "P. van de Heuvel"
  },
  "encounter": {
    "reference": "Encounter/f003"
  },
  "asserter": {
    "reference": "Patient/f001",
    "display": "P. van de Heuvel"
  },
  "dateAsserted": "2012-02-20",
  "code": {
    "coding": [
      {
        "system": "http://snomed.info/sct",
        "code": "18099001",
        "display": "Retropharyngeal abscess"
      }
    ]
  },
  "category": {
    "coding": [
      {
        "system": "http://snomed.info/sct",
        "code": "439401001",
        "display": "diagnosis"
      }
    ]
  },
  "clinicalStatus": "confirmed",
  "severity": {
    "coding": [
      {
        "system": "http://snomed.info/sct",
        "code": "371923003",
        "display": "Mild to moderate"
      }
    ]
  },
  "onsetDateTime": "2012-02-27",
  "evidence": [
    {
      "code": {
        "coding": [
          {
            "system": "http://snomed.info/sct",
            "code": "169068008",
            "display": "CT of neck"
          }
        ]
      }
    }
  ],
  "location": [
    {
      "siteCodeableConcept": {
        "coding": [
          {
            "system": "http://snomed.info/sct",
            "code": "280193007",
            "display": "Entire retropharyngeal area"
          }
        ]
      }
    }
  ]
}