{
  "resourceType": "Condition",
  "id": "f202",
  "text": {
    "status": "generated",
    "div": "<div><p><b>Generated Narrative with Details</b></p><p><b>id</b>: f202</p><p><b>patient</b>: <a>Roel</a></p><p><b>dateAsserted</b>: Dec 1, 2012</p><p><b>code</b>: Malignant neoplastic disease <span>(Details : {SNOMED CT code '363346000' = 'Cancer', given as 'Malignant neoplastic disease'})</span></p><p><b>category</b>: Diagnosis <span>(Details : {http://hl7.org/fhir/condition-category code 'diagnosis' = 'Diagnosis)</span></p><p><b>clinicalStatus</b>: confirmed</p><p><b>severity</b>: Severe <span>(Details : {SNOMED CT code '24484000' = 'Severe', given as 'Severe'})</span></p><p><b>onset</b>: 52 years<span> (Details: SNOMED CT code 258707000 = 'year (qualifier value)')</span></p><h3>Evidences</h3><table><tr><td>-</td><td><b>Detail</b></td></tr><tr><td>*</td><td><a>Erasmus' diagnostic report of Roel's tumor</a></td></tr></table><h3>Locations</h3><table><tr><td>-</td><td><b>Site[x]</b></td></tr><tr><td>*</td><td>Entire head and neck <span>(Details : {SNOMED CT code '361355005' = 'Head and neck', given as 'Entire head and neck'})</span></td></tr></table></div>"
  },
  "patient": {
    "reference": "Patient/f201",
    "display": "Roel"
  },
  "dateAsserted": "2012-12-01",
  "code": {
    "coding": [
      {
        "system": "http://snomed.info/sct",
        "code": "363346000",
        "display": "Malignant neoplastic disease"
      }
    ]
  },
  "category": {
    "coding": [
      {
        "system": "http://hl7.org/fhir/condition-category",
        "code": "diagnosis"
      }
    ]
  },
  "clinicalStatus": "confirmed",
  "severity": {
    "coding": [
      {
        "system": "http://snomed.info/sct",
        "code": "24484000",
        "display": "Severe"
      }
    ]
  },
  "onsetAge": {
    "value": 52,
    "units": "years",
    "system": "http://snomed.info/sct",
    "code": "258707000"
  },
  "evidence": [
    {
      "detail": [
        {
          "reference": "DiagnosticReport/f201",
          "display": "Erasmus' diagnostic report of Roel's tumor"
        }
      ]
    }
  ],
  "location": [
    {
      "siteCodeableConcept": {
        "coding": [
          {
            "system": "http://snomed.info/sct",
            "code": "361355005",
            "display": "Entire head and neck"
          }
        ]
      }
    }
  ]
}