{"acceptUnknown":false,"contact":[{"telecom":[{"system":"other","value":"http://wiki.siframework.org/Structured+Data+Capture+Initiative"}]}],"date":"2014-07-06","description":"This profile defines the expected capabilities of the ''SDC Form Filler'' role when conforming to the S&I Framework's [[sdc|Structured Data Capture FHIR implementation guide]].  This role is responsible for retrieving pre-defined forms, requesting pre-population of forms and/or auto-populating forms, guiding the user through verifying populated data and submitting completed or partially-completed forms.","fhirVersion":"0.2","format":["xml","json"],"id":"conformance-sdc-form-filler","name":"SDC Form Filler","publisher":"U.S. Office of the National Coordinator (ONC)","resourceType":"Conformance","rest":[{"documentation":"The [[Questionnaire]] and [[ValueSet]] resources are retrieved to allow the system to guide the user through the entry process.  The [[Binary]] and [[DocumentReference]] resources allow the system to find existing clinical documents that can be within the pre-population process.  (Support for retrieval operations on these resources is optional as the relevant CDA or FHIR structures may also be directly generated by the ''Form Filler'' itself.)  Finally, the [[QuestionnaireAnswer]] resource is used to record the populated form.","mode":"client","operation":[{"definition":{"display":"Populate Questionnaire","reference":"http://hl7.org/fhir/OperationDefinition#questionnaire-populate"},"extension":[{"url":"http://hl7.org/fhir/StructureDefinition/conformance-common-expectation","valueCode":"MAY"}],"name":"populate"}],"resource":[{"interaction":[{"code":"search-type","documentation":"Allows discovery of existing questionnaires to be completed","extension":[{"url":"http://hl7.org/fhir/StructureDefinition/conformance-common-expectation","valueCode":"SHALL"}]},{"code":"read","documentation":"Allows retrieval of a specific questionnaire by id.  Allows systems to maintain a 'favorites' list of forms and retrieve them by id.","extension":[{"url":"http://hl7.org/fhir/StructureDefinition/conformance-common-expectation","valueCode":"SHOULD"}]},{"code":"history-instance","documentation":"Allows review of changes made to a questionnaire over time.  Of interest to some systems, but probably not most.","extension":[{"url":"http://hl7.org/fhir/StructureDefinition/conformance-common-expectation","valueCode":"MAY"}]},{"code":"vread","documentation":"Allows retrieval of a historical version of a questionnaire.  Most systems will make use of the current version only.","extension":[{"url":"http://hl7.org/fhir/StructureDefinition/conformance-common-expectation","valueCode":"MAY"}]}],"profile":{"reference":"StructureDefinition/questionnaire-sdc.xml-StructuredDataCaptureForm"},"type":"Questionnaire"},{"interaction":[{"code":"read","documentation":"Allows retrieval of a specific value set by id (as referenced in a Questionnaire)","extension":[{"url":"http://hl7.org/fhir/StructureDefinition/conformance-common-expectation","valueCode":"SHALL"}]},{"code":"vread","documentation":"Allows retrieval of a specific version of a value set (as referenced in a Questionnaire)","extension":[{"url":"http://hl7.org/fhir/StructureDefinition/conformance-common-expectation","valueCode":"SHOULD"}]},{"code":"history-instance","documentation":"Allows review of changes to a value set over time.  Of interest to some systems, but probably not most.","extension":[{"url":"http://hl7.org/fhir/StructureDefinition/conformance-common-expectation","valueCode":"MAY"}]}],"profile":{"reference":"http://hl7.org/fhir/StructureDefinition/valueset-sdc"},"type":"ValueSet"},{"interaction":[{"code":"search-type","documentation":"Allows a user to search for existing completed or partially-completed forms.  Generally used to find partially-completed forms for update.","extension":[{"url":"http://hl7.org/fhir/StructureDefinition/conformance-common-expectation","valueCode":"SHALL"}]},{"code":"create","documentation":"Allows recording a completed or partially-completed form","extension":[{"url":"http://hl7.org/fhir/StructureDefinition/conformance-common-expectation","valueCode":"SHALL"}]},{"code":"update","documentation":"Allows updating an existing completed or partially-completed form.  (Systems may place rules on who can update forms and under what circumstances.)","extension":[{"url":"http://hl7.org/fhir/StructureDefinition/conformance-common-expectation","valueCode":"SHALL"}]},{"code":"delete","documentation":"Allows removal of a completed form from a repository.  Note that the removal may be logical rather than physical.  Some systems may have rules for who can remove a completed form and under what circumstances.","extension":[{"url":"http://hl7.org/fhir/StructureDefinition/conformance-common-expectation","valueCode":"SHALL"}]},{"code":"history-instance","documentation":"Allows review of prior versions of an answer set - allows reversion to previously recorded versions","extension":[{"url":"http://hl7.org/fhir/StructureDefinition/conformance-common-expectation","valueCode":"SHOULD"}]},{"code":"validate","documentation":"Allows checking an answer set for validity against submission rules without persisting any data","extension":[{"url":"http://hl7.org/fhir/StructureDefinition/conformance-common-expectation","valueCode":"SHOULD"}]}],"profile":{"reference":"http://hl7.org/fhir/StructureDefinition/dataelement-sdc"},"type":"QuestionnaireAnswers"},{"interaction":[{"code":"search-type","documentation":"Allows discovery of existing documents that may be included in a form pre-population request","extension":[{"url":"http://hl7.org/fhir/StructureDefinition/conformance-common-expectation","valueCode":"SHOULD"}]}],"profile":{"reference":"http://hl7.org/fhir/StructureDefinition/documentreference-sdc"},"type":"DocumentReference"},{"interaction":[{"code":"read","documentation":"Allows retrieval of a specific binary (as pointed to by a DocumentReference)","extension":[{"url":"http://hl7.org/fhir/StructureDefinition/conformance-common-expectation","valueCode":"SHOULD"}]},{"code":"vread","documentation":"Allows retrieval of a historical version of a binary.  In general, the most recent version would be appropriate, but some may prefer to use the specific version referenced by a DocumentReference.","extension":[{"url":"http://hl7.org/fhir/StructureDefinition/conformance-common-expectation","valueCode":"MAY"}]}],"profile":{"reference":"http://hl7.org/fhir/StructureDefinition/binary-sdc"},"type":"Binary"}],"security":{"description":"Implementations must meet the general security requirements documented in the [[sdc-security|SDC implementation guide]]."}}],"status":"draft","text":{"div":"<div>\n         <h2>SDC Form Filler</h2>\n         <p>(Requirements Definition)</p>\n         <p>Published: 2014-07-06 (draft)</p>\n         <p>Published by: <b/>\n         </p>\n         <p>This profile defines the expected capabilities of the <i>SDC Form Filler</i> role when conforming to the S&amp;I Framework's <a href=\"sdc.html\">Structured Data Capture FHIR implementation guide</a>.  This role is responsible for retrieving pre-defined forms, requesting pre-population of forms and/or auto-populating forms, guiding the user through verifying populated data and submitting completed or partially-completed forms.</p>\n         <h2>General</h2>\n         <table>\n            <tbody>\n               <tr>\n                  <th>FHIR Version:</th>\n                  <td>0.2</td>\n               </tr>\n               <tr>\n                  <th>Supported formats:</th>\n                  <td>xml, json</td>\n               </tr>\n            </tbody>\n         </table>\n         <h2>REST  behavior</h2>\n         <p>The <a href=\"questionnaire.html\">Questionnaire</a> and <a href=\"valueset.html\">ValueSet</a> resources are retrieved to allow the system to guide the user through the entry process.  The <a href=\"binary.html\">Binary</a> and <a href=\"documentreference.html\">DocumentReference</a> resources allow the system to find existing clinical documents that can be within the pre-population process.  (Support for retrieval operations on these resources is optional as the relevant CDA or FHIR structures may also be directly generated by the <i>Form Filler</i> itself.)  Finally, the <a href=\"questionnaireanswer.html\">QuestionnaireAnswer</a> resource is used to record the populated form.</p>\n         <p>\n            <b>Security:</b>\n         </p>\n         <p>Implementations must meet the general security requirements documented in the <a href=\"sdc-security.html\">SDC implementation guide</a>.</p>\n         <h3>Summary</h3>\n         <table class=\"grid\">\n            <thead>\n               <tr>\n                  <th>Resource</th>\n                  <th>Search</th>\n                  <th>Read</th>\n                  <th>Read Version</th>\n                  <th>Instance History</th>\n                  <th>Resource History</th>\n                  <th>Validate</th>\n                  <th>Create</th>\n                  <th>Update</th>\n                  <th>Delete</th>\n               </tr>\n            </thead>\n            <tbody>\n               <tr>\n                  <th>Questionnaire</th>\n                  <td>\n                     <a href=\"#Questionnaire-search-type\" title=\"Allows discovery of existing questionnaires to be completed\">SHALL</a>\n                  </td>\n                  <td>\n                     <a href=\"#Questionnaire-read\" title=\"Allows retrieval of a specific questionnaire by id.  Allows systems to maintain a 'favorites' list of forms and retrieve them by id.\">SHOULD</a>\n                  </td>\n                  <td>\n                     <a href=\"#Questionnaire-vread\" title=\"Allows retrieval of a historical version of a questionnaire.  Most systems will make use of the current version only.\">MAY</a>\n                  </td>\n                  <td>\n                     <a href=\"#Questionnaire-history-instance\" title=\"Allows review of changes made to a questionnaire over time.  Of interest to some systems, but probably not most.\">MAY</a>\n                  </td>\n                  <td/>\n                  <td/>\n                  <td/>\n                  <td/>\n                  <td/>\n               </tr>\n               <tr>\n                  <th>ValueSet</th>\n                  <td/>\n                  <td>\n                     <a href=\"#ValueSet-read\" title=\"Allows retrieval of a specific value set by id (as referenced in a Questionnaire)\">SHALL</a>\n                  </td>\n                  <td>\n                     <a href=\"#ValueSet-vread\" title=\"Allows retrieval of a specific version of a value set (as referenced in a Questionnaire)\">SHOULD</a>\n                  </td>\n                  <td>\n                     <a href=\"#ValueSet-history-instance\" title=\"Allows review of changes to a value set over time.  Of interest to some systems, but probably not most.\">MAY</a>\n                  </td>\n                  <td/>\n                  <td/>\n                  <td/>\n                  <td/>\n                  <td/>\n               </tr>\n               <tr>\n                  <th>QuestionnaireAnswers</th>\n                  <td>\n                     <a href=\"#QuestionnaireAnswers-search-type\" title=\"Allows a user to search for existing completed or partially-completed forms.  Generally used to find partially-completed forms for update.\">SHALL</a>\n                  </td>\n                  <td/>\n                  <td/>\n                  <td>\n                     <a href=\"#QuestionnaireAnswers-history-instance\" title=\"Allows review of prior versions of an answer set - allows reversion to previously recorded versions\">SHOULD</a>\n                  </td>\n                  <td/>\n                  <td>\n                     <a href=\"#QuestionnaireAnswers-validate\" title=\"Allows checking an answer set for validity against submission rules without persisting any data\">SHOULD</a>\n                  </td>\n                  <td>\n                     <a href=\"#QuestionnaireAnswers-create\" title=\"Allows recording a completed or partially-completed form\">SHALL</a>\n                  </td>\n                  <td>\n                     <a href=\"#QuestionnaireAnswers-update\" title=\"Allows updating an existing completed or partially-completed form.  (Systems may place rules on who can update forms and under what circumstances.)\">SHALL</a>\n                  </td>\n                  <td>\n                     <a href=\"#QuestionnaireAnswers-delete\" title=\"Allows removal of a completed form from a repository.  Note that the removal may be logical rather than physical.  Some systems may have rules for who can remove a completed form and under what circumstances.\">SHALL</a>\n                  </td>\n               </tr>\n               <tr>\n                  <th>DocumentReference</th>\n                  <td>\n                     <a href=\"#DocumentReference-search-type\" title=\"Allows discovery of existing documents that may be included in a form pre-population request\">SHOULD</a>\n                  </td>\n                  <td/>\n                  <td/>\n                  <td/>\n                  <td/>\n                  <td/>\n                  <td/>\n                  <td/>\n                  <td/>\n               </tr>\n               <tr>\n                  <th>Binary</th>\n                  <td/>\n                  <td>\n                     <a href=\"#Binary-read\" title=\"Allows retrieval of a specific binary (as pointed to by a DocumentReference)\">SHOULD</a>\n                  </td>\n                  <td>\n                     <a href=\"#Binary-vread\" title=\"Allows retrieval of a historical version of a binary.  In general, the most recent version would be appropriate, but some may prefer to use the specific version referenced by a DocumentReference.\">MAY</a>\n                  </td>\n                  <td/>\n                  <td/>\n                  <td/>\n                  <td/>\n                  <td/>\n                  <td/>\n               </tr>\n            </tbody>\n         </table>\n         <p>\n            <b>Operations:</b>\n            <a href=\"http://hl7.org/fhir/OperationDefinition#questionnaire-populate\" title=\"Populate Questionnaire\">populate</a>MAY</p>\n         <br/>\n         <br/>\n         <h3>\n            <a href=\"questionnaire.html\">Questionnaire</a>\n         </h3>\n         <h4>Interactions</h4>\n         <table class=\"list\">\n            <thead>\n               <tr>\n                  <th>Name</th>\n                  <th>Conformance</th>\n                  <th>Description</th>\n               </tr>\n            </thead>\n            <tbody>\n               <tr>\n                  <th>\n                     <a name=\"Questionnaire-search-type\">&nbsp;</a>\n                     <span>search-type</span>\n                  </th>\n                  <td>SHALL</td>\n                  <td>\n                     <p>Allows discovery of existing questionnaires to be completed</p>\n                  </td>\n               </tr>\n               <tr>\n                  <th>\n                     <a name=\"Questionnaire-read\">&nbsp;</a>\n                     <span>read</span>\n                  </th>\n                  <td>SHOULD</td>\n                  <td>\n                     <p>Allows retrieval of a specific questionnaire by id.  Allows systems to maintain a 'favorites' list of forms and retrieve them by id.</p>\n                  </td>\n               </tr>\n               <tr>\n                  <th>\n                     <a name=\"Questionnaire-history-instance\">&nbsp;</a>\n                     <span>history-instance</span>\n                  </th>\n                  <td>MAY</td>\n                  <td>\n                     <p>Allows review of changes made to a questionnaire over time.  Of interest to some systems, but probably not most.</p>\n                  </td>\n               </tr>\n               <tr>\n                  <th>\n                     <a name=\"Questionnaire-vread\">&nbsp;</a>\n                     <span>vread</span>\n                  </th>\n                  <td>MAY</td>\n                  <td>\n                     <p>Allows retrieval of a historical version of a questionnaire.  Most systems will make use of the current version only.</p>\n                  </td>\n               </tr>\n            </tbody>\n         </table>\n         <br/>\n         <br/>\n         <h3>\n            <a href=\"valueset.html\">ValueSet</a>\n         </h3>\n         <h4>Interactions</h4>\n         <table class=\"list\">\n            <thead>\n               <tr>\n                  <th>Name</th>\n                  <th>Conformance</th>\n                  <th>Description</th>\n               </tr>\n            </thead>\n            <tbody>\n               <tr>\n                  <th>\n                     <a name=\"ValueSet-read\">&nbsp;</a>\n                     <span>read</span>\n                  </th>\n                  <td>SHALL</td>\n                  <td>\n                     <p>Allows retrieval of a specific value set by id (as referenced in a Questionnaire)</p>\n                  </td>\n               </tr>\n               <tr>\n                  <th>\n                     <a name=\"ValueSet-vread\">&nbsp;</a>\n                     <span>vread</span>\n                  </th>\n                  <td>SHOULD</td>\n                  <td>\n                     <p>Allows retrieval of a specific version of a value set (as referenced in a Questionnaire)</p>\n                  </td>\n               </tr>\n               <tr>\n                  <th>\n                     <a name=\"ValueSet-history-instance\">&nbsp;</a>\n                     <span>history-instance</span>\n                  </th>\n                  <td>MAY</td>\n                  <td>\n                     <p>Allows review of changes to a value set over time.  Of interest to some systems, but probably not most.</p>\n                  </td>\n               </tr>\n            </tbody>\n         </table>\n         <br/>\n         <br/>\n         <h3>\n            <a href=\"questionnaireanswers.html\">QuestionnaireAnswers</a>\n         </h3>\n         <h4>Interactions</h4>\n         <table class=\"list\">\n            <thead>\n               <tr>\n                  <th>Name</th>\n                  <th>Conformance</th>\n                  <th>Description</th>\n               </tr>\n            </thead>\n            <tbody>\n               <tr>\n                  <th>\n                     <a name=\"QuestionnaireAnswers-search-type\">&nbsp;</a>\n                     <span>search-type</span>\n                  </th>\n                  <td>SHALL</td>\n                  <td>\n                     <p>Allows a user to search for existing completed or partially-completed forms.  Generally used to find partially-completed forms for update.</p>\n                  </td>\n               </tr>\n               <tr>\n                  <th>\n                     <a name=\"QuestionnaireAnswers-create\">&nbsp;</a>\n                     <span>create</span>\n                  </th>\n                  <td>SHALL</td>\n                  <td>\n                     <p>Allows recording a completed or partially-completed form</p>\n                  </td>\n               </tr>\n               <tr>\n                  <th>\n                     <a name=\"QuestionnaireAnswers-update\">&nbsp;</a>\n                     <span>update</span>\n                  </th>\n                  <td>SHALL</td>\n                  <td>\n                     <p>Allows updating an existing completed or partially-completed form.  (Systems may place rules on who can update forms and under what circumstances.)</p>\n                  </td>\n               </tr>\n               <tr>\n                  <th>\n                     <a name=\"QuestionnaireAnswers-delete\">&nbsp;</a>\n                     <span>delete</span>\n                  </th>\n                  <td>SHALL</td>\n                  <td>\n                     <p>Allows removal of a completed form from a repository.  Note that the removal may be logical rather than physical.  Some systems may have rules for who can remove a completed form and under what circumstances.</p>\n                  </td>\n               </tr>\n               <tr>\n                  <th>\n                     <a name=\"QuestionnaireAnswers-history-instance\">&nbsp;</a>\n                     <span>history-instance</span>\n                  </th>\n                  <td>SHOULD</td>\n                  <td>\n                     <p>Allows review of prior versions of an answer set - allows reversion to previously recorded versions</p>\n                  </td>\n               </tr>\n               <tr>\n                  <th>\n                     <a name=\"QuestionnaireAnswers-validate\">&nbsp;</a>\n                     <span>validate</span>\n                  </th>\n                  <td>SHOULD</td>\n                  <td>\n                     <p>Allows checking an answer set for validity against submission rules without persisting any data</p>\n                  </td>\n               </tr>\n            </tbody>\n         </table>\n         <br/>\n         <br/>\n         <h3>\n            <a href=\"documentreference.html\">DocumentReference</a>\n         </h3>\n         <h4>Interactions</h4>\n         <table class=\"list\">\n            <thead>\n               <tr>\n                  <th>Name</th>\n                  <th>Conformance</th>\n                  <th>Description</th>\n               </tr>\n            </thead>\n            <tbody>\n               <tr>\n                  <th>\n                     <a name=\"DocumentReference-search-type\">&nbsp;</a>\n                     <span>search-type</span>\n                  </th>\n                  <td>SHOULD</td>\n                  <td>\n                     <p>Allows discovery of existing documents that may be included in a form pre-population request</p>\n                  </td>\n               </tr>\n            </tbody>\n         </table>\n         <br/>\n         <br/>\n         <h3>\n            <a href=\"binary.html\">Binary</a>\n         </h3>\n         <h4>Interactions</h4>\n         <table class=\"list\">\n            <thead>\n               <tr>\n                  <th>Name</th>\n                  <th>Conformance</th>\n                  <th>Description</th>\n               </tr>\n            </thead>\n            <tbody>\n               <tr>\n                  <th>\n                     <a name=\"Binary-read\">&nbsp;</a>\n                     <span>read</span>\n                  </th>\n                  <td>SHOULD</td>\n                  <td>\n                     <p>Allows retrieval of a specific binary (as pointed to by a DocumentReference)</p>\n                  </td>\n               </tr>\n               <tr>\n                  <th>\n                     <a name=\"Binary-vread\">&nbsp;</a>\n                     <span>vread</span>\n                  </th>\n                  <td>MAY</td>\n                  <td>\n                     <p>Allows retrieval of a historical version of a binary.  In general, the most recent version would be appropriate, but some may prefer to use the specific version referenced by a DocumentReference.</p>\n                  </td>\n               </tr>\n            </tbody>\n         </table>\n      </div>","status":"generated"}}