{"acceptUnknown":false,"contact":[{"telecom":[{"system":"other","value":"http://hl7.org/special/committees/ehr.htm"}]}],"date":"2014-12-06","description":"This profile defines the expected capabilities of an ''Electronic Health Record System'' when conforming to the EHRS functional model's Record Lifecycle specification.","fhirVersion":"0.2","format":["xml","json"],"id":"conformance-ehrs-rle","name":"Record Lifecycle-conformant Electronic Health Record System","publisher":"Health Level Seven, Int'l - Electronic Health Record work group","resourceType":"Conformance","rest":[{"documentation":"Conformant systems must record [[Provenance]] records on all Create, Update and Delete actions on any resource other than Provenance or AuditEvent.       Conformant systems must record [[AuditEvent]] records on all Create, Update and Delete actions as well as all GET operations (read, search, etc.)","mode":"client","resource":[{"interaction":[{"code":"create","documentation":"Allows defining a new data element.  Repositories requiring curation of submitted data elements may require all new data elements to have a status of 'draft'.","extension":[{"url":"http://hl7.org/fhir/StructureDefinition/conformance-common-expectation","valueCode":"SHALL"}]}],"profile":{"reference":"http://hl7.org/fhir/StructureDefinition/provenance-ehr-rle"},"type":"Provenance"},{"interaction":[{"code":"create","documentation":"Allows defining a new data element.  Repositories requiring curation of submitted data elements may require all new data elements to have a status of 'draft'.","extension":[{"url":"http://hl7.org/fhir/StructureDefinition/conformance-common-expectation","valueCode":"SHALL"}]}],"profile":{"reference":"http://hl7.org/fhir/StructureDefinition/auditevent-ehr-rle"},"type":"AuditEvent"}],"security":{"description":"Any security rules??"}}],"status":"draft","text":{"div":"<div>\n         <h2>Record Lifecycle-conformant Electronic Health Record System</h2>\n         <p>(Requirements Definition)</p>\n         <p>Published: 2014-12-06 (draft)</p>\n         <p>Published by: <b>\n               <a href=\"http://hl7.org/special/committees/ehr.htm\">Health Level Seven, Int'l - Electronic Health Record work group</a>\n            </b>\n         </p>\n         <p>This profile defines the expected capabilities of an <i>Electronic Health Record System</i> when conforming to the EHRS functional model's Record Lifecycle specification.</p>\n         <h2>General</h2>\n         <table>\n            <tbody>\n               <tr>\n                  <th>FHIR Version:</th>\n                  <td>0.2</td>\n               </tr>\n               <tr>\n                  <th>Supported formats:</th>\n                  <td>xml, json</td>\n               </tr>\n            </tbody>\n         </table>\n         <h2>REST  behavior</h2>\n         <p>Conformant systems must record <a href=\"provenance.html\">Provenance</a> records on all Create, Update and Delete actions on any resource other than Provenance or AuditEvent.       Conformant systems must record <a href=\"auditevent.html\">AuditEvent</a> records on all Create, Update and Delete actions as well as all GET operations (read, search, etc.)</p>\n         <p>\n            <b>Security:</b>\n         </p>\n         <p>Any security rules??</p>\n         <h3>Summary</h3>\n         <table class=\"grid\">\n            <thead>\n               <tr>\n                  <th>Resource</th>\n                  <th>Search</th>\n                  <th>Read</th>\n                  <th>Read Version</th>\n                  <th>Instance History</th>\n                  <th>Resource History</th>\n                  <th>Validate</th>\n                  <th>Create</th>\n                  <th>Update</th>\n                  <th>Delete</th>\n               </tr>\n            </thead>\n            <tbody>\n               <tr>\n                  <th>Provenance</th>\n                  <td/>\n                  <td/>\n                  <td/>\n                  <td/>\n                  <td/>\n                  <td/>\n                  <td>\n                     <a href=\"#Provenance-create\" title=\"Allows defining a new data element.  Repositories requiring curation of submitted data elements may require all new data elements to have a status of 'draft'.\">Yes</a>\n                  </td>\n                  <td/>\n                  <td/>\n               </tr>\n               <tr>\n                  <th>AuditEvent</th>\n                  <td/>\n                  <td/>\n                  <td/>\n                  <td/>\n                  <td/>\n                  <td/>\n                  <td>\n                     <a href=\"#AuditEvent-create\" title=\"Allows defining a new data element.  Repositories requiring curation of submitted data elements may require all new data elements to have a status of 'draft'.\">Yes</a>\n                  </td>\n                  <td/>\n                  <td/>\n               </tr>\n            </tbody>\n         </table>\n         <br/>\n         <br/>\n         <h3>\n            <a href=\"provenance.html\">Provenance</a>\n         </h3>\n         <h4>Interactions</h4>\n         <table class=\"list\">\n            <thead>\n               <tr>\n                  <th>Name</th>\n                  <th>Description</th>\n               </tr>\n            </thead>\n            <tbody>\n               <tr>\n                  <th>\n                     <a name=\"Provenance-create\">&nbsp;</a>\n                     <span>create</span>\n                  </th>\n                  <td>\n                     <p>Allows defining a new data element.  Repositories requiring curation of submitted data elements may require all new data elements to have a status of 'draft'.</p>\n                  </td>\n               </tr>\n            </tbody>\n         </table>\n         <br/>\n         <br/>\n         <h3>\n            <a href=\"auditevent.html\">AuditEvent</a>\n         </h3>\n         <h4>Interactions</h4>\n         <table class=\"list\">\n            <thead>\n               <tr>\n                  <th>Name</th>\n                  <th>Description</th>\n               </tr>\n            </thead>\n            <tbody>\n               <tr>\n                  <th>\n                     <a name=\"AuditEvent-create\">&nbsp;</a>\n                     <span>create</span>\n                  </th>\n                  <td>\n                     <p>Allows defining a new data element.  Repositories requiring curation of submitted data elements may require all new data elements to have a status of 'draft'.</p>\n                  </td>\n               </tr>\n            </tbody>\n         </table>\n      </div>","status":"generated"}}