{
  "resourceType": "ConceptMap",
  "id": "v3-contraindication-severity",
  "text": {
    "status": "generated",
    "div": "<div><h2>v3 map for ContraindicationSeverity (http://hl7.org/fhir/ConceptMap/v3-contraindication-severity)</h2><p>Mapping from <a href=\"valueset-contraindication-severity.html\">http://hl7.org/fhir/ValueSet/contraindication-severity</a> to <a href=\"v3/SeverityObservation/index.html\">http://hl7.org/fhir/ValueSet/v3-SeverityObservation</a></p><p>DRAFT. Published on Jul 24, 2015 5:31:16 PM by HL7 (FHIR Project) (<a href=\"http://hl7.org/fhir\">http://hl7.org/fhir</a>, <a href=\"mailto:fhir@lists.hl7.org\">fhir@lists.hl7.org</a>; ). </p><p>v3 Map (ObservationValue)</p><br/><table class=\"grid\"><tr><td><b>Source Code</b></td><td><b>Equivalence</b></td><td><b>Destination Code</b></td></tr><tr><td>high (High)</td><td>equal</td><td>H (High)</td></tr><tr><td>moderate (Moderate)</td><td>equal</td><td>M (Moderate)</td></tr><tr><td>low (Low)</td><td>equal</td><td>L (Low)</td></tr></table></div>"
  },
  "url": "http://hl7.org/fhir/ConceptMap/v3-contraindication-severity",
  "name": "v3 map for ContraindicationSeverity",
  "publisher": "HL7 (FHIR Project)",
  "contact": [
    {
      "telecom": [
        {
          "system": "other",
          "value": "http://hl7.org/fhir"
        },
        {
          "system": "email",
          "value": "fhir@lists.hl7.org"
        }
      ]
    }
  ],
  "description": "v3 Map (ObservationValue)",
  "status": "draft",
  "date": "2015-07-24T17:31:16-04:00",
  "sourceReference": {
    "reference": "http://hl7.org/fhir/ValueSet/contraindication-severity"
  },
  "targetReference": {
    "reference": "http://hl7.org/fhir/ValueSet/v3-SeverityObservation"
  },
  "element": [
    {
      "codeSystem": "http://hl7.org/fhir/contraindication-severity",
      "code": "high",
      "target": [
        {
          "codeSystem": "http://hl7.org/fhir/v3/ObservationValue",
          "code": "H",
          "equivalence": "equal"
        }
      ]
    },
    {
      "codeSystem": "http://hl7.org/fhir/contraindication-severity",
      "code": "moderate",
      "target": [
        {
          "codeSystem": "http://hl7.org/fhir/v3/ObservationValue",
          "code": "M",
          "equivalence": "equal"
        }
      ]
    },
    {
      "codeSystem": "http://hl7.org/fhir/contraindication-severity",
      "code": "low",
      "target": [
        {
          "codeSystem": "http://hl7.org/fhir/v3/ObservationValue",
          "code": "L",
          "equivalence": "equal"
        }
      ]
    }
  ]
}