{
  "resourceType": "Questionnaire",
  "id": "qs1",
  "identifier": [
    {
      "system": "urn:ietf:rfc:3986"
    }
  ],
  "status": "draft",
  "date": "2015-07-28T17:31:19-04:00",
  "publisher": "Health Level Seven International (FHIR Infrastructure)",
  "group": {
    "extension": [
      {
        "url": "http://hl7.org/fhir/Profile/questionnaire-extensions#flyover",
        "valueString": "The formal description of a single piece of information that can be gathered and reported."
      }
    ],
    "linkId": "DataElement",
    "title": "Resource data element",
    "required": true,
    "repeats": false,
    "group": [
      {
        "extension": [
          {
            "url": "http://hl7.org/fhir/Profile/questionnaire-extensions#flyover",
            "valueString": "The logical id of the resource, as used in the url for the resource. Once assigned, this value never changes."
          },
          {
            "url": "http://www.healthintersections.com.au/fhir/Profile/metadata#type",
            "valueString": "string"
          }
        ],
        "linkId": "DataElement.id",
        "required": false,
        "repeats": true,
        "question": [
          {
            "linkId": "DataElement.id.value",
            "text": "Logical id of this artifact",
            "type": "string",
            "required": false,
            "repeats": false
          }
        ]
      },
      {
        "extension": [
          {
            "url": "http://hl7.org/fhir/Profile/questionnaire-extensions#flyover",
            "valueString": "The metadata about the resource. This is content that is maintained by the infrastructure. Changes to the content may not always be associated with version changes to the resource."
          }
        ],
        "linkId": "DataElement.meta",
        "text": "Metadata about the resource",
        "required": false,
        "repeats": true
      },
      {
        "extension": [
          {
            "url": "http://hl7.org/fhir/Profile/questionnaire-extensions#flyover",
            "valueString": "A reference to a set of rules that were followed when the resource was constructed, and which must be understood when processing the content."
          },
          {
            "url": "http://www.healthintersections.com.au/fhir/Profile/metadata#type",
            "valueString": "uri"
          }
        ],
        "linkId": "DataElement.implicitRules",
        "required": false,
        "repeats": true,
        "question": [
          {
            "linkId": "DataElement.implicitRules.value",
            "text": "A set of rules under which this content was created",
            "type": "string",
            "required": false,
            "repeats": false
          }
        ]
      },
      {
        "extension": [
          {
            "url": "http://hl7.org/fhir/Profile/questionnaire-extensions#flyover",
            "valueString": "The base language in which the resource is written."
          },
          {
            "url": "http://www.healthintersections.com.au/fhir/Profile/metadata#type",
            "valueString": "code"
          }
        ],
        "linkId": "DataElement.language",
        "required": false,
        "repeats": true,
        "question": [
          {
            "linkId": "DataElement.language.value",
            "text": "language",
            "type": "choice",
            "required": false,
            "repeats": false
          }
        ]
      },
      {
        "extension": [
          {
            "url": "http://hl7.org/fhir/Profile/questionnaire-extensions#flyover",
            "valueString": "A human-readable narrative that contains a summary of the resource, and may be used to represent the content of the resource to a human. The narrative need not encode all the structured data, but is required to contain sufficient detail to make it \"clinically safe\" for a human to just read the narrative. Resource definitions may define what content should be represented in the narrative to ensure clinical safety."
          }
        ],
        "linkId": "DataElement.text",
        "text": "Text summary of the resource, for human interpretation",
        "required": false,
        "repeats": true
      },
      {
        "extension": [
          {
            "url": "http://hl7.org/fhir/Profile/questionnaire-extensions#flyover",
            "valueString": "These resources do not have an independent existence apart from the resource that contains them - they cannot be identified independently, and nor can they have their own independent transaction scope."
          }
        ],
        "linkId": "DataElement.contained",
        "text": "Contained, inline Resources",
        "required": false,
        "repeats": true
      },
      {
        "extension": [
          {
            "url": "http://hl7.org/fhir/Profile/questionnaire-extensions#flyover",
            "valueString": "May be used to represent additional information that is not part of the basic definition of the resource. In order to make the use of extensions safe and manageable, there is a strict set of governance  applied to the definition and use of extensions. Though any implementer is allowed to define an extension, there is a set of requirements that SHALL be met as part of the definition of the extension."
          }
        ],
        "linkId": "DataElement.extension",
        "text": "Additional Content defined by implementations",
        "required": false,
        "repeats": true
      },
      {
        "extension": [
          {
            "url": "http://hl7.org/fhir/Profile/questionnaire-extensions#flyover",
            "valueString": "May be used to represent additional information that is not part of the basic definition of the resource, and that modifies the understanding of the element that contains it. Usually modifier elements provide negation or qualification. In order to make the use of extensions safe and manageable, there is a strict set of governance applied to the definition and use of extensions. Though any implementer is allowed to define an extension, there is a set of requirements that SHALL be met as part of the definition of the extension. Applications processing a resource are required to check for modifier extensions."
          }
        ],
        "linkId": "DataElement.modifierExtension",
        "text": "Extensions that cannot be ignored",
        "required": false,
        "repeats": true
      },
      {
        "extension": [
          {
            "url": "http://hl7.org/fhir/Profile/questionnaire-extensions#flyover",
            "valueString": "An absolute URL that is used to identify this data element when it is referenced in a specification, model, design or an instance. This SHALL be a URL, SHOULD be globally unique, and SHOULD be an address at which this data element is (or will be) published."
          },
          {
            "url": "http://www.healthintersections.com.au/fhir/Profile/metadata#type",
            "valueString": "uri"
          }
        ],
        "linkId": "DataElement.url",
        "required": false,
        "repeats": true,
        "question": [
          {
            "linkId": "DataElement.url.value",
            "text": "Globally unique logical id for data element",
            "type": "string",
            "required": false,
            "repeats": false
          }
        ]
      },
      {
        "extension": [
          {
            "url": "http://hl7.org/fhir/Profile/questionnaire-extensions#flyover",
            "valueString": "Formal identifier that is used to identify this data element when it is represented in other formats, or referenced in a specification, model, design or an instance."
          },
          {
            "url": "http://www.healthintersections.com.au/fhir/Profile/metadata#type",
            "valueString": "Identifier"
          }
        ],
        "linkId": "DataElement.identifier",
        "text": "Logical id to reference this data element",
        "required": false,
        "repeats": true,
        "question": [
          {
            "linkId": "DataElement.identifier.label",
            "text": "label:",
            "type": "string",
            "required": false,
            "repeats": false
          },
          {
            "linkId": "DataElement.identifier.system",
            "text": "system:",
            "type": "string",
            "required": false,
            "repeats": false
          },
          {
            "linkId": "DataElement.identifier.value",
            "text": "value:",
            "type": "string",
            "required": false,
            "repeats": false
          }
        ]
      },
      {
        "extension": [
          {
            "url": "http://hl7.org/fhir/Profile/questionnaire-extensions#flyover",
            "valueString": "The identifier that is used to identify this version of the data element when it is referenced in a StructureDefinition, Questionnaire or instance. This is an arbitrary value managed by the definition author manually."
          },
          {
            "url": "http://www.healthintersections.com.au/fhir/Profile/metadata#type",
            "valueString": "string"
          }
        ],
        "linkId": "DataElement.version",
        "required": false,
        "repeats": true,
        "question": [
          {
            "linkId": "DataElement.version.value",
            "text": "Logical id for this version of the data element",
            "type": "string",
            "required": false,
            "repeats": false
          }
        ]
      },
      {
        "extension": [
          {
            "url": "http://hl7.org/fhir/Profile/questionnaire-extensions#flyover",
            "valueString": "The term used by humans to refer to the data element.  Should ideally be unique within the context in which the data element is expected to be used."
          },
          {
            "url": "http://www.healthintersections.com.au/fhir/Profile/metadata#type",
            "valueString": "string"
          }
        ],
        "linkId": "DataElement.name",
        "required": false,
        "repeats": true,
        "question": [
          {
            "linkId": "DataElement.name.value",
            "text": "Descriptive label for this element definition",
            "type": "string",
            "required": false,
            "repeats": false
          }
        ]
      },
      {
        "extension": [
          {
            "url": "http://hl7.org/fhir/Profile/questionnaire-extensions#flyover",
            "valueString": "The content was developed with a focus and intent of supporting the contexts that are listed. These terms may be used to assist with indexing and searching of data element definitions."
          },
          {
            "url": "http://www.healthintersections.com.au/fhir/Profile/metadata#type",
            "valueString": "CodeableConcept"
          }
        ],
        "linkId": "DataElement.useContext",
        "text": "Content intends to support these contexts",
        "required": false,
        "repeats": true,
        "question": [
          {
            "linkId": "DataElement.useContext.coding",
            "text": "code:",
            "type": "open-choice",
            "required": false,
            "repeats": false
          },
          {
            "linkId": "DataElement.useContext.text",
            "text": "text:",
            "type": "string",
            "required": false,
            "repeats": false
          }
        ]
      },
      {
        "extension": [
          {
            "url": "http://hl7.org/fhir/Profile/questionnaire-extensions#flyover",
            "valueString": "A flag to indicate that this search data elemnt definition is authored for testing purposes (or education/evaluation/marketing), and is not intended to be used for genuine usage."
          },
          {
            "url": "http://www.healthintersections.com.au/fhir/Profile/metadata#type",
            "valueString": "boolean"
          }
        ],
        "linkId": "DataElement.experimental",
        "required": false,
        "repeats": true,
        "question": [
          {
            "linkId": "DataElement.experimental.value",
            "text": "If for testing purposes, not real usage",
            "type": "boolean",
            "required": false,
            "repeats": false
          }
        ]
      },
      {
        "extension": [
          {
            "url": "http://hl7.org/fhir/Profile/questionnaire-extensions#flyover",
            "valueString": "The status of the data element."
          },
          {
            "url": "http://www.healthintersections.com.au/fhir/Profile/metadata#type",
            "valueString": "code"
          }
        ],
        "linkId": "DataElement.status",
        "required": true,
        "repeats": true,
        "question": [
          {
            "linkId": "DataElement.status.value",
            "text": "status",
            "type": "choice",
            "required": false,
            "repeats": false
          }
        ]
      },
      {
        "extension": [
          {
            "url": "http://hl7.org/fhir/Profile/questionnaire-extensions#flyover",
            "valueString": "The date that the status for this business version of the data element became effective.  (I.e. Date the draft was created, date element became active or date element became retired)."
          },
          {
            "url": "http://www.healthintersections.com.au/fhir/Profile/metadata#type",
            "valueString": "datetime"
          }
        ],
        "linkId": "DataElement.date",
        "required": false,
        "repeats": true,
        "question": [
          {
            "linkId": "DataElement.date.value",
            "text": "Date for this version of the data element",
            "type": "dateTime",
            "required": false,
            "repeats": false
          }
        ]
      },
      {
        "extension": [
          {
            "url": "http://hl7.org/fhir/Profile/questionnaire-extensions#flyover",
            "valueString": "A copyright statement relating to the definition of the data element. Copyright statements are generally legal restrictions on the use and publishing of the details of the definition of the data element."
          },
          {
            "url": "http://www.healthintersections.com.au/fhir/Profile/metadata#type",
            "valueString": "string"
          }
        ],
        "linkId": "DataElement.copyright",
        "required": false,
        "repeats": true,
        "question": [
          {
            "linkId": "DataElement.copyright.value",
            "text": "Use and/or Publishing restrictions",
            "type": "string",
            "required": false,
            "repeats": false
          }
        ]
      },
      {
        "extension": [
          {
            "url": "http://hl7.org/fhir/Profile/questionnaire-extensions#flyover",
            "valueString": "The name of the individual or organization that published the data element."
          },
          {
            "url": "http://www.healthintersections.com.au/fhir/Profile/metadata#type",
            "valueString": "string"
          }
        ],
        "linkId": "DataElement.publisher",
        "required": false,
        "repeats": true,
        "question": [
          {
            "linkId": "DataElement.publisher.value",
            "text": "Name of the publisher (Organization or individual)",
            "type": "string",
            "required": false,
            "repeats": false
          }
        ]
      },
      {
        "extension": [
          {
            "url": "http://hl7.org/fhir/Profile/questionnaire-extensions#flyover",
            "valueString": "Contacts to assist a user in finding and communicating with the publisher."
          }
        ],
        "linkId": "DataElement.contact",
        "title": "Contact details of the publisher",
        "required": false,
        "repeats": true,
        "group": [
          {
            "extension": [
              {
                "url": "http://hl7.org/fhir/Profile/questionnaire-extensions#flyover",
                "valueString": "unique id for the element within a resource (for internal references)."
              },
              {
                "url": "http://www.healthintersections.com.au/fhir/Profile/metadata#type",
                "valueString": "string"
              }
            ],
            "linkId": "DataElement.contact.id",
            "required": false,
            "repeats": true,
            "question": [
              {
                "linkId": "DataElement.contact.id.value",
                "text": "xml:id (or equivalent in JSON)",
                "type": "string",
                "required": false,
                "repeats": false
              }
            ]
          },
          {
            "extension": [
              {
                "url": "http://hl7.org/fhir/Profile/questionnaire-extensions#flyover",
                "valueString": "May be used to represent additional information that is not part of the basic definition of the element. In order to make the use of extensions safe and manageable, there is a strict set of governance  applied to the definition and use of extensions. Though any implementer is allowed to define an extension, there is a set of requirements that SHALL be met as part of the definition of the extension."
              }
            ],
            "linkId": "DataElement.contact.extension",
            "text": "Additional Content defined by implementations",
            "required": false,
            "repeats": true
          },
          {
            "extension": [
              {
                "url": "http://hl7.org/fhir/Profile/questionnaire-extensions#flyover",
                "valueString": "May be used to represent additional information that is not part of the basic definition of the element, and that modifies the understanding of the element that contains it. Usually modifier elements provide negation or qualification. In order to make the use of extensions safe and manageable, there is a strict set of governance applied to the definition and use of extensions. Though any implementer is allowed to define an extension, there is a set of requirements that SHALL be met as part of the definition of the extension. Applications processing a resource are required to check for modifier extensions."
              }
            ],
            "linkId": "DataElement.contact.modifierExtension",
            "text": "Extensions that cannot be ignored",
            "required": false,
            "repeats": true
          },
          {
            "extension": [
              {
                "url": "http://hl7.org/fhir/Profile/questionnaire-extensions#flyover",
                "valueString": "The name of an individual to contact regarding the data element."
              },
              {
                "url": "http://www.healthintersections.com.au/fhir/Profile/metadata#type",
                "valueString": "string"
              }
            ],
            "linkId": "DataElement.contact.name",
            "required": false,
            "repeats": true,
            "question": [
              {
                "linkId": "DataElement.contact.name.value",
                "text": "Name of a individual to contact",
                "type": "string",
                "required": false,
                "repeats": false
              }
            ]
          },
          {
            "extension": [
              {
                "url": "http://hl7.org/fhir/Profile/questionnaire-extensions#flyover",
                "valueString": "Contact details for individual (if a name was provided) or the publisher."
              },
              {
                "url": "http://www.healthintersections.com.au/fhir/Profile/metadata#type",
                "valueString": "ContactPoint"
              }
            ],
            "linkId": "DataElement.contact.telecom",
            "text": "Contact details for individual or publisher",
            "required": false,
            "repeats": true,
            "question": [
              {
                "linkId": "DataElement.contact.telecom.system",
                "text": "type:",
                "type": "choice",
                "required": false,
                "repeats": false
              },
              {
                "linkId": "DataElement.contact.telecom.value",
                "text": "value:",
                "type": "string",
                "required": false,
                "repeats": false
              },
              {
                "linkId": "DataElement.contact.telecom.use",
                "text": "use:",
                "type": "choice",
                "required": false,
                "repeats": false
              }
            ]
          }
        ]
      },
      {
        "extension": [
          {
            "url": "http://hl7.org/fhir/Profile/questionnaire-extensions#flyover",
            "valueString": "Identifies how precise the data element is in its definition."
          },
          {
            "url": "http://www.healthintersections.com.au/fhir/Profile/metadata#type",
            "valueString": "code"
          }
        ],
        "linkId": "DataElement.specificity",
        "required": false,
        "repeats": true,
        "question": [
          {
            "linkId": "DataElement.specificity.value",
            "text": "specificity",
            "type": "choice",
            "required": false,
            "repeats": false
          }
        ]
      },
      {
        "extension": [
          {
            "url": "http://hl7.org/fhir/Profile/questionnaire-extensions#flyover",
            "valueString": "Identifies a specification (other than a terminology) that the elements that make up the DataElement hav some correspondance with."
          }
        ],
        "linkId": "DataElement.mapping",
        "title": "External specification mapped to",
        "required": false,
        "repeats": true,
        "group": [
          {
            "extension": [
              {
                "url": "http://hl7.org/fhir/Profile/questionnaire-extensions#flyover",
                "valueString": "unique id for the element within a resource (for internal references)."
              },
              {
                "url": "http://www.healthintersections.com.au/fhir/Profile/metadata#type",
                "valueString": "string"
              }
            ],
            "linkId": "DataElement.mapping.id",
            "required": false,
            "repeats": true,
            "question": [
              {
                "linkId": "DataElement.mapping.id.value",
                "text": "xml:id (or equivalent in JSON)",
                "type": "string",
                "required": false,
                "repeats": false
              }
            ]
          },
          {
            "extension": [
              {
                "url": "http://hl7.org/fhir/Profile/questionnaire-extensions#flyover",
                "valueString": "May be used to represent additional information that is not part of the basic definition of the element. In order to make the use of extensions safe and manageable, there is a strict set of governance  applied to the definition and use of extensions. Though any implementer is allowed to define an extension, there is a set of requirements that SHALL be met as part of the definition of the extension."
              }
            ],
            "linkId": "DataElement.mapping.extension",
            "text": "Additional Content defined by implementations",
            "required": false,
            "repeats": true
          },
          {
            "extension": [
              {
                "url": "http://hl7.org/fhir/Profile/questionnaire-extensions#flyover",
                "valueString": "May be used to represent additional information that is not part of the basic definition of the element, and that modifies the understanding of the element that contains it. Usually modifier elements provide negation or qualification. In order to make the use of extensions safe and manageable, there is a strict set of governance applied to the definition and use of extensions. Though any implementer is allowed to define an extension, there is a set of requirements that SHALL be met as part of the definition of the extension. Applications processing a resource are required to check for modifier extensions."
              }
            ],
            "linkId": "DataElement.mapping.modifierExtension",
            "text": "Extensions that cannot be ignored",
            "required": false,
            "repeats": true
          },
          {
            "extension": [
              {
                "url": "http://hl7.org/fhir/Profile/questionnaire-extensions#flyover",
                "valueString": "An Internal id that is used to identify this mapping set when specific mappings are made on a per-element basis."
              },
              {
                "url": "http://www.healthintersections.com.au/fhir/Profile/metadata#type",
                "valueString": "string"
              }
            ],
            "linkId": "DataElement.mapping.identity",
            "required": true,
            "repeats": true,
            "question": [
              {
                "linkId": "DataElement.mapping.identity.value",
                "text": "Internal id when this mapping is used",
                "type": "string",
                "required": false,
                "repeats": false
              }
            ]
          },
          {
            "extension": [
              {
                "url": "http://hl7.org/fhir/Profile/questionnaire-extensions#flyover",
                "valueString": "An absolute URI that identifies the specification that this mapping is expressed to."
              },
              {
                "url": "http://www.healthintersections.com.au/fhir/Profile/metadata#type",
                "valueString": "uri"
              }
            ],
            "linkId": "DataElement.mapping.uri",
            "required": false,
            "repeats": true,
            "question": [
              {
                "linkId": "DataElement.mapping.uri.value",
                "text": "Identifies what this mapping refers to",
                "type": "string",
                "required": false,
                "repeats": false
              }
            ]
          },
          {
            "extension": [
              {
                "url": "http://hl7.org/fhir/Profile/questionnaire-extensions#flyover",
                "valueString": "A name for the specification that is being mapped to."
              },
              {
                "url": "http://www.healthintersections.com.au/fhir/Profile/metadata#type",
                "valueString": "string"
              }
            ],
            "linkId": "DataElement.mapping.name",
            "required": false,
            "repeats": true,
            "question": [
              {
                "linkId": "DataElement.mapping.name.value",
                "text": "Names what this mapping refers to",
                "type": "string",
                "required": false,
                "repeats": false
              }
            ]
          },
          {
            "extension": [
              {
                "url": "http://hl7.org/fhir/Profile/questionnaire-extensions#flyover",
                "valueString": "Comments about this mapping, including version notes, issues, scope limitations, and other important notes for usage."
              },
              {
                "url": "http://www.healthintersections.com.au/fhir/Profile/metadata#type",
                "valueString": "string"
              }
            ],
            "linkId": "DataElement.mapping.comments",
            "required": false,
            "repeats": true,
            "question": [
              {
                "linkId": "DataElement.mapping.comments.value",
                "text": "Versions, Issues, Scope limitations etc",
                "type": "string",
                "required": false,
                "repeats": false
              }
            ]
          }
        ]
      },
      {
        "extension": [
          {
            "url": "http://hl7.org/fhir/Profile/questionnaire-extensions#flyover",
            "valueString": "Defines the structure, type, allowed values and other constraining characteristics of the data element."
          }
        ],
        "linkId": "DataElement.element",
        "text": "Definition of element",
        "required": true,
        "repeats": true
      }
    ]
  }
}