{
  "resourceType": "Questionnaire",
  "id": "qs1",
  "contained": [
    {
      "resourceType": "ValueSet",
      "id": "vs2",
      "name": "Type options for DeviceUseStatement.bodySite[x]",
      "description": "Type options for DeviceUseStatement.bodySite[x]",
      "status": "active",
      "expansion": {
        "identifier": "urn:uuid:101b7d4f-7641-4e23-a224-44b00157bb28",
        "timestamp": "2015-07-28T17:34:22-04:00",
        "contains": [
          {
            "system": "http://hl7.org/fhir/data-types",
            "code": "CodeableConcept",
            "display": "CodeableConcept"
          },
          {
            "system": "http://hl7.org/fhir/resource-types",
            "code": "BodySite",
            "display": "BodySite"
          }
        ]
      }
    },
    {
      "resourceType": "ValueSet",
      "id": "vs3",
      "name": "Type options for DeviceUseStatement.timing[x]",
      "description": "Type options for DeviceUseStatement.timing[x]",
      "status": "active",
      "expansion": {
        "identifier": "urn:uuid:4ad43565-f1f8-4f11-8e06-1fb05f4e06e2",
        "timestamp": "2015-07-28T17:34:22-04:00",
        "contains": [
          {
            "system": "http://hl7.org/fhir/data-types",
            "code": "Timing",
            "display": "Timing"
          },
          {
            "system": "http://hl7.org/fhir/data-types",
            "code": "Period",
            "display": "Period"
          },
          {
            "system": "http://hl7.org/fhir/data-types",
            "code": "dateTime",
            "display": "dateTime"
          }
        ]
      }
    }
  ],
  "identifier": [
    {
      "system": "urn:ietf:rfc:3986"
    }
  ],
  "status": "draft",
  "date": "2015-07-28T17:31:19-04:00",
  "publisher": "Health Level Seven International (Health Care Devices)",
  "group": {
    "extension": [
      {
        "url": "http://hl7.org/fhir/Profile/questionnaire-extensions#flyover",
        "valueString": "A record of a device being used by a patient where the record is the result of a report from the patient or another clinician."
      }
    ],
    "linkId": "DeviceUseStatement",
    "required": false,
    "repeats": true,
    "group": [
      {
        "extension": [
          {
            "url": "http://hl7.org/fhir/Profile/questionnaire-extensions#flyover",
            "valueString": "The logical id of the resource, as used in the url for the resource. Once assigned, this value never changes."
          },
          {
            "url": "http://www.healthintersections.com.au/fhir/Profile/metadata#type",
            "valueString": "string"
          }
        ],
        "linkId": "DeviceUseStatement.id",
        "required": false,
        "repeats": true,
        "question": [
          {
            "linkId": "DeviceUseStatement.id.value",
            "text": "Logical id of this artifact",
            "type": "string",
            "required": false,
            "repeats": false
          }
        ]
      },
      {
        "extension": [
          {
            "url": "http://hl7.org/fhir/Profile/questionnaire-extensions#flyover",
            "valueString": "The metadata about the resource. This is content that is maintained by the infrastructure. Changes to the content may not always be associated with version changes to the resource."
          }
        ],
        "linkId": "DeviceUseStatement.meta",
        "text": "Metadata about the resource",
        "required": false,
        "repeats": true
      },
      {
        "extension": [
          {
            "url": "http://hl7.org/fhir/Profile/questionnaire-extensions#flyover",
            "valueString": "A reference to a set of rules that were followed when the resource was constructed, and which must be understood when processing the content."
          },
          {
            "url": "http://www.healthintersections.com.au/fhir/Profile/metadata#type",
            "valueString": "uri"
          }
        ],
        "linkId": "DeviceUseStatement.implicitRules",
        "required": false,
        "repeats": true,
        "question": [
          {
            "linkId": "DeviceUseStatement.implicitRules.value",
            "text": "A set of rules under which this content was created",
            "type": "string",
            "required": false,
            "repeats": false
          }
        ]
      },
      {
        "extension": [
          {
            "url": "http://hl7.org/fhir/Profile/questionnaire-extensions#flyover",
            "valueString": "The base language in which the resource is written."
          },
          {
            "url": "http://www.healthintersections.com.au/fhir/Profile/metadata#type",
            "valueString": "code"
          }
        ],
        "linkId": "DeviceUseStatement.language",
        "required": false,
        "repeats": true,
        "question": [
          {
            "linkId": "DeviceUseStatement.language.value",
            "text": "language",
            "type": "choice",
            "required": false,
            "repeats": false
          }
        ]
      },
      {
        "extension": [
          {
            "url": "http://hl7.org/fhir/Profile/questionnaire-extensions#flyover",
            "valueString": "A human-readable narrative that contains a summary of the resource, and may be used to represent the content of the resource to a human. The narrative need not encode all the structured data, but is required to contain sufficient detail to make it \"clinically safe\" for a human to just read the narrative. Resource definitions may define what content should be represented in the narrative to ensure clinical safety."
          }
        ],
        "linkId": "DeviceUseStatement.text",
        "text": "Text summary of the resource, for human interpretation",
        "required": false,
        "repeats": true
      },
      {
        "extension": [
          {
            "url": "http://hl7.org/fhir/Profile/questionnaire-extensions#flyover",
            "valueString": "These resources do not have an independent existence apart from the resource that contains them - they cannot be identified independently, and nor can they have their own independent transaction scope."
          }
        ],
        "linkId": "DeviceUseStatement.contained",
        "text": "Contained, inline Resources",
        "required": false,
        "repeats": true
      },
      {
        "extension": [
          {
            "url": "http://hl7.org/fhir/Profile/questionnaire-extensions#flyover",
            "valueString": "May be used to represent additional information that is not part of the basic definition of the resource. In order to make the use of extensions safe and manageable, there is a strict set of governance  applied to the definition and use of extensions. Though any implementer is allowed to define an extension, there is a set of requirements that SHALL be met as part of the definition of the extension."
          }
        ],
        "linkId": "DeviceUseStatement.extension",
        "text": "Additional Content defined by implementations",
        "required": false,
        "repeats": true
      },
      {
        "extension": [
          {
            "url": "http://hl7.org/fhir/Profile/questionnaire-extensions#flyover",
            "valueString": "May be used to represent additional information that is not part of the basic definition of the resource, and that modifies the understanding of the element that contains it. Usually modifier elements provide negation or qualification. In order to make the use of extensions safe and manageable, there is a strict set of governance applied to the definition and use of extensions. Though any implementer is allowed to define an extension, there is a set of requirements that SHALL be met as part of the definition of the extension. Applications processing a resource are required to check for modifier extensions."
          }
        ],
        "linkId": "DeviceUseStatement.modifierExtension",
        "text": "Extensions that cannot be ignored",
        "required": false,
        "repeats": true
      },
      {
        "extension": [
          {
            "url": "http://hl7.org/fhir/Profile/questionnaire-extensions#flyover",
            "valueString": "Indicates the site on the subject's body where the device was used ( i.e. the target site)."
          }
        ],
        "linkId": "DeviceUseStatement.bodySite[x]",
        "text": "Target body site",
        "required": false,
        "repeats": true,
        "question": [
          {
            "linkId": "DeviceUseStatement.bodySite[x]._type",
            "text": "type",
            "type": "choice",
            "required": false,
            "repeats": false,
            "options": {
              "reference": "#vs2"
            },
            "group": [
              {
                "extension": [
                  {
                    "url": "http://www.healthintersections.com.au/fhir/Profile/metadata#type",
                    "valueString": "CodeableConcept"
                  }
                ],
                "linkId": "DeviceUseStatement.bodySite[x]._CodeableConcept",
                "text": "CodeableConcept",
                "question": [
                  {
                    "linkId": "DeviceUseStatement.bodySite[x]._CodeableConcept.coding",
                    "text": "code:",
                    "type": "open-choice",
                    "required": false,
                    "repeats": false
                  },
                  {
                    "linkId": "DeviceUseStatement.bodySite[x]._CodeableConcept.text",
                    "text": "text:",
                    "type": "string",
                    "required": false,
                    "repeats": false
                  }
                ]
              },
              {
                "extension": [
                  {
                    "url": "http://www.healthintersections.com.au/fhir/Profile/metadata#type",
                    "valueString": "Reference"
                  }
                ],
                "linkId": "DeviceUseStatement.bodySite[x]._BodySite",
                "question": [
                  {
                    "extension": [
                      {
                        "url": "http://www.healthintersections.com.au/fhir/Profile/metadata#reference",
                        "valueString": "/BodySite?subject=$subj&patient=$subj&encounter=$encounter"
                      }
                    ],
                    "linkId": "DeviceUseStatement.bodySite[x]._BodySite.value",
                    "text": "BodySite",
                    "type": "reference",
                    "required": false,
                    "repeats": false
                  }
                ]
              }
            ]
          }
        ]
      },
      {
        "extension": [
          {
            "url": "http://hl7.org/fhir/Profile/questionnaire-extensions#flyover",
            "valueString": "The time period over which the device was used."
          },
          {
            "url": "http://www.healthintersections.com.au/fhir/Profile/metadata#type",
            "valueString": "Period"
          }
        ],
        "linkId": "DeviceUseStatement.whenUsed",
        "required": false,
        "repeats": true,
        "question": [
          {
            "linkId": "DeviceUseStatement.whenUsed.low",
            "text": "start:",
            "type": "dateTime",
            "required": false,
            "repeats": false
          },
          {
            "linkId": "DeviceUseStatement.whenUsed.end",
            "text": "end:",
            "type": "dateTime",
            "required": false,
            "repeats": false
          }
        ]
      },
      {
        "extension": [
          {
            "url": "http://hl7.org/fhir/Profile/questionnaire-extensions#flyover",
            "valueString": "The details of the device used."
          },
          {
            "url": "http://www.healthintersections.com.au/fhir/Profile/metadata#type",
            "valueString": "Reference"
          }
        ],
        "linkId": "DeviceUseStatement.device",
        "required": true,
        "repeats": true,
        "question": [
          {
            "extension": [
              {
                "url": "http://www.healthintersections.com.au/fhir/Profile/metadata#reference",
                "valueString": "/Device?subject=$subj&patient=$subj&encounter=$encounter"
              }
            ],
            "linkId": "DeviceUseStatement.device.value",
            "type": "reference",
            "required": false,
            "repeats": false
          }
        ]
      },
      {
        "extension": [
          {
            "url": "http://hl7.org/fhir/Profile/questionnaire-extensions#flyover",
            "valueString": "An external identifier for this statement such as an IRI."
          },
          {
            "url": "http://www.healthintersections.com.au/fhir/Profile/metadata#type",
            "valueString": "Identifier"
          }
        ],
        "linkId": "DeviceUseStatement.identifier",
        "required": false,
        "repeats": true,
        "question": [
          {
            "linkId": "DeviceUseStatement.identifier.label",
            "text": "label:",
            "type": "string",
            "required": false,
            "repeats": false
          },
          {
            "linkId": "DeviceUseStatement.identifier.system",
            "text": "system:",
            "type": "string",
            "required": false,
            "repeats": false
          },
          {
            "linkId": "DeviceUseStatement.identifier.value",
            "text": "value:",
            "type": "string",
            "required": false,
            "repeats": false
          }
        ]
      },
      {
        "extension": [
          {
            "url": "http://hl7.org/fhir/Profile/questionnaire-extensions#flyover",
            "valueString": "Reason or justification for the use of the device."
          },
          {
            "url": "http://www.healthintersections.com.au/fhir/Profile/metadata#type",
            "valueString": "CodeableConcept"
          }
        ],
        "linkId": "DeviceUseStatement.indication",
        "required": false,
        "repeats": true,
        "question": [
          {
            "linkId": "DeviceUseStatement.indication.coding",
            "text": "code:",
            "type": "open-choice",
            "required": false,
            "repeats": false
          },
          {
            "linkId": "DeviceUseStatement.indication.text",
            "text": "text:",
            "type": "string",
            "required": false,
            "repeats": false
          }
        ]
      },
      {
        "extension": [
          {
            "url": "http://hl7.org/fhir/Profile/questionnaire-extensions#flyover",
            "valueString": "Details about the device statement that were not represented at all or sufficiently in one of the attributes provided in a class. These may include for example a comment, an instruction, or a note associated with the statement."
          },
          {
            "url": "http://www.healthintersections.com.au/fhir/Profile/metadata#type",
            "valueString": "string"
          }
        ],
        "linkId": "DeviceUseStatement.notes",
        "required": false,
        "repeats": true,
        "question": [
          {
            "linkId": "DeviceUseStatement.notes.value",
            "type": "string",
            "required": false,
            "repeats": false
          }
        ]
      },
      {
        "extension": [
          {
            "url": "http://hl7.org/fhir/Profile/questionnaire-extensions#flyover",
            "valueString": "The time at which the statement was made/recorded."
          },
          {
            "url": "http://www.healthintersections.com.au/fhir/Profile/metadata#type",
            "valueString": "datetime"
          }
        ],
        "linkId": "DeviceUseStatement.recordedOn",
        "required": false,
        "repeats": true,
        "question": [
          {
            "linkId": "DeviceUseStatement.recordedOn.value",
            "type": "dateTime",
            "required": false,
            "repeats": false
          }
        ]
      },
      {
        "extension": [
          {
            "url": "http://hl7.org/fhir/Profile/questionnaire-extensions#flyover",
            "valueString": "The patient who used the device."
          },
          {
            "url": "http://www.healthintersections.com.au/fhir/Profile/metadata#type",
            "valueString": "Reference"
          }
        ],
        "linkId": "DeviceUseStatement.subject",
        "required": true,
        "repeats": true,
        "question": [
          {
            "extension": [
              {
                "url": "http://www.healthintersections.com.au/fhir/Profile/metadata#reference",
                "valueString": "/Patient?subject=$subj&patient=$subj&encounter=$encounter"
              }
            ],
            "linkId": "DeviceUseStatement.subject.value",
            "type": "reference",
            "required": false,
            "repeats": false
          }
        ]
      },
      {
        "extension": [
          {
            "url": "http://hl7.org/fhir/Profile/questionnaire-extensions#flyover",
            "valueString": "How often the device was used."
          }
        ],
        "linkId": "DeviceUseStatement.timing[x]",
        "required": false,
        "repeats": true,
        "question": [
          {
            "linkId": "DeviceUseStatement.timing[x]._type",
            "text": "type",
            "type": "choice",
            "required": false,
            "repeats": false,
            "options": {
              "reference": "#vs3"
            },
            "group": [
              {
                "extension": [
                  {
                    "url": "http://www.healthintersections.com.au/fhir/Profile/metadata#type",
                    "valueString": "Schedule"
                  }
                ],
                "linkId": "DeviceUseStatement.timing[x]._Timing",
                "text": "Timing",
                "question": [
                  {
                    "linkId": "DeviceUseStatement.timing[x]._Timing.text",
                    "text": "text:",
                    "type": "string",
                    "required": false,
                    "repeats": false
                  },
                  {
                    "linkId": "DeviceUseStatement.timing[x]._Timing.date",
                    "text": "date:",
                    "type": "dateTime",
                    "required": false,
                    "repeats": false
                  },
                  {
                    "extension": [
                      {
                        "url": "http://www.healthintersections.com.au/fhir/Profile/metadata#reference",
                        "valueString": "/Patient?"
                      },
                      {
                        "url": "http://www.healthintersections.com.au/fhir/Profile/metadata#reference",
                        "valueString": "/Practitioner?"
                      },
                      {
                        "url": "http://www.healthintersections.com.au/fhir/Profile/metadata#reference",
                        "valueString": "/RelatedPerson?"
                      }
                    ],
                    "linkId": "DeviceUseStatement.timing[x]._Timing.author",
                    "text": "author:",
                    "type": "reference",
                    "required": false,
                    "repeats": false
                  }
                ]
              },
              {
                "extension": [
                  {
                    "url": "http://www.healthintersections.com.au/fhir/Profile/metadata#type",
                    "valueString": "Period"
                  }
                ],
                "linkId": "DeviceUseStatement.timing[x]._Period",
                "text": "Period",
                "question": [
                  {
                    "linkId": "DeviceUseStatement.timing[x]._Period.low",
                    "text": "start:",
                    "type": "dateTime",
                    "required": false,
                    "repeats": false
                  },
                  {
                    "linkId": "DeviceUseStatement.timing[x]._Period.end",
                    "text": "end:",
                    "type": "dateTime",
                    "required": false,
                    "repeats": false
                  }
                ]
              },
              {
                "extension": [
                  {
                    "url": "http://www.healthintersections.com.au/fhir/Profile/metadata#type",
                    "valueString": "datetime"
                  }
                ],
                "linkId": "DeviceUseStatement.timing[x]._dateTime",
                "question": [
                  {
                    "linkId": "DeviceUseStatement.timing[x]._dateTime.value",
                    "text": "dateTime",
                    "type": "dateTime",
                    "required": false,
                    "repeats": false
                  }
                ]
              }
            ]
          }
        ]
      }
    ]
  }
}