{
  "resourceType": "Questionnaire",
  "id": "qs1",
  "contained": [
    {
      "resourceType": "ValueSet",
      "id": "vs2",
      "name": "Type options for DeviceUseRequest.bodySite[x]",
      "description": "Type options for DeviceUseRequest.bodySite[x]",
      "status": "active",
      "expansion": {
        "identifier": "urn:uuid:33aa3c84-0872-4ae8-9ca3-6d675b07bf65",
        "timestamp": "2015-07-27T18:54:07-04:00",
        "contains": [
          {
            "system": "http://hl7.org/fhir/data-types",
            "code": "CodeableConcept",
            "display": "CodeableConcept"
          },
          {
            "system": "http://hl7.org/fhir/resource-types",
            "code": "bodysite-qicore-qicore-bodysite",
            "display": "bodysite-qicore-qicore-bodysite"
          }
        ]
      }
    },
    {
      "resourceType": "ValueSet",
      "id": "vs3",
      "name": "Type options for DeviceUseRequest.timing[x]",
      "description": "Type options for DeviceUseRequest.timing[x]",
      "status": "active",
      "expansion": {
        "identifier": "urn:uuid:5fab0497-819c-4c17-9f5e-015f2e3f6b7e",
        "timestamp": "2015-07-27T18:54:07-04:00",
        "contains": [
          {
            "system": "http://hl7.org/fhir/data-types",
            "code": "Timing",
            "display": "Timing"
          },
          {
            "system": "http://hl7.org/fhir/data-types",
            "code": "Period",
            "display": "Period"
          },
          {
            "system": "http://hl7.org/fhir/data-types",
            "code": "dateTime",
            "display": "dateTime"
          }
        ]
      }
    }
  ],
  "identifier": [
    {
      "system": "urn:ietf:rfc:3986"
    }
  ],
  "status": "draft",
  "date": "2015-02-27T00:00:00-05:00",
  "publisher": "Health Level Seven International (Clinical Quality Information - QI-Core)",
  "group": {
    "extension": [
      {
        "url": "http://hl7.org/fhir/Profile/questionnaire-extensions#flyover",
        "valueString": "Represents a request for a patient to employ a medical device. The device may be an implantable device, or an external assistive device, such as a walker."
      }
    ],
    "linkId": "DeviceUseRequest",
    "title": "A request for a patient to use or be given a medical device",
    "required": false,
    "repeats": true,
    "group": [
      {
        "extension": [
          {
            "url": "http://hl7.org/fhir/Profile/questionnaire-extensions#flyover",
            "valueString": "The logical id of the resource, as used in the url for the resource. Once assigned, this value never changes."
          },
          {
            "url": "http://www.healthintersections.com.au/fhir/Profile/metadata#type",
            "valueString": "string"
          }
        ],
        "linkId": "DeviceUseRequest.id",
        "required": false,
        "repeats": true,
        "question": [
          {
            "linkId": "DeviceUseRequest.id.value",
            "text": "Logical id of this artifact",
            "type": "string",
            "required": false,
            "repeats": false
          }
        ]
      },
      {
        "extension": [
          {
            "url": "http://hl7.org/fhir/Profile/questionnaire-extensions#flyover",
            "valueString": "The metadata about the resource. This is content that is maintained by the infrastructure. Changes to the content may not always be associated with version changes to the resource."
          }
        ],
        "linkId": "DeviceUseRequest.meta",
        "text": "Metadata about the resource",
        "required": false,
        "repeats": true
      },
      {
        "extension": [
          {
            "url": "http://hl7.org/fhir/Profile/questionnaire-extensions#flyover",
            "valueString": "A reference to a set of rules that were followed when the resource was constructed, and which must be understood when processing the content."
          },
          {
            "url": "http://www.healthintersections.com.au/fhir/Profile/metadata#type",
            "valueString": "uri"
          }
        ],
        "linkId": "DeviceUseRequest.implicitRules",
        "required": false,
        "repeats": true,
        "question": [
          {
            "linkId": "DeviceUseRequest.implicitRules.value",
            "text": "A set of rules under which this content was created",
            "type": "string",
            "required": false,
            "repeats": false
          }
        ]
      },
      {
        "extension": [
          {
            "url": "http://hl7.org/fhir/Profile/questionnaire-extensions#flyover",
            "valueString": "The base language in which the resource is written."
          },
          {
            "url": "http://www.healthintersections.com.au/fhir/Profile/metadata#type",
            "valueString": "code"
          }
        ],
        "linkId": "DeviceUseRequest.language",
        "required": false,
        "repeats": true,
        "question": [
          {
            "linkId": "DeviceUseRequest.language.value",
            "text": "language",
            "type": "choice",
            "required": false,
            "repeats": false
          }
        ]
      },
      {
        "extension": [
          {
            "url": "http://hl7.org/fhir/Profile/questionnaire-extensions#flyover",
            "valueString": "A human-readable narrative that contains a summary of the resource, and may be used to represent the content of the resource to a human. The narrative need not encode all the structured data, but is required to contain sufficient detail to make it \"clinically safe\" for a human to just read the narrative. Resource definitions may define what content should be represented in the narrative to ensure clinical safety."
          }
        ],
        "linkId": "DeviceUseRequest.text",
        "text": "Text summary of the resource, for human interpretation",
        "required": false,
        "repeats": true
      },
      {
        "extension": [
          {
            "url": "http://hl7.org/fhir/Profile/questionnaire-extensions#flyover",
            "valueString": "These resources do not have an independent existence apart from the resource that contains them - they cannot be identified independently, and nor can they have their own independent transaction scope."
          }
        ],
        "linkId": "DeviceUseRequest.contained",
        "text": "Contained, inline Resources",
        "required": false,
        "repeats": true
      },
      {
        "extension": [
          {
            "url": "http://hl7.org/fhir/Profile/questionnaire-extensions#flyover",
            "valueString": "An Extension"
          }
        ],
        "linkId": "DeviceUseRequest.extension",
        "text": "Extension",
        "required": false,
        "repeats": true
      },
      {
        "extension": [
          {
            "url": "http://hl7.org/fhir/Profile/questionnaire-extensions#flyover",
            "valueString": "May be used to represent additional information that is not part of the basic definition of the resource, and that modifies the understanding of the element that contains it. Usually modifier elements provide negation or qualification. In order to make the use of extensions safe and manageable, there is a strict set of governance applied to the definition and use of extensions. Though any implementer is allowed to define an extension, there is a set of requirements that SHALL be met as part of the definition of the extension. Applications processing a resource are required to check for modifier extensions."
          }
        ],
        "linkId": "DeviceUseRequest.modifierExtension",
        "text": "Extensions that cannot be ignored",
        "required": false,
        "repeats": true
      },
      {
        "extension": [
          {
            "url": "http://hl7.org/fhir/Profile/questionnaire-extensions#flyover",
            "valueString": "Indicates the site on the subject's body where the device should be used ( i.e. the target site)."
          }
        ],
        "linkId": "DeviceUseRequest.bodySite[x]",
        "text": "Target body site",
        "required": false,
        "repeats": true,
        "question": [
          {
            "linkId": "DeviceUseRequest.bodySite[x]._type",
            "text": "type",
            "type": "choice",
            "required": false,
            "repeats": false,
            "options": {
              "reference": "#vs2"
            },
            "group": [
              {
                "extension": [
                  {
                    "url": "http://www.healthintersections.com.au/fhir/Profile/metadata#type",
                    "valueString": "CodeableConcept"
                  }
                ],
                "linkId": "DeviceUseRequest.bodySite[x]._CodeableConcept",
                "text": "CodeableConcept",
                "question": [
                  {
                    "linkId": "DeviceUseRequest.bodySite[x]._CodeableConcept.coding",
                    "text": "code:",
                    "type": "open-choice",
                    "required": false,
                    "repeats": false
                  },
                  {
                    "linkId": "DeviceUseRequest.bodySite[x]._CodeableConcept.text",
                    "text": "text:",
                    "type": "string",
                    "required": false,
                    "repeats": false
                  }
                ]
              },
              {
                "extension": [
                  {
                    "url": "http://www.healthintersections.com.au/fhir/Profile/metadata#type",
                    "valueString": "Reference"
                  }
                ],
                "linkId": "DeviceUseRequest.bodySite[x]._bodysite-qicore-qicore-bodysite",
                "question": [
                  {
                    "extension": [
                      {
                        "url": "http://www.healthintersections.com.au/fhir/Profile/metadata#reference",
                        "valueString": "/bodysite-qicore-qicore-bodysite?subject=$subj&patient=$subj&encounter=$encounter"
                      }
                    ],
                    "linkId": "DeviceUseRequest.bodySite[x]._bodysite-qicore-qicore-bodysite.value",
                    "text": "bodysite-qicore-qicore-bodysite",
                    "type": "reference",
                    "required": false,
                    "repeats": false
                  }
                ]
              }
            ]
          }
        ]
      },
      {
        "extension": [
          {
            "url": "http://hl7.org/fhir/Profile/questionnaire-extensions#flyover",
            "valueString": "The status of the request."
          },
          {
            "url": "http://www.healthintersections.com.au/fhir/Profile/metadata#type",
            "valueString": "code"
          }
        ],
        "linkId": "DeviceUseRequest.status",
        "required": false,
        "repeats": true,
        "question": [
          {
            "linkId": "DeviceUseRequest.status.value",
            "text": "status",
            "type": "choice",
            "required": false,
            "repeats": false
          }
        ]
      },
      {
        "extension": [
          {
            "url": "http://hl7.org/fhir/Profile/questionnaire-extensions#flyover",
            "valueString": "The details of the device  to be used."
          },
          {
            "url": "http://www.healthintersections.com.au/fhir/Profile/metadata#type",
            "valueString": "Reference"
          }
        ],
        "linkId": "DeviceUseRequest.device",
        "required": true,
        "repeats": true,
        "question": [
          {
            "extension": [
              {
                "url": "http://www.healthintersections.com.au/fhir/Profile/metadata#reference",
                "valueString": "/device-qicore-qicore-device?subject=$subj&patient=$subj&encounter=$encounter"
              }
            ],
            "linkId": "DeviceUseRequest.device.value",
            "text": "Device requested",
            "type": "reference",
            "required": false,
            "repeats": false
          }
        ]
      },
      {
        "extension": [
          {
            "url": "http://hl7.org/fhir/Profile/questionnaire-extensions#flyover",
            "valueString": "An encounter that provides additional context in which this request is made."
          },
          {
            "url": "http://www.healthintersections.com.au/fhir/Profile/metadata#type",
            "valueString": "Reference"
          }
        ],
        "linkId": "DeviceUseRequest.encounter",
        "required": false,
        "repeats": true,
        "question": [
          {
            "extension": [
              {
                "url": "http://www.healthintersections.com.au/fhir/Profile/metadata#reference",
                "valueString": "/encounter-qicore-qicore-encounter?subject=$subj&patient=$subj&encounter=$encounter"
              }
            ],
            "linkId": "DeviceUseRequest.encounter.value",
            "text": "Encounter motivating request",
            "type": "reference",
            "required": false,
            "repeats": false
          }
        ]
      },
      {
        "extension": [
          {
            "url": "http://hl7.org/fhir/Profile/questionnaire-extensions#flyover",
            "valueString": "Identifiers assigned to this order by the orderer or by the receiver."
          },
          {
            "url": "http://www.healthintersections.com.au/fhir/Profile/metadata#type",
            "valueString": "Identifier"
          }
        ],
        "linkId": "DeviceUseRequest.identifier",
        "text": "Request identifier",
        "required": false,
        "repeats": true,
        "question": [
          {
            "linkId": "DeviceUseRequest.identifier.label",
            "text": "label:",
            "type": "string",
            "required": false,
            "repeats": false
          },
          {
            "linkId": "DeviceUseRequest.identifier.system",
            "text": "system:",
            "type": "string",
            "required": false,
            "repeats": false
          },
          {
            "linkId": "DeviceUseRequest.identifier.value",
            "text": "value:",
            "type": "string",
            "required": false,
            "repeats": false
          }
        ]
      },
      {
        "extension": [
          {
            "url": "http://hl7.org/fhir/Profile/questionnaire-extensions#flyover",
            "valueString": "Reason or justification for the use of this device."
          },
          {
            "url": "http://www.healthintersections.com.au/fhir/Profile/metadata#type",
            "valueString": "CodeableConcept"
          }
        ],
        "linkId": "DeviceUseRequest.indication",
        "text": "Reason for request",
        "required": false,
        "repeats": true,
        "question": [
          {
            "linkId": "DeviceUseRequest.indication.coding",
            "text": "code:",
            "type": "open-choice",
            "required": false,
            "repeats": false
          },
          {
            "linkId": "DeviceUseRequest.indication.text",
            "text": "text:",
            "type": "string",
            "required": false,
            "repeats": false
          }
        ]
      },
      {
        "extension": [
          {
            "url": "http://hl7.org/fhir/Profile/questionnaire-extensions#flyover",
            "valueString": "Details about this request that were not represented at all or sufficiently in one of the attributes provided in a class. These may include for example a comment, an instruction, or a note associated with the statement."
          },
          {
            "url": "http://www.healthintersections.com.au/fhir/Profile/metadata#type",
            "valueString": "string"
          }
        ],
        "linkId": "DeviceUseRequest.notes",
        "required": false,
        "repeats": true,
        "question": [
          {
            "linkId": "DeviceUseRequest.notes.value",
            "text": "Notes or comments",
            "type": "string",
            "required": false,
            "repeats": false
          }
        ]
      },
      {
        "extension": [
          {
            "url": "http://hl7.org/fhir/Profile/questionnaire-extensions#flyover",
            "valueString": "The proposed act must be performed if the indicated conditions occur, e.g.., shortness of breath, SpO2 less than x%."
          },
          {
            "url": "http://www.healthintersections.com.au/fhir/Profile/metadata#type",
            "valueString": "CodeableConcept"
          }
        ],
        "linkId": "DeviceUseRequest.prnReason",
        "text": "PRN",
        "required": false,
        "repeats": true,
        "question": [
          {
            "linkId": "DeviceUseRequest.prnReason.coding",
            "text": "code:",
            "type": "open-choice",
            "required": false,
            "repeats": false
          },
          {
            "linkId": "DeviceUseRequest.prnReason.text",
            "text": "text:",
            "type": "string",
            "required": false,
            "repeats": false
          }
        ]
      },
      {
        "extension": [
          {
            "url": "http://hl7.org/fhir/Profile/questionnaire-extensions#flyover",
            "valueString": "The time when the request was made."
          },
          {
            "url": "http://www.healthintersections.com.au/fhir/Profile/metadata#type",
            "valueString": "datetime"
          }
        ],
        "linkId": "DeviceUseRequest.orderedOn",
        "required": false,
        "repeats": true,
        "question": [
          {
            "linkId": "DeviceUseRequest.orderedOn.value",
            "text": "When ordered",
            "type": "dateTime",
            "required": false,
            "repeats": false
          }
        ]
      },
      {
        "extension": [
          {
            "url": "http://hl7.org/fhir/Profile/questionnaire-extensions#flyover",
            "valueString": "The time at which the request was made/recorded."
          },
          {
            "url": "http://www.healthintersections.com.au/fhir/Profile/metadata#type",
            "valueString": "datetime"
          }
        ],
        "linkId": "DeviceUseRequest.recordedOn",
        "required": false,
        "repeats": true,
        "question": [
          {
            "linkId": "DeviceUseRequest.recordedOn.value",
            "text": "When recorded",
            "type": "dateTime",
            "required": false,
            "repeats": false
          }
        ]
      },
      {
        "extension": [
          {
            "url": "http://hl7.org/fhir/Profile/questionnaire-extensions#flyover",
            "valueString": "The patient who will use the device."
          },
          {
            "url": "http://www.healthintersections.com.au/fhir/Profile/metadata#type",
            "valueString": "Reference"
          }
        ],
        "linkId": "DeviceUseRequest.subject",
        "required": true,
        "repeats": true,
        "question": [
          {
            "extension": [
              {
                "url": "http://www.healthintersections.com.au/fhir/Profile/metadata#reference",
                "valueString": "/patient-qicore-qicore-patient?subject=$subj&patient=$subj&encounter=$encounter"
              }
            ],
            "linkId": "DeviceUseRequest.subject.value",
            "text": "Focus of request",
            "type": "reference",
            "required": false,
            "repeats": false
          }
        ]
      },
      {
        "extension": [
          {
            "url": "http://hl7.org/fhir/Profile/questionnaire-extensions#flyover",
            "valueString": "The timing schedule for the use of the device The Schedule data type allows many different expressions, for example. \"Every 8 hours\"; \"Three times a day\"; \"1/2 an hour before breakfast for 10 days from 23-Dec 2011:\"; \"15 Oct 2013, 17 Oct 2013 and 1 Nov 2013\"."
          }
        ],
        "linkId": "DeviceUseRequest.timing[x]",
        "text": "Schedule for use",
        "required": false,
        "repeats": true,
        "question": [
          {
            "linkId": "DeviceUseRequest.timing[x]._type",
            "text": "type",
            "type": "choice",
            "required": false,
            "repeats": false,
            "options": {
              "reference": "#vs3"
            },
            "group": [
              {
                "extension": [
                  {
                    "url": "http://www.healthintersections.com.au/fhir/Profile/metadata#type",
                    "valueString": "Schedule"
                  }
                ],
                "linkId": "DeviceUseRequest.timing[x]._Timing",
                "text": "Timing",
                "question": [
                  {
                    "linkId": "DeviceUseRequest.timing[x]._Timing.text",
                    "text": "text:",
                    "type": "string",
                    "required": false,
                    "repeats": false
                  },
                  {
                    "linkId": "DeviceUseRequest.timing[x]._Timing.date",
                    "text": "date:",
                    "type": "dateTime",
                    "required": false,
                    "repeats": false
                  },
                  {
                    "extension": [
                      {
                        "url": "http://www.healthintersections.com.au/fhir/Profile/metadata#reference",
                        "valueString": "/Patient?"
                      },
                      {
                        "url": "http://www.healthintersections.com.au/fhir/Profile/metadata#reference",
                        "valueString": "/Practitioner?"
                      },
                      {
                        "url": "http://www.healthintersections.com.au/fhir/Profile/metadata#reference",
                        "valueString": "/RelatedPerson?"
                      }
                    ],
                    "linkId": "DeviceUseRequest.timing[x]._Timing.author",
                    "text": "author:",
                    "type": "reference",
                    "required": false,
                    "repeats": false
                  }
                ]
              },
              {
                "extension": [
                  {
                    "url": "http://www.healthintersections.com.au/fhir/Profile/metadata#type",
                    "valueString": "Period"
                  }
                ],
                "linkId": "DeviceUseRequest.timing[x]._Period",
                "text": "Period",
                "question": [
                  {
                    "linkId": "DeviceUseRequest.timing[x]._Period.low",
                    "text": "start:",
                    "type": "dateTime",
                    "required": false,
                    "repeats": false
                  },
                  {
                    "linkId": "DeviceUseRequest.timing[x]._Period.end",
                    "text": "end:",
                    "type": "dateTime",
                    "required": false,
                    "repeats": false
                  }
                ]
              },
              {
                "extension": [
                  {
                    "url": "http://www.healthintersections.com.au/fhir/Profile/metadata#type",
                    "valueString": "datetime"
                  }
                ],
                "linkId": "DeviceUseRequest.timing[x]._dateTime",
                "question": [
                  {
                    "linkId": "DeviceUseRequest.timing[x]._dateTime.value",
                    "text": "dateTime",
                    "type": "dateTime",
                    "required": false,
                    "repeats": false
                  }
                ]
              }
            ]
          }
        ]
      },
      {
        "extension": [
          {
            "url": "http://hl7.org/fhir/Profile/questionnaire-extensions#flyover",
            "valueString": "Characterizes how quickly the  use of device must be initiated. Includes concepts such as stat, urgent, routine."
          },
          {
            "url": "http://www.healthintersections.com.au/fhir/Profile/metadata#type",
            "valueString": "code"
          }
        ],
        "linkId": "DeviceUseRequest.priority",
        "required": false,
        "repeats": true,
        "question": [
          {
            "linkId": "DeviceUseRequest.priority.value",
            "text": "priority",
            "type": "choice",
            "required": false,
            "repeats": false
          }
        ]
      }
    ]
  }
}