{
  "resourceType": "Questionnaire",
  "id": "qs1",
  "contained": [
    {
      "resourceType": "ValueSet",
      "id": "vs2",
      "name": "Type options for DiagnosticReport.subject",
      "description": "Type options for DiagnosticReport.subject",
      "status": "active",
      "expansion": {
        "identifier": "urn:uuid:a6d16520-9e84-412e-970f-c07461306657",
        "timestamp": "2015-07-28T17:34:23-04:00",
        "contains": [
          {
            "system": "http://hl7.org/fhir/resource-types",
            "code": "Patient",
            "display": "Patient"
          },
          {
            "system": "http://hl7.org/fhir/resource-types",
            "code": "Group",
            "display": "Group"
          },
          {
            "system": "http://hl7.org/fhir/resource-types",
            "code": "Device",
            "display": "Device"
          },
          {
            "system": "http://hl7.org/fhir/resource-types",
            "code": "Location",
            "display": "Location"
          }
        ]
      }
    },
    {
      "resourceType": "ValueSet",
      "id": "vs3",
      "name": "Type options for DiagnosticReport.performer",
      "description": "Type options for DiagnosticReport.performer",
      "status": "active",
      "expansion": {
        "identifier": "urn:uuid:b8e29012-0b1b-4dd6-831b-baee7b44df2a",
        "timestamp": "2015-07-28T17:34:23-04:00",
        "contains": [
          {
            "system": "http://hl7.org/fhir/resource-types",
            "code": "Practitioner",
            "display": "Practitioner"
          },
          {
            "system": "http://hl7.org/fhir/resource-types",
            "code": "Organization",
            "display": "Organization"
          }
        ]
      }
    },
    {
      "resourceType": "ValueSet",
      "id": "vs4",
      "name": "Type options for DiagnosticReport.effective[x]",
      "description": "Type options for DiagnosticReport.effective[x]",
      "status": "active",
      "expansion": {
        "identifier": "urn:uuid:c3242d2c-f3d0-4f04-9043-1efafd9f73f0",
        "timestamp": "2015-07-28T17:34:23-04:00",
        "contains": [
          {
            "system": "http://hl7.org/fhir/data-types",
            "code": "dateTime",
            "display": "dateTime"
          },
          {
            "system": "http://hl7.org/fhir/data-types",
            "code": "Period",
            "display": "Period"
          }
        ]
      }
    },
    {
      "resourceType": "ValueSet",
      "id": "vs5",
      "name": "Type options for DiagnosticReport.imagingStudy",
      "description": "Type options for DiagnosticReport.imagingStudy",
      "status": "active",
      "expansion": {
        "identifier": "urn:uuid:7f4d5704-3f06-49b1-b54f-5ea8c6d0d1fe",
        "timestamp": "2015-07-28T17:34:23-04:00",
        "contains": [
          {
            "system": "http://hl7.org/fhir/resource-types",
            "code": "ImagingStudy",
            "display": "ImagingStudy"
          },
          {
            "system": "http://hl7.org/fhir/resource-types",
            "code": "ImagingObjectSelection",
            "display": "ImagingObjectSelection"
          }
        ]
      }
    }
  ],
  "identifier": [
    {
      "system": "urn:ietf:rfc:3986"
    }
  ],
  "status": "draft",
  "date": "2015-07-28T17:31:19-04:00",
  "publisher": "Health Level Seven International (Orders and Observations)",
  "group": {
    "extension": [
      {
        "url": "http://hl7.org/fhir/Profile/questionnaire-extensions#flyover",
        "valueString": "The findings and interpretation of diagnostic  tests performed on patients, groups of patients, devices, and locations, and/or specimens derived from these. The report includes clinical context such as requesting and provider information, and some mix of atomic results, images, textual and coded interpretation, and formatted representation of diagnostic reports."
      }
    ],
    "linkId": "DiagnosticReport",
    "title": "A Diagnostic report - a combination of request information, atomic results, images, interpretation, as well as formatted reports",
    "required": false,
    "repeats": true,
    "group": [
      {
        "extension": [
          {
            "url": "http://hl7.org/fhir/Profile/questionnaire-extensions#flyover",
            "valueString": "The logical id of the resource, as used in the url for the resource. Once assigned, this value never changes."
          },
          {
            "url": "http://www.healthintersections.com.au/fhir/Profile/metadata#type",
            "valueString": "string"
          }
        ],
        "linkId": "DiagnosticReport.id",
        "required": false,
        "repeats": true,
        "question": [
          {
            "linkId": "DiagnosticReport.id.value",
            "text": "Logical id of this artifact",
            "type": "string",
            "required": false,
            "repeats": false
          }
        ]
      },
      {
        "extension": [
          {
            "url": "http://hl7.org/fhir/Profile/questionnaire-extensions#flyover",
            "valueString": "The metadata about the resource. This is content that is maintained by the infrastructure. Changes to the content may not always be associated with version changes to the resource."
          }
        ],
        "linkId": "DiagnosticReport.meta",
        "text": "Metadata about the resource",
        "required": false,
        "repeats": true
      },
      {
        "extension": [
          {
            "url": "http://hl7.org/fhir/Profile/questionnaire-extensions#flyover",
            "valueString": "A reference to a set of rules that were followed when the resource was constructed, and which must be understood when processing the content."
          },
          {
            "url": "http://www.healthintersections.com.au/fhir/Profile/metadata#type",
            "valueString": "uri"
          }
        ],
        "linkId": "DiagnosticReport.implicitRules",
        "required": false,
        "repeats": true,
        "question": [
          {
            "linkId": "DiagnosticReport.implicitRules.value",
            "text": "A set of rules under which this content was created",
            "type": "string",
            "required": false,
            "repeats": false
          }
        ]
      },
      {
        "extension": [
          {
            "url": "http://hl7.org/fhir/Profile/questionnaire-extensions#flyover",
            "valueString": "The base language in which the resource is written."
          },
          {
            "url": "http://www.healthintersections.com.au/fhir/Profile/metadata#type",
            "valueString": "code"
          }
        ],
        "linkId": "DiagnosticReport.language",
        "required": false,
        "repeats": true,
        "question": [
          {
            "linkId": "DiagnosticReport.language.value",
            "text": "language",
            "type": "choice",
            "required": false,
            "repeats": false
          }
        ]
      },
      {
        "extension": [
          {
            "url": "http://hl7.org/fhir/Profile/questionnaire-extensions#flyover",
            "valueString": "A human-readable narrative that contains a summary of the resource, and may be used to represent the content of the resource to a human. The narrative need not encode all the structured data, but is required to contain sufficient detail to make it \"clinically safe\" for a human to just read the narrative. Resource definitions may define what content should be represented in the narrative to ensure clinical safety."
          }
        ],
        "linkId": "DiagnosticReport.text",
        "text": "Text summary of the resource, for human interpretation",
        "required": false,
        "repeats": true
      },
      {
        "extension": [
          {
            "url": "http://hl7.org/fhir/Profile/questionnaire-extensions#flyover",
            "valueString": "These resources do not have an independent existence apart from the resource that contains them - they cannot be identified independently, and nor can they have their own independent transaction scope."
          }
        ],
        "linkId": "DiagnosticReport.contained",
        "text": "Contained, inline Resources",
        "required": false,
        "repeats": true
      },
      {
        "extension": [
          {
            "url": "http://hl7.org/fhir/Profile/questionnaire-extensions#flyover",
            "valueString": "May be used to represent additional information that is not part of the basic definition of the resource. In order to make the use of extensions safe and manageable, there is a strict set of governance  applied to the definition and use of extensions. Though any implementer is allowed to define an extension, there is a set of requirements that SHALL be met as part of the definition of the extension."
          }
        ],
        "linkId": "DiagnosticReport.extension",
        "text": "Additional Content defined by implementations",
        "required": false,
        "repeats": true
      },
      {
        "extension": [
          {
            "url": "http://hl7.org/fhir/Profile/questionnaire-extensions#flyover",
            "valueString": "May be used to represent additional information that is not part of the basic definition of the resource, and that modifies the understanding of the element that contains it. Usually modifier elements provide negation or qualification. In order to make the use of extensions safe and manageable, there is a strict set of governance applied to the definition and use of extensions. Though any implementer is allowed to define an extension, there is a set of requirements that SHALL be met as part of the definition of the extension. Applications processing a resource are required to check for modifier extensions."
          }
        ],
        "linkId": "DiagnosticReport.modifierExtension",
        "text": "Extensions that cannot be ignored",
        "required": false,
        "repeats": true
      },
      {
        "extension": [
          {
            "url": "http://hl7.org/fhir/Profile/questionnaire-extensions#flyover",
            "valueString": "A code or name that describes this diagnostic report."
          },
          {
            "url": "http://www.healthintersections.com.au/fhir/Profile/metadata#type",
            "valueString": "CodeableConcept"
          }
        ],
        "linkId": "DiagnosticReport.code",
        "text": "Name/Code for this diagnostic report",
        "required": true,
        "repeats": true,
        "question": [
          {
            "linkId": "DiagnosticReport.code.coding",
            "text": "code:",
            "type": "open-choice",
            "required": false,
            "repeats": false
          },
          {
            "linkId": "DiagnosticReport.code.text",
            "text": "text:",
            "type": "string",
            "required": false,
            "repeats": false
          }
        ]
      },
      {
        "extension": [
          {
            "url": "http://hl7.org/fhir/Profile/questionnaire-extensions#flyover",
            "valueString": "The status of the diagnostic report as a whole."
          },
          {
            "url": "http://www.healthintersections.com.au/fhir/Profile/metadata#type",
            "valueString": "code"
          }
        ],
        "linkId": "DiagnosticReport.status",
        "required": true,
        "repeats": true,
        "question": [
          {
            "linkId": "DiagnosticReport.status.value",
            "text": "status",
            "type": "choice",
            "required": false,
            "repeats": false
          }
        ]
      },
      {
        "extension": [
          {
            "url": "http://hl7.org/fhir/Profile/questionnaire-extensions#flyover",
            "valueString": "The date and time that this version of the report was released from the source diagnostic service."
          },
          {
            "url": "http://www.healthintersections.com.au/fhir/Profile/metadata#type",
            "valueString": "instant"
          }
        ],
        "linkId": "DiagnosticReport.issued",
        "required": true,
        "repeats": true,
        "question": [
          {
            "linkId": "DiagnosticReport.issued.value",
            "text": "DateTime this version was released",
            "type": "instant",
            "required": false,
            "repeats": false
          }
        ]
      },
      {
        "extension": [
          {
            "url": "http://hl7.org/fhir/Profile/questionnaire-extensions#flyover",
            "valueString": "The subject of the report. Usually, but not always, this is a patient. However diagnostic services also perform analyses on specimens collected from a variety of other sources."
          }
        ],
        "linkId": "DiagnosticReport.subject",
        "text": "The subject of the report, usually, but not always, the patient",
        "required": true,
        "repeats": true,
        "question": [
          {
            "linkId": "DiagnosticReport.subject._type",
            "text": "type",
            "type": "choice",
            "required": false,
            "repeats": false,
            "options": {
              "reference": "#vs2"
            },
            "group": [
              {
                "extension": [
                  {
                    "url": "http://www.healthintersections.com.au/fhir/Profile/metadata#type",
                    "valueString": "Reference"
                  }
                ],
                "linkId": "DiagnosticReport.subject._Patient",
                "question": [
                  {
                    "extension": [
                      {
                        "url": "http://www.healthintersections.com.au/fhir/Profile/metadata#reference",
                        "valueString": "/Patient?subject=$subj&patient=$subj&encounter=$encounter"
                      }
                    ],
                    "linkId": "DiagnosticReport.subject._Patient.value",
                    "text": "Patient",
                    "type": "reference",
                    "required": false,
                    "repeats": false
                  }
                ]
              },
              {
                "extension": [
                  {
                    "url": "http://www.healthintersections.com.au/fhir/Profile/metadata#type",
                    "valueString": "Reference"
                  }
                ],
                "linkId": "DiagnosticReport.subject._Group",
                "question": [
                  {
                    "extension": [
                      {
                        "url": "http://www.healthintersections.com.au/fhir/Profile/metadata#reference",
                        "valueString": "/Group?subject=$subj&patient=$subj&encounter=$encounter"
                      }
                    ],
                    "linkId": "DiagnosticReport.subject._Group.value",
                    "text": "Group",
                    "type": "reference",
                    "required": false,
                    "repeats": false
                  }
                ]
              },
              {
                "extension": [
                  {
                    "url": "http://www.healthintersections.com.au/fhir/Profile/metadata#type",
                    "valueString": "Reference"
                  }
                ],
                "linkId": "DiagnosticReport.subject._Device",
                "question": [
                  {
                    "extension": [
                      {
                        "url": "http://www.healthintersections.com.au/fhir/Profile/metadata#reference",
                        "valueString": "/Device?subject=$subj&patient=$subj&encounter=$encounter"
                      }
                    ],
                    "linkId": "DiagnosticReport.subject._Device.value",
                    "text": "Device",
                    "type": "reference",
                    "required": false,
                    "repeats": false
                  }
                ]
              },
              {
                "extension": [
                  {
                    "url": "http://www.healthintersections.com.au/fhir/Profile/metadata#type",
                    "valueString": "Reference"
                  }
                ],
                "linkId": "DiagnosticReport.subject._Location",
                "question": [
                  {
                    "extension": [
                      {
                        "url": "http://www.healthintersections.com.au/fhir/Profile/metadata#reference",
                        "valueString": "/Location?subject=$subj&patient=$subj&encounter=$encounter"
                      }
                    ],
                    "linkId": "DiagnosticReport.subject._Location.value",
                    "text": "Location",
                    "type": "reference",
                    "required": false,
                    "repeats": false
                  }
                ]
              }
            ]
          }
        ]
      },
      {
        "extension": [
          {
            "url": "http://hl7.org/fhir/Profile/questionnaire-extensions#flyover",
            "valueString": "The diagnostic service that is responsible for issuing the report."
          }
        ],
        "linkId": "DiagnosticReport.performer",
        "text": "Responsible Diagnostic Service",
        "required": true,
        "repeats": true,
        "question": [
          {
            "linkId": "DiagnosticReport.performer._type",
            "text": "type",
            "type": "choice",
            "required": false,
            "repeats": false,
            "options": {
              "reference": "#vs3"
            },
            "group": [
              {
                "extension": [
                  {
                    "url": "http://www.healthintersections.com.au/fhir/Profile/metadata#type",
                    "valueString": "Reference"
                  }
                ],
                "linkId": "DiagnosticReport.performer._Practitioner",
                "question": [
                  {
                    "extension": [
                      {
                        "url": "http://www.healthintersections.com.au/fhir/Profile/metadata#reference",
                        "valueString": "/Practitioner?subject=$subj&patient=$subj&encounter=$encounter"
                      }
                    ],
                    "linkId": "DiagnosticReport.performer._Practitioner.value",
                    "text": "Practitioner",
                    "type": "reference",
                    "required": false,
                    "repeats": false
                  }
                ]
              },
              {
                "extension": [
                  {
                    "url": "http://www.healthintersections.com.au/fhir/Profile/metadata#type",
                    "valueString": "Reference"
                  }
                ],
                "linkId": "DiagnosticReport.performer._Organization",
                "question": [
                  {
                    "extension": [
                      {
                        "url": "http://www.healthintersections.com.au/fhir/Profile/metadata#reference",
                        "valueString": "/Organization?subject=$subj&patient=$subj&encounter=$encounter"
                      }
                    ],
                    "linkId": "DiagnosticReport.performer._Organization.value",
                    "text": "Organization",
                    "type": "reference",
                    "required": false,
                    "repeats": false
                  }
                ]
              }
            ]
          }
        ]
      },
      {
        "extension": [
          {
            "url": "http://hl7.org/fhir/Profile/questionnaire-extensions#flyover",
            "valueString": "The link to the health care event (encounter) when the order was made."
          },
          {
            "url": "http://www.healthintersections.com.au/fhir/Profile/metadata#type",
            "valueString": "Reference"
          }
        ],
        "linkId": "DiagnosticReport.encounter",
        "required": false,
        "repeats": true,
        "question": [
          {
            "extension": [
              {
                "url": "http://www.healthintersections.com.au/fhir/Profile/metadata#reference",
                "valueString": "/Encounter?subject=$subj&patient=$subj&encounter=$encounter"
              }
            ],
            "linkId": "DiagnosticReport.encounter.value",
            "text": "Health care event when test ordered",
            "type": "reference",
            "required": false,
            "repeats": false
          }
        ]
      },
      {
        "extension": [
          {
            "url": "http://hl7.org/fhir/Profile/questionnaire-extensions#flyover",
            "valueString": "The local ID assigned to the report by the order filler, usually by the Information System of the diagnostic service provider."
          },
          {
            "url": "http://www.healthintersections.com.au/fhir/Profile/metadata#type",
            "valueString": "Identifier"
          }
        ],
        "linkId": "DiagnosticReport.identifier",
        "text": "Id for external references to this report",
        "required": false,
        "repeats": true,
        "question": [
          {
            "linkId": "DiagnosticReport.identifier.label",
            "text": "label:",
            "type": "string",
            "required": false,
            "repeats": false
          },
          {
            "linkId": "DiagnosticReport.identifier.system",
            "text": "system:",
            "type": "string",
            "required": false,
            "repeats": false
          },
          {
            "linkId": "DiagnosticReport.identifier.value",
            "text": "value:",
            "type": "string",
            "required": false,
            "repeats": false
          }
        ]
      },
      {
        "extension": [
          {
            "url": "http://hl7.org/fhir/Profile/questionnaire-extensions#flyover",
            "valueString": "Details concerning a test requested."
          },
          {
            "url": "http://www.healthintersections.com.au/fhir/Profile/metadata#type",
            "valueString": "Reference"
          }
        ],
        "linkId": "DiagnosticReport.requestDetail",
        "required": false,
        "repeats": true,
        "question": [
          {
            "extension": [
              {
                "url": "http://www.healthintersections.com.au/fhir/Profile/metadata#reference",
                "valueString": "/DiagnosticOrder?subject=$subj&patient=$subj&encounter=$encounter"
              }
            ],
            "linkId": "DiagnosticReport.requestDetail.value",
            "text": "What was requested",
            "type": "reference",
            "required": false,
            "repeats": false
          }
        ]
      },
      {
        "extension": [
          {
            "url": "http://hl7.org/fhir/Profile/questionnaire-extensions#flyover",
            "valueString": "The section of the diagnostic service that performs the examination e.g. biochemistry, hematology, MRI."
          },
          {
            "url": "http://www.healthintersections.com.au/fhir/Profile/metadata#type",
            "valueString": "CodeableConcept"
          }
        ],
        "linkId": "DiagnosticReport.serviceCategory",
        "text": "Biochemistry, Hematology etc.",
        "required": false,
        "repeats": true,
        "question": [
          {
            "linkId": "DiagnosticReport.serviceCategory.coding",
            "text": "code:",
            "type": "open-choice",
            "required": false,
            "repeats": false
          },
          {
            "linkId": "DiagnosticReport.serviceCategory.text",
            "text": "text:",
            "type": "string",
            "required": false,
            "repeats": false
          }
        ]
      },
      {
        "extension": [
          {
            "url": "http://hl7.org/fhir/Profile/questionnaire-extensions#flyover",
            "valueString": "The time or time-period the observed values are related to. When the subject of the report is a patient, this is usually either the time of the procedure or of specimen collection(s), but very often the source of the date/time is not known, only the date/time itself."
          }
        ],
        "linkId": "DiagnosticReport.effective[x]",
        "text": "Clinically Relevant time/time-period for report",
        "required": true,
        "repeats": true,
        "question": [
          {
            "linkId": "DiagnosticReport.effective[x]._type",
            "text": "type",
            "type": "choice",
            "required": false,
            "repeats": false,
            "options": {
              "reference": "#vs4"
            },
            "group": [
              {
                "extension": [
                  {
                    "url": "http://www.healthintersections.com.au/fhir/Profile/metadata#type",
                    "valueString": "datetime"
                  }
                ],
                "linkId": "DiagnosticReport.effective[x]._dateTime",
                "question": [
                  {
                    "linkId": "DiagnosticReport.effective[x]._dateTime.value",
                    "text": "dateTime",
                    "type": "dateTime",
                    "required": false,
                    "repeats": false
                  }
                ]
              },
              {
                "extension": [
                  {
                    "url": "http://www.healthintersections.com.au/fhir/Profile/metadata#type",
                    "valueString": "Period"
                  }
                ],
                "linkId": "DiagnosticReport.effective[x]._Period",
                "text": "Period",
                "question": [
                  {
                    "linkId": "DiagnosticReport.effective[x]._Period.low",
                    "text": "start:",
                    "type": "dateTime",
                    "required": false,
                    "repeats": false
                  },
                  {
                    "linkId": "DiagnosticReport.effective[x]._Period.end",
                    "text": "end:",
                    "type": "dateTime",
                    "required": false,
                    "repeats": false
                  }
                ]
              }
            ]
          }
        ]
      },
      {
        "extension": [
          {
            "url": "http://hl7.org/fhir/Profile/questionnaire-extensions#flyover",
            "valueString": "Details about the specimens on which this diagnostic report is based."
          },
          {
            "url": "http://www.healthintersections.com.au/fhir/Profile/metadata#type",
            "valueString": "Reference"
          }
        ],
        "linkId": "DiagnosticReport.specimen",
        "required": false,
        "repeats": true,
        "question": [
          {
            "extension": [
              {
                "url": "http://www.healthintersections.com.au/fhir/Profile/metadata#reference",
                "valueString": "/Specimen?subject=$subj&patient=$subj&encounter=$encounter"
              }
            ],
            "linkId": "DiagnosticReport.specimen.value",
            "text": "Specimens this report is based on",
            "type": "reference",
            "required": false,
            "repeats": false
          }
        ]
      },
      {
        "extension": [
          {
            "url": "http://hl7.org/fhir/Profile/questionnaire-extensions#flyover",
            "valueString": "Observations that are part of this diagnostic report. Observations can be simple name/value pairs (e.g. \"atomic\" results), or they can be grouping observations that include references to other members of the group (e.g. \"panels\")."
          },
          {
            "url": "http://www.healthintersections.com.au/fhir/Profile/metadata#type",
            "valueString": "Reference"
          }
        ],
        "linkId": "DiagnosticReport.result",
        "required": false,
        "repeats": true,
        "question": [
          {
            "extension": [
              {
                "url": "http://www.healthintersections.com.au/fhir/Profile/metadata#reference",
                "valueString": "/Observation?subject=$subj&patient=$subj&encounter=$encounter"
              }
            ],
            "linkId": "DiagnosticReport.result.value",
            "text": "Observations - simple, or complex nested groups",
            "type": "reference",
            "required": false,
            "repeats": false
          }
        ]
      },
      {
        "extension": [
          {
            "url": "http://hl7.org/fhir/Profile/questionnaire-extensions#flyover",
            "valueString": "One or more links to full details of any imaging performed during the diagnostic investigation. Typically, this is imaging performed by DICOM enabled modalities, but this is not required. A fully enabled PACS viewer can use this information to provide views of the source images."
          }
        ],
        "linkId": "DiagnosticReport.imagingStudy",
        "text": "Reference to full details of imaging associated with the diagnostic report",
        "required": false,
        "repeats": true,
        "question": [
          {
            "linkId": "DiagnosticReport.imagingStudy._type",
            "text": "type",
            "type": "choice",
            "required": false,
            "repeats": false,
            "options": {
              "reference": "#vs5"
            },
            "group": [
              {
                "extension": [
                  {
                    "url": "http://www.healthintersections.com.au/fhir/Profile/metadata#type",
                    "valueString": "Reference"
                  }
                ],
                "linkId": "DiagnosticReport.imagingStudy._ImagingStudy",
                "question": [
                  {
                    "extension": [
                      {
                        "url": "http://www.healthintersections.com.au/fhir/Profile/metadata#reference",
                        "valueString": "/ImagingStudy?subject=$subj&patient=$subj&encounter=$encounter"
                      }
                    ],
                    "linkId": "DiagnosticReport.imagingStudy._ImagingStudy.value",
                    "text": "ImagingStudy",
                    "type": "reference",
                    "required": false,
                    "repeats": false
                  }
                ]
              },
              {
                "extension": [
                  {
                    "url": "http://www.healthintersections.com.au/fhir/Profile/metadata#type",
                    "valueString": "Reference"
                  }
                ],
                "linkId": "DiagnosticReport.imagingStudy._ImagingObjectSelection",
                "question": [
                  {
                    "extension": [
                      {
                        "url": "http://www.healthintersections.com.au/fhir/Profile/metadata#reference",
                        "valueString": "/ImagingObjectSelection?subject=$subj&patient=$subj&encounter=$encounter"
                      }
                    ],
                    "linkId": "DiagnosticReport.imagingStudy._ImagingObjectSelection.value",
                    "text": "ImagingObjectSelection",
                    "type": "reference",
                    "required": false,
                    "repeats": false
                  }
                ]
              }
            ]
          }
        ]
      },
      {
        "extension": [
          {
            "url": "http://hl7.org/fhir/Profile/questionnaire-extensions#flyover",
            "valueString": "A list of key images associated with this report. The images are generally created during the diagnostic process, and may be directly of the patient, or of treated specimens (i.e. slides of interest)."
          }
        ],
        "linkId": "DiagnosticReport.image",
        "title": "Key images associated with this report",
        "required": false,
        "repeats": true,
        "group": [
          {
            "extension": [
              {
                "url": "http://hl7.org/fhir/Profile/questionnaire-extensions#flyover",
                "valueString": "unique id for the element within a resource (for internal references)."
              },
              {
                "url": "http://www.healthintersections.com.au/fhir/Profile/metadata#type",
                "valueString": "string"
              }
            ],
            "linkId": "DiagnosticReport.image.id",
            "required": false,
            "repeats": true,
            "question": [
              {
                "linkId": "DiagnosticReport.image.id.value",
                "text": "xml:id (or equivalent in JSON)",
                "type": "string",
                "required": false,
                "repeats": false
              }
            ]
          },
          {
            "extension": [
              {
                "url": "http://hl7.org/fhir/Profile/questionnaire-extensions#flyover",
                "valueString": "May be used to represent additional information that is not part of the basic definition of the element. In order to make the use of extensions safe and manageable, there is a strict set of governance  applied to the definition and use of extensions. Though any implementer is allowed to define an extension, there is a set of requirements that SHALL be met as part of the definition of the extension."
              }
            ],
            "linkId": "DiagnosticReport.image.extension",
            "text": "Additional Content defined by implementations",
            "required": false,
            "repeats": true
          },
          {
            "extension": [
              {
                "url": "http://hl7.org/fhir/Profile/questionnaire-extensions#flyover",
                "valueString": "May be used to represent additional information that is not part of the basic definition of the element, and that modifies the understanding of the element that contains it. Usually modifier elements provide negation or qualification. In order to make the use of extensions safe and manageable, there is a strict set of governance applied to the definition and use of extensions. Though any implementer is allowed to define an extension, there is a set of requirements that SHALL be met as part of the definition of the extension. Applications processing a resource are required to check for modifier extensions."
              }
            ],
            "linkId": "DiagnosticReport.image.modifierExtension",
            "text": "Extensions that cannot be ignored",
            "required": false,
            "repeats": true
          },
          {
            "extension": [
              {
                "url": "http://hl7.org/fhir/Profile/questionnaire-extensions#flyover",
                "valueString": "A comment about the image. Typically, this is used to provide an explanation for why the image is included, or to draw the viewer's attention to important features."
              },
              {
                "url": "http://www.healthintersections.com.au/fhir/Profile/metadata#type",
                "valueString": "string"
              }
            ],
            "linkId": "DiagnosticReport.image.comment",
            "required": false,
            "repeats": true,
            "question": [
              {
                "linkId": "DiagnosticReport.image.comment.value",
                "text": "Comment about the image (e.g. explanation)",
                "type": "string",
                "required": false,
                "repeats": false
              }
            ]
          },
          {
            "extension": [
              {
                "url": "http://hl7.org/fhir/Profile/questionnaire-extensions#flyover",
                "valueString": "Reference to the image source."
              },
              {
                "url": "http://www.healthintersections.com.au/fhir/Profile/metadata#type",
                "valueString": "Reference"
              }
            ],
            "linkId": "DiagnosticReport.image.link",
            "required": true,
            "repeats": true,
            "question": [
              {
                "extension": [
                  {
                    "url": "http://www.healthintersections.com.au/fhir/Profile/metadata#reference",
                    "valueString": "/Media?subject=$subj&patient=$subj&encounter=$encounter"
                  }
                ],
                "linkId": "DiagnosticReport.image.link.value",
                "text": "Reference to the image source",
                "type": "reference",
                "required": false,
                "repeats": false
              }
            ]
          }
        ]
      },
      {
        "extension": [
          {
            "url": "http://hl7.org/fhir/Profile/questionnaire-extensions#flyover",
            "valueString": "Concise and clinically contextualized narrative interpretation of the diagnostic report."
          },
          {
            "url": "http://www.healthintersections.com.au/fhir/Profile/metadata#type",
            "valueString": "string"
          }
        ],
        "linkId": "DiagnosticReport.conclusion",
        "required": false,
        "repeats": true,
        "question": [
          {
            "linkId": "DiagnosticReport.conclusion.value",
            "text": "Clinical Interpretation of test results",
            "type": "string",
            "required": false,
            "repeats": false
          }
        ]
      },
      {
        "extension": [
          {
            "url": "http://hl7.org/fhir/Profile/questionnaire-extensions#flyover",
            "valueString": "Codes for the conclusion."
          },
          {
            "url": "http://www.healthintersections.com.au/fhir/Profile/metadata#type",
            "valueString": "CodeableConcept"
          }
        ],
        "linkId": "DiagnosticReport.codedDiagnosis",
        "text": "Codes for the conclusion",
        "required": false,
        "repeats": true,
        "question": [
          {
            "linkId": "DiagnosticReport.codedDiagnosis.coding",
            "text": "code:",
            "type": "open-choice",
            "required": false,
            "repeats": false
          },
          {
            "linkId": "DiagnosticReport.codedDiagnosis.text",
            "text": "text:",
            "type": "string",
            "required": false,
            "repeats": false
          }
        ]
      },
      {
        "extension": [
          {
            "url": "http://hl7.org/fhir/Profile/questionnaire-extensions#flyover",
            "valueString": "Rich text representation of the entire result as issued by the diagnostic service. Multiple formats are allowed but they SHALL be semantically equivalent."
          },
          {
            "url": "http://www.healthintersections.com.au/fhir/Profile/metadata#type",
            "valueString": "Attachment"
          }
        ],
        "linkId": "DiagnosticReport.presentedForm",
        "text": "Entire Report as issued",
        "required": false,
        "repeats": true
      }
    ]
  }
}