{
  "resourceType": "StructureDefinition",
  "id": "Distance",
  "text": {
    "status": "generated",
    "div": "<div><h2>Data type Distance</h2><p>A measure of distance</p><h3>Rule</h3><p>There SHALL be a code if there is a value and it SHALL be an expression of length.  If system is present, it SHALL be UCUM.</p><p>XPath:</p><blockquote><pre>(f:code or not(f:value)) and (not(exists(f:system)) or f:system/@value='http://unitsofmeasure.org')</pre></blockquote></div>"
  },
  "url": "http://hl7.org/fhir/StructureDefinition/Distance",
  "name": "Distance",
  "publisher": "HL7 FHIR Standard",
  "contact": [
    {
      "telecom": [
        {
          "system": "other",
          "value": "http://hl7.org/fhir"
        }
      ]
    }
  ],
  "description": "A measure of distance",
  "status": "draft",
  "date": "2015-07-24T17:31:16-04:00",
  "kind": "datatype",
  "constrainedType": "Quantity",
  "abstract": false,
  "base": "http://hl7.org/fhir/StructureDefinition/Quantity",
  "snapshot": {
    "element": [
      {
        "path": "Quantity",
        "name": "Distance",
        "short": "A measure of distance",
        "definition": "There SHALL be a code if there is a value and it SHALL be an expression of length.  If system is present, it SHALL be UCUM.",
        "requirements": "Need to able to capture all sorts of measured values, even if the measured value are not precisely quantified. Values include exact measures such as 3.51g, customary units such as 3 tablets, and currencies such as $100.32USD.",
        "min": 1,
        "max": "1",
        "base": {
          "path": "Quantity",
          "min": 0,
          "max": "*"
        },
        "type": [
          {
            "code": "Quantity"
          }
        ],
        "constraint": [
          {
            "key": "qty-3",
            "severity": "error",
            "human": "If a code for the units is present, the system SHALL also be present",
            "xpath": "not(exists(f:code)) or exists(f:system)"
          },
          {
            "key": "dis-1",
            "severity": "error",
            "human": "There SHALL be a code if there is a value and it SHALL be an expression of length.  If system is present, it SHALL be UCUM.",
            "xpath": "(f:code or not(f:value)) and (not(exists(f:system)) or f:system/@value='http://unitsofmeasure.org')"
          }
        ],
        "mapping": [
          {
            "identity": "v2",
            "map": "SN (see also Range) or CQ"
          },
          {
            "identity": "rim",
            "map": "PQ, IVL<PQ>, MO, CO, depending on the values"
          }
        ]
      },
      {
        "path": "Quantity.id",
        "representation": [
          "xmlAttr"
        ],
        "short": "xml:id (or equivalent in JSON)",
        "definition": "unique id for the element within a resource (for internal references).",
        "min": 0,
        "max": "1",
        "base": {
          "path": "Quantity.id",
          "min": 0,
          "max": "1"
        },
        "type": [
          {
            "code": "id"
          }
        ],
        "mapping": [
          {
            "identity": "rim",
            "map": "n/a"
          }
        ]
      },
      {
        "path": "Quantity.extension",
        "short": "Additional Content defined by implementations",
        "definition": "May be used to represent additional information that is not part of the basic definition of the element. In order to make the use of extensions safe and manageable, there is a strict set of governance  applied to the definition and use of extensions. Though any implementer is allowed to define an extension, there is a set of requirements that SHALL be met as part of the definition of the extension.",
        "alias": [
          "extensions",
          "user content"
        ],
        "min": 0,
        "max": "*",
        "base": {
          "path": "Quantity.extension",
          "min": 0,
          "max": "*"
        },
        "type": [
          {
            "code": "Extension"
          }
        ],
        "mapping": [
          {
            "identity": "rim",
            "map": "n/a"
          }
        ]
      },
      {
        "path": "Quantity.value",
        "short": "Numerical value (with implicit precision)",
        "definition": "The value of the measured amount. The value includes an implicit precision in the presentation of the value.",
        "requirements": "Precision is handled implicitly in almost all cases of measurement.",
        "min": 0,
        "max": "1",
        "base": {
          "path": "Quantity.value",
          "min": 0,
          "max": "1"
        },
        "type": [
          {
            "code": "decimal"
          }
        ],
        "mapping": [
          {
            "identity": "v2",
            "map": "SN.2  / CQ - N/A"
          },
          {
            "identity": "rim",
            "map": "PQ.value, CO.value, MO.value, IVL.high or IVL.low depending on the value"
          }
        ]
      },
      {
        "path": "Quantity.comparator",
        "short": "< | <= | >= | > - how to understand the value",
        "definition": "How the value should be understood and represented - whether the actual value is greater or less than the stated value due to measurement issues. E.g. if the comparator is \"<\" , then the real value is < stated value.",
        "requirements": "Need a framework for handling measures where the value is <5ug/L or >400mg/L due to the limitations of measuring methodology.",
        "min": 0,
        "max": "1",
        "base": {
          "path": "Quantity.comparator",
          "min": 0,
          "max": "1"
        },
        "type": [
          {
            "code": "code"
          }
        ],
        "meaningWhenMissing": "If there is no comparator, then there is no modification of the value",
        "isModifier": true,
        "binding": {
          "strength": "required",
          "description": "How the Quantity should be understood and represented",
          "valueSetReference": {
            "reference": "http://hl7.org/fhir/ValueSet/quantity-comparator"
          }
        },
        "mapping": [
          {
            "identity": "v2",
            "map": "SN.1  / CQ.1"
          },
          {
            "identity": "rim",
            "map": "IVL properties"
          }
        ]
      },
      {
        "path": "Quantity.units",
        "short": "Unit representation",
        "definition": "A human-readable form of the units.",
        "requirements": "There are many representations for units and in many contexts, particular representations are fixed and required. I.e. mcg for micrograms.",
        "min": 0,
        "max": "1",
        "base": {
          "path": "Quantity.units",
          "min": 0,
          "max": "1"
        },
        "type": [
          {
            "code": "string"
          }
        ],
        "mapping": [
          {
            "identity": "v2",
            "map": "(see OBX.6 etc) / CQ.2"
          },
          {
            "identity": "rim",
            "map": "PQ.unit"
          }
        ]
      },
      {
        "path": "Quantity.system",
        "short": "System that defines coded unit form",
        "definition": "The identification of the system that provides the coded form of the unit.",
        "requirements": "Need to know the system that defines the coded form of the unit.",
        "min": 0,
        "max": "1",
        "base": {
          "path": "Quantity.system",
          "min": 0,
          "max": "1"
        },
        "type": [
          {
            "code": "uri"
          }
        ],
        "condition": [
          "qty-3"
        ],
        "mapping": [
          {
            "identity": "v2",
            "map": "(see OBX.6 etc) / CQ.2"
          },
          {
            "identity": "rim",
            "map": "CO.codeSystem, PQ.translation.codeSystem"
          }
        ]
      },
      {
        "path": "Quantity.code",
        "short": "Coded form of the unit",
        "definition": "A computer processable form of the units in some unit representation system.",
        "requirements": "Need a computable form of the units that is fixed across all forms. UCUM provides this for quantities, but SNOMED CT provides many units of interest.",
        "min": 0,
        "max": "1",
        "base": {
          "path": "Quantity.code",
          "min": 0,
          "max": "1"
        },
        "type": [
          {
            "code": "code"
          }
        ],
        "mapping": [
          {
            "identity": "v2",
            "map": "(see OBX.6 etc) / CQ.2"
          },
          {
            "identity": "rim",
            "map": "PQ.code, MO.currency, PQ.translation.code"
          }
        ]
      }
    ]
  },
  "differential": {
    "element": [
      {
        "path": "Quantity",
        "name": "Distance",
        "short": "A measure of distance",
        "definition": "There SHALL be a code if there is a value and it SHALL be an expression of length.  If system is present, it SHALL be UCUM.",
        "min": 1,
        "max": "1",
        "type": [
          {
            "code": "Quantity"
          }
        ],
        "constraint": [
          {
            "key": "dis-1",
            "severity": "error",
            "human": "There SHALL be a code if there is a value and it SHALL be an expression of length.  If system is present, it SHALL be UCUM.",
            "xpath": "(f:code or not(f:value)) and (not(exists(f:system)) or f:system/@value='http://unitsofmeasure.org')"
          }
        ],
        "isModifier": false
      }
    ]
  }
}