{
  "resourceType": "Questionnaire",
  "id": "qs1",
  "contained": [
    {
      "resourceType": "ValueSet",
      "id": "vs2",
      "name": "Type options for DocumentReference.subject",
      "description": "Type options for DocumentReference.subject",
      "status": "active",
      "expansion": {
        "identifier": "urn:uuid:3de98e43-6b4b-4e45-a5ba-e19f3ce89209",
        "timestamp": "2015-07-24T17:33:57-04:00",
        "contains": [
          {
            "system": "http://hl7.org/fhir/resource-types",
            "code": "Patient",
            "display": "Patient"
          },
          {
            "system": "http://hl7.org/fhir/resource-types",
            "code": "Practitioner",
            "display": "Practitioner"
          },
          {
            "system": "http://hl7.org/fhir/resource-types",
            "code": "Group",
            "display": "Group"
          },
          {
            "system": "http://hl7.org/fhir/resource-types",
            "code": "Device",
            "display": "Device"
          }
        ]
      }
    },
    {
      "resourceType": "ValueSet",
      "id": "vs3",
      "name": "Type options for DocumentReference.author",
      "description": "Type options for DocumentReference.author",
      "status": "active",
      "expansion": {
        "identifier": "urn:uuid:9abab8a8-3308-42dd-a5f3-091937d3559c",
        "timestamp": "2015-07-24T17:33:57-04:00",
        "contains": [
          {
            "system": "http://hl7.org/fhir/resource-types",
            "code": "Practitioner",
            "display": "Practitioner"
          },
          {
            "system": "http://hl7.org/fhir/resource-types",
            "code": "Organization",
            "display": "Organization"
          },
          {
            "system": "http://hl7.org/fhir/resource-types",
            "code": "Device",
            "display": "Device"
          },
          {
            "system": "http://hl7.org/fhir/resource-types",
            "code": "Patient",
            "display": "Patient"
          },
          {
            "system": "http://hl7.org/fhir/resource-types",
            "code": "RelatedPerson",
            "display": "RelatedPerson"
          }
        ]
      }
    },
    {
      "resourceType": "ValueSet",
      "id": "vs4",
      "name": "Type options for DocumentReference.authenticator",
      "description": "Type options for DocumentReference.authenticator",
      "status": "active",
      "expansion": {
        "identifier": "urn:uuid:a69fae23-8306-4383-ab1b-ff1d4a1b0382",
        "timestamp": "2015-07-24T17:33:57-04:00",
        "contains": [
          {
            "system": "http://hl7.org/fhir/resource-types",
            "code": "Practitioner",
            "display": "Practitioner"
          },
          {
            "system": "http://hl7.org/fhir/resource-types",
            "code": "Organization",
            "display": "Organization"
          }
        ]
      }
    }
  ],
  "identifier": [
    {
      "system": "urn:ietf:rfc:3986"
    }
  ],
  "status": "draft",
  "date": "2015-07-24T17:31:16-04:00",
  "publisher": "Health Level Seven International (Structured Documents)",
  "group": {
    "extension": [
      {
        "url": "http://hl7.org/fhir/Profile/questionnaire-extensions#flyover",
        "valueString": "A reference to a document."
      }
    ],
    "linkId": "DocumentReference",
    "title": "A reference to a document",
    "required": false,
    "repeats": true,
    "group": [
      {
        "extension": [
          {
            "url": "http://hl7.org/fhir/Profile/questionnaire-extensions#flyover",
            "valueString": "The logical id of the resource, as used in the url for the resource. Once assigned, this value never changes."
          },
          {
            "url": "http://www.healthintersections.com.au/fhir/Profile/metadata#type",
            "valueString": "string"
          }
        ],
        "linkId": "DocumentReference.id",
        "required": false,
        "repeats": true,
        "question": [
          {
            "linkId": "DocumentReference.id.value",
            "text": "Logical id of this artifact",
            "type": "string",
            "required": false,
            "repeats": false
          }
        ]
      },
      {
        "extension": [
          {
            "url": "http://hl7.org/fhir/Profile/questionnaire-extensions#flyover",
            "valueString": "The metadata about the resource. This is content that is maintained by the infrastructure. Changes to the content may not always be associated with version changes to the resource."
          }
        ],
        "linkId": "DocumentReference.meta",
        "text": "Metadata about the resource",
        "required": false,
        "repeats": true
      },
      {
        "extension": [
          {
            "url": "http://hl7.org/fhir/Profile/questionnaire-extensions#flyover",
            "valueString": "A reference to a set of rules that were followed when the resource was constructed, and which must be understood when processing the content."
          },
          {
            "url": "http://www.healthintersections.com.au/fhir/Profile/metadata#type",
            "valueString": "uri"
          }
        ],
        "linkId": "DocumentReference.implicitRules",
        "required": false,
        "repeats": true,
        "question": [
          {
            "linkId": "DocumentReference.implicitRules.value",
            "text": "A set of rules under which this content was created",
            "type": "string",
            "required": false,
            "repeats": false
          }
        ]
      },
      {
        "extension": [
          {
            "url": "http://hl7.org/fhir/Profile/questionnaire-extensions#flyover",
            "valueString": "The base language in which the resource is written."
          },
          {
            "url": "http://www.healthintersections.com.au/fhir/Profile/metadata#type",
            "valueString": "code"
          }
        ],
        "linkId": "DocumentReference.language",
        "required": false,
        "repeats": true,
        "question": [
          {
            "linkId": "DocumentReference.language.value",
            "text": "language",
            "type": "choice",
            "required": false,
            "repeats": false
          }
        ]
      },
      {
        "extension": [
          {
            "url": "http://hl7.org/fhir/Profile/questionnaire-extensions#flyover",
            "valueString": "A human-readable narrative that contains a summary of the resource, and may be used to represent the content of the resource to a human. The narrative need not encode all the structured data, but is required to contain sufficient detail to make it \"clinically safe\" for a human to just read the narrative. Resource definitions may define what content should be represented in the narrative to ensure clinical safety."
          }
        ],
        "linkId": "DocumentReference.text",
        "text": "Text summary of the resource, for human interpretation",
        "required": false,
        "repeats": true
      },
      {
        "extension": [
          {
            "url": "http://hl7.org/fhir/Profile/questionnaire-extensions#flyover",
            "valueString": "These resources do not have an independent existence apart from the resource that contains them - they cannot be identified independently, and nor can they have their own independent transaction scope."
          }
        ],
        "linkId": "DocumentReference.contained",
        "text": "Contained, inline Resources",
        "required": false,
        "repeats": true
      },
      {
        "extension": [
          {
            "url": "http://hl7.org/fhir/Profile/questionnaire-extensions#flyover",
            "valueString": "May be used to represent additional information that is not part of the basic definition of the resource. In order to make the use of extensions safe and manageable, there is a strict set of governance  applied to the definition and use of extensions. Though any implementer is allowed to define an extension, there is a set of requirements that SHALL be met as part of the definition of the extension."
          }
        ],
        "linkId": "DocumentReference.extension",
        "text": "Additional Content defined by implementations",
        "required": false,
        "repeats": true
      },
      {
        "extension": [
          {
            "url": "http://hl7.org/fhir/Profile/questionnaire-extensions#flyover",
            "valueString": "May be used to represent additional information that is not part of the basic definition of the resource, and that modifies the understanding of the element that contains it. Usually modifier elements provide negation or qualification. In order to make the use of extensions safe and manageable, there is a strict set of governance applied to the definition and use of extensions. Though any implementer is allowed to define an extension, there is a set of requirements that SHALL be met as part of the definition of the extension. Applications processing a resource are required to check for modifier extensions."
          }
        ],
        "linkId": "DocumentReference.modifierExtension",
        "text": "Extensions that cannot be ignored",
        "required": false,
        "repeats": true
      },
      {
        "extension": [
          {
            "url": "http://hl7.org/fhir/Profile/questionnaire-extensions#flyover",
            "valueString": "Document identifier as assigned by the source of the document. This identifier is specific to this version of the document. This unique identifier may be used elsewhere to identify this version of the document."
          },
          {
            "url": "http://www.healthintersections.com.au/fhir/Profile/metadata#type",
            "valueString": "Identifier"
          }
        ],
        "linkId": "DocumentReference.masterIdentifier",
        "text": "Master Version Specific Identifier",
        "required": false,
        "repeats": true,
        "question": [
          {
            "linkId": "DocumentReference.masterIdentifier.label",
            "text": "label:",
            "type": "string",
            "required": false,
            "repeats": false
          },
          {
            "linkId": "DocumentReference.masterIdentifier.system",
            "text": "system:",
            "type": "string",
            "required": false,
            "repeats": false
          },
          {
            "linkId": "DocumentReference.masterIdentifier.value",
            "text": "value:",
            "type": "string",
            "required": false,
            "repeats": false
          }
        ]
      },
      {
        "extension": [
          {
            "url": "http://hl7.org/fhir/Profile/questionnaire-extensions#flyover",
            "valueString": "Other identifiers associated with the document, including version independent identifiers."
          },
          {
            "url": "http://www.healthintersections.com.au/fhir/Profile/metadata#type",
            "valueString": "Identifier"
          }
        ],
        "linkId": "DocumentReference.identifier",
        "text": "Other identifiers for the document",
        "required": false,
        "repeats": true,
        "question": [
          {
            "linkId": "DocumentReference.identifier.label",
            "text": "label:",
            "type": "string",
            "required": false,
            "repeats": false
          },
          {
            "linkId": "DocumentReference.identifier.system",
            "text": "system:",
            "type": "string",
            "required": false,
            "repeats": false
          },
          {
            "linkId": "DocumentReference.identifier.value",
            "text": "value:",
            "type": "string",
            "required": false,
            "repeats": false
          }
        ]
      },
      {
        "extension": [
          {
            "url": "http://hl7.org/fhir/Profile/questionnaire-extensions#flyover",
            "valueString": "Who or what the document is about. The document can be about a person, (patient or healthcare practitioner), a device (I.e. machine) or even a group of subjects (such as a document about a herd of farm animals, or a set of patients that share a common exposure)."
          }
        ],
        "linkId": "DocumentReference.subject",
        "text": "Who|what is the subject of the document",
        "required": false,
        "repeats": true,
        "question": [
          {
            "linkId": "DocumentReference.subject._type",
            "text": "type",
            "type": "choice",
            "required": false,
            "repeats": false,
            "options": {
              "reference": "#vs2"
            },
            "group": [
              {
                "extension": [
                  {
                    "url": "http://www.healthintersections.com.au/fhir/Profile/metadata#type",
                    "valueString": "Reference"
                  }
                ],
                "linkId": "DocumentReference.subject._Patient",
                "question": [
                  {
                    "extension": [
                      {
                        "url": "http://www.healthintersections.com.au/fhir/Profile/metadata#reference",
                        "valueString": "/Patient?subject=$subj&patient=$subj&encounter=$encounter"
                      }
                    ],
                    "linkId": "DocumentReference.subject._Patient.value",
                    "text": "Patient",
                    "type": "reference",
                    "required": false,
                    "repeats": false
                  }
                ]
              },
              {
                "extension": [
                  {
                    "url": "http://www.healthintersections.com.au/fhir/Profile/metadata#type",
                    "valueString": "Reference"
                  }
                ],
                "linkId": "DocumentReference.subject._Practitioner",
                "question": [
                  {
                    "extension": [
                      {
                        "url": "http://www.healthintersections.com.au/fhir/Profile/metadata#reference",
                        "valueString": "/Practitioner?subject=$subj&patient=$subj&encounter=$encounter"
                      }
                    ],
                    "linkId": "DocumentReference.subject._Practitioner.value",
                    "text": "Practitioner",
                    "type": "reference",
                    "required": false,
                    "repeats": false
                  }
                ]
              },
              {
                "extension": [
                  {
                    "url": "http://www.healthintersections.com.au/fhir/Profile/metadata#type",
                    "valueString": "Reference"
                  }
                ],
                "linkId": "DocumentReference.subject._Group",
                "question": [
                  {
                    "extension": [
                      {
                        "url": "http://www.healthintersections.com.au/fhir/Profile/metadata#reference",
                        "valueString": "/Group?subject=$subj&patient=$subj&encounter=$encounter"
                      }
                    ],
                    "linkId": "DocumentReference.subject._Group.value",
                    "text": "Group",
                    "type": "reference",
                    "required": false,
                    "repeats": false
                  }
                ]
              },
              {
                "extension": [
                  {
                    "url": "http://www.healthintersections.com.au/fhir/Profile/metadata#type",
                    "valueString": "Reference"
                  }
                ],
                "linkId": "DocumentReference.subject._Device",
                "question": [
                  {
                    "extension": [
                      {
                        "url": "http://www.healthintersections.com.au/fhir/Profile/metadata#reference",
                        "valueString": "/Device?subject=$subj&patient=$subj&encounter=$encounter"
                      }
                    ],
                    "linkId": "DocumentReference.subject._Device.value",
                    "text": "Device",
                    "type": "reference",
                    "required": false,
                    "repeats": false
                  }
                ]
              }
            ]
          }
        ]
      },
      {
        "extension": [
          {
            "url": "http://hl7.org/fhir/Profile/questionnaire-extensions#flyover",
            "valueString": "Specifies the particular kind of document. This usually equates to the purpose of making the document. It is recommended that the value Set be drawn from a coding scheme providing a fine level of granularity such as LOINC.  (e.g. Patient Summary, Discharge Summary, Prescription, etc.)."
          },
          {
            "url": "http://www.healthintersections.com.au/fhir/Profile/metadata#type",
            "valueString": "CodeableConcept"
          }
        ],
        "linkId": "DocumentReference.type",
        "text": "Kind of document",
        "required": true,
        "repeats": true,
        "question": [
          {
            "linkId": "DocumentReference.type.coding",
            "text": "code:",
            "type": "open-choice",
            "required": false,
            "repeats": false
          },
          {
            "linkId": "DocumentReference.type.text",
            "text": "text:",
            "type": "string",
            "required": false,
            "repeats": false
          }
        ]
      },
      {
        "extension": [
          {
            "url": "http://hl7.org/fhir/Profile/questionnaire-extensions#flyover",
            "valueString": "A categorization for the type of document - helps for indexing and searching. This may be implied by or derived from the code specified in the Composition Type."
          },
          {
            "url": "http://www.healthintersections.com.au/fhir/Profile/metadata#type",
            "valueString": "CodeableConcept"
          }
        ],
        "linkId": "DocumentReference.class",
        "text": "Categorization of document",
        "required": false,
        "repeats": true,
        "question": [
          {
            "linkId": "DocumentReference.class.coding",
            "text": "code:",
            "type": "open-choice",
            "required": false,
            "repeats": false
          },
          {
            "linkId": "DocumentReference.class.text",
            "text": "text:",
            "type": "string",
            "required": false,
            "repeats": false
          }
        ]
      },
      {
        "extension": [
          {
            "url": "http://hl7.org/fhir/Profile/questionnaire-extensions#flyover",
            "valueString": "An identifier of the document encoding, structure, and template that the document conforms to beyond the base format indicated in the mimeType."
          },
          {
            "url": "http://www.healthintersections.com.au/fhir/Profile/metadata#type",
            "valueString": "uri"
          }
        ],
        "linkId": "DocumentReference.format",
        "required": false,
        "repeats": true,
        "question": [
          {
            "linkId": "DocumentReference.format.value",
            "text": "Format/content rules for the document",
            "type": "string",
            "required": false,
            "repeats": false
          }
        ]
      },
      {
        "extension": [
          {
            "url": "http://hl7.org/fhir/Profile/questionnaire-extensions#flyover",
            "valueString": "Identifies who is responsible for adding the information to the document."
          }
        ],
        "linkId": "DocumentReference.author",
        "text": "Who and/or what authored the document",
        "required": true,
        "repeats": true,
        "question": [
          {
            "linkId": "DocumentReference.author._type",
            "text": "type",
            "type": "choice",
            "required": false,
            "repeats": false,
            "options": {
              "reference": "#vs3"
            },
            "group": [
              {
                "extension": [
                  {
                    "url": "http://www.healthintersections.com.au/fhir/Profile/metadata#type",
                    "valueString": "Reference"
                  }
                ],
                "linkId": "DocumentReference.author._Practitioner",
                "question": [
                  {
                    "extension": [
                      {
                        "url": "http://www.healthintersections.com.au/fhir/Profile/metadata#reference",
                        "valueString": "/Practitioner?subject=$subj&patient=$subj&encounter=$encounter"
                      }
                    ],
                    "linkId": "DocumentReference.author._Practitioner.value",
                    "text": "Practitioner",
                    "type": "reference",
                    "required": false,
                    "repeats": false
                  }
                ]
              },
              {
                "extension": [
                  {
                    "url": "http://www.healthintersections.com.au/fhir/Profile/metadata#type",
                    "valueString": "Reference"
                  }
                ],
                "linkId": "DocumentReference.author._Organization",
                "question": [
                  {
                    "extension": [
                      {
                        "url": "http://www.healthintersections.com.au/fhir/Profile/metadata#reference",
                        "valueString": "/Organization?subject=$subj&patient=$subj&encounter=$encounter"
                      }
                    ],
                    "linkId": "DocumentReference.author._Organization.value",
                    "text": "Organization",
                    "type": "reference",
                    "required": false,
                    "repeats": false
                  }
                ]
              },
              {
                "extension": [
                  {
                    "url": "http://www.healthintersections.com.au/fhir/Profile/metadata#type",
                    "valueString": "Reference"
                  }
                ],
                "linkId": "DocumentReference.author._Device",
                "question": [
                  {
                    "extension": [
                      {
                        "url": "http://www.healthintersections.com.au/fhir/Profile/metadata#reference",
                        "valueString": "/Device?subject=$subj&patient=$subj&encounter=$encounter"
                      }
                    ],
                    "linkId": "DocumentReference.author._Device.value",
                    "text": "Device",
                    "type": "reference",
                    "required": false,
                    "repeats": false
                  }
                ]
              },
              {
                "extension": [
                  {
                    "url": "http://www.healthintersections.com.au/fhir/Profile/metadata#type",
                    "valueString": "Reference"
                  }
                ],
                "linkId": "DocumentReference.author._Patient",
                "question": [
                  {
                    "extension": [
                      {
                        "url": "http://www.healthintersections.com.au/fhir/Profile/metadata#reference",
                        "valueString": "/Patient?subject=$subj&patient=$subj&encounter=$encounter"
                      }
                    ],
                    "linkId": "DocumentReference.author._Patient.value",
                    "text": "Patient",
                    "type": "reference",
                    "required": false,
                    "repeats": false
                  }
                ]
              },
              {
                "extension": [
                  {
                    "url": "http://www.healthintersections.com.au/fhir/Profile/metadata#type",
                    "valueString": "Reference"
                  }
                ],
                "linkId": "DocumentReference.author._RelatedPerson",
                "question": [
                  {
                    "extension": [
                      {
                        "url": "http://www.healthintersections.com.au/fhir/Profile/metadata#reference",
                        "valueString": "/RelatedPerson?subject=$subj&patient=$subj&encounter=$encounter"
                      }
                    ],
                    "linkId": "DocumentReference.author._RelatedPerson.value",
                    "text": "RelatedPerson",
                    "type": "reference",
                    "required": false,
                    "repeats": false
                  }
                ]
              }
            ]
          }
        ]
      },
      {
        "extension": [
          {
            "url": "http://hl7.org/fhir/Profile/questionnaire-extensions#flyover",
            "valueString": "Identifies the organization or group who is responsible for ongoing maintenance of and access to the document."
          },
          {
            "url": "http://www.healthintersections.com.au/fhir/Profile/metadata#type",
            "valueString": "Reference"
          }
        ],
        "linkId": "DocumentReference.custodian",
        "required": false,
        "repeats": true,
        "question": [
          {
            "extension": [
              {
                "url": "http://www.healthintersections.com.au/fhir/Profile/metadata#reference",
                "valueString": "/Organization?subject=$subj&patient=$subj&encounter=$encounter"
              }
            ],
            "linkId": "DocumentReference.custodian.value",
            "text": "Org which maintains the document",
            "type": "reference",
            "required": false,
            "repeats": false
          }
        ]
      },
      {
        "extension": [
          {
            "url": "http://hl7.org/fhir/Profile/questionnaire-extensions#flyover",
            "valueString": "Which person or organization authenticates that this document is valid."
          }
        ],
        "linkId": "DocumentReference.authenticator",
        "text": "Who/What authenticated the document",
        "required": false,
        "repeats": true,
        "question": [
          {
            "linkId": "DocumentReference.authenticator._type",
            "text": "type",
            "type": "choice",
            "required": false,
            "repeats": false,
            "options": {
              "reference": "#vs4"
            },
            "group": [
              {
                "extension": [
                  {
                    "url": "http://www.healthintersections.com.au/fhir/Profile/metadata#type",
                    "valueString": "Reference"
                  }
                ],
                "linkId": "DocumentReference.authenticator._Practitioner",
                "question": [
                  {
                    "extension": [
                      {
                        "url": "http://www.healthintersections.com.au/fhir/Profile/metadata#reference",
                        "valueString": "/Practitioner?subject=$subj&patient=$subj&encounter=$encounter"
                      }
                    ],
                    "linkId": "DocumentReference.authenticator._Practitioner.value",
                    "text": "Practitioner",
                    "type": "reference",
                    "required": false,
                    "repeats": false
                  }
                ]
              },
              {
                "extension": [
                  {
                    "url": "http://www.healthintersections.com.au/fhir/Profile/metadata#type",
                    "valueString": "Reference"
                  }
                ],
                "linkId": "DocumentReference.authenticator._Organization",
                "question": [
                  {
                    "extension": [
                      {
                        "url": "http://www.healthintersections.com.au/fhir/Profile/metadata#reference",
                        "valueString": "/Organization?subject=$subj&patient=$subj&encounter=$encounter"
                      }
                    ],
                    "linkId": "DocumentReference.authenticator._Organization.value",
                    "text": "Organization",
                    "type": "reference",
                    "required": false,
                    "repeats": false
                  }
                ]
              }
            ]
          }
        ]
      },
      {
        "extension": [
          {
            "url": "http://hl7.org/fhir/Profile/questionnaire-extensions#flyover",
            "valueString": "When the document was created."
          },
          {
            "url": "http://www.healthintersections.com.au/fhir/Profile/metadata#type",
            "valueString": "datetime"
          }
        ],
        "linkId": "DocumentReference.created",
        "required": false,
        "repeats": true,
        "question": [
          {
            "linkId": "DocumentReference.created.value",
            "text": "Document creation time",
            "type": "dateTime",
            "required": false,
            "repeats": false
          }
        ]
      },
      {
        "extension": [
          {
            "url": "http://hl7.org/fhir/Profile/questionnaire-extensions#flyover",
            "valueString": "When the document reference was created."
          },
          {
            "url": "http://www.healthintersections.com.au/fhir/Profile/metadata#type",
            "valueString": "instant"
          }
        ],
        "linkId": "DocumentReference.indexed",
        "required": true,
        "repeats": true,
        "question": [
          {
            "linkId": "DocumentReference.indexed.value",
            "text": "When this document reference created",
            "type": "instant",
            "required": false,
            "repeats": false
          }
        ]
      },
      {
        "extension": [
          {
            "url": "http://hl7.org/fhir/Profile/questionnaire-extensions#flyover",
            "valueString": "The status of this document reference."
          },
          {
            "url": "http://www.healthintersections.com.au/fhir/Profile/metadata#type",
            "valueString": "code"
          }
        ],
        "linkId": "DocumentReference.status",
        "required": true,
        "repeats": true,
        "question": [
          {
            "linkId": "DocumentReference.status.value",
            "text": "status",
            "type": "choice",
            "required": false,
            "repeats": false
          }
        ]
      },
      {
        "extension": [
          {
            "url": "http://hl7.org/fhir/Profile/questionnaire-extensions#flyover",
            "valueString": "The status of the underlying document."
          },
          {
            "url": "http://www.healthintersections.com.au/fhir/Profile/metadata#type",
            "valueString": "CodeableConcept"
          }
        ],
        "linkId": "DocumentReference.docStatus",
        "text": "preliminary | final | appended | amended | entered-in-error",
        "required": false,
        "repeats": true,
        "question": [
          {
            "linkId": "DocumentReference.docStatus.coding",
            "text": "code:",
            "type": "choice",
            "required": false,
            "repeats": false
          },
          {
            "linkId": "DocumentReference.docStatus.text",
            "text": "text:",
            "type": "string",
            "required": false,
            "repeats": false
          }
        ]
      },
      {
        "extension": [
          {
            "url": "http://hl7.org/fhir/Profile/questionnaire-extensions#flyover",
            "valueString": "Relationships that this document has with other document references that already exist."
          }
        ],
        "linkId": "DocumentReference.relatesTo",
        "title": "Relationships to other documents",
        "required": false,
        "repeats": true,
        "group": [
          {
            "extension": [
              {
                "url": "http://hl7.org/fhir/Profile/questionnaire-extensions#flyover",
                "valueString": "unique id for the element within a resource (for internal references)."
              },
              {
                "url": "http://www.healthintersections.com.au/fhir/Profile/metadata#type",
                "valueString": "string"
              }
            ],
            "linkId": "DocumentReference.relatesTo.id",
            "required": false,
            "repeats": true,
            "question": [
              {
                "linkId": "DocumentReference.relatesTo.id.value",
                "text": "xml:id (or equivalent in JSON)",
                "type": "string",
                "required": false,
                "repeats": false
              }
            ]
          },
          {
            "extension": [
              {
                "url": "http://hl7.org/fhir/Profile/questionnaire-extensions#flyover",
                "valueString": "May be used to represent additional information that is not part of the basic definition of the element. In order to make the use of extensions safe and manageable, there is a strict set of governance  applied to the definition and use of extensions. Though any implementer is allowed to define an extension, there is a set of requirements that SHALL be met as part of the definition of the extension."
              }
            ],
            "linkId": "DocumentReference.relatesTo.extension",
            "text": "Additional Content defined by implementations",
            "required": false,
            "repeats": true
          },
          {
            "extension": [
              {
                "url": "http://hl7.org/fhir/Profile/questionnaire-extensions#flyover",
                "valueString": "May be used to represent additional information that is not part of the basic definition of the element, and that modifies the understanding of the element that contains it. Usually modifier elements provide negation or qualification. In order to make the use of extensions safe and manageable, there is a strict set of governance applied to the definition and use of extensions. Though any implementer is allowed to define an extension, there is a set of requirements that SHALL be met as part of the definition of the extension. Applications processing a resource are required to check for modifier extensions."
              }
            ],
            "linkId": "DocumentReference.relatesTo.modifierExtension",
            "text": "Extensions that cannot be ignored",
            "required": false,
            "repeats": true
          },
          {
            "extension": [
              {
                "url": "http://hl7.org/fhir/Profile/questionnaire-extensions#flyover",
                "valueString": "The type of relationship that this document has with anther document."
              },
              {
                "url": "http://www.healthintersections.com.au/fhir/Profile/metadata#type",
                "valueString": "code"
              }
            ],
            "linkId": "DocumentReference.relatesTo.code",
            "required": true,
            "repeats": true,
            "question": [
              {
                "linkId": "DocumentReference.relatesTo.code.value",
                "text": "code",
                "type": "choice",
                "required": false,
                "repeats": false
              }
            ]
          },
          {
            "extension": [
              {
                "url": "http://hl7.org/fhir/Profile/questionnaire-extensions#flyover",
                "valueString": "The target document of this relationship."
              },
              {
                "url": "http://www.healthintersections.com.au/fhir/Profile/metadata#type",
                "valueString": "Reference"
              }
            ],
            "linkId": "DocumentReference.relatesTo.target",
            "required": true,
            "repeats": true,
            "question": [
              {
                "extension": [
                  {
                    "url": "http://www.healthintersections.com.au/fhir/Profile/metadata#reference",
                    "valueString": "/DocumentReference?subject=$subj&patient=$subj&encounter=$encounter"
                  }
                ],
                "linkId": "DocumentReference.relatesTo.target.value",
                "text": "Target of the relationship",
                "type": "reference",
                "required": false,
                "repeats": false
              }
            ]
          }
        ]
      },
      {
        "extension": [
          {
            "url": "http://hl7.org/fhir/Profile/questionnaire-extensions#flyover",
            "valueString": "Human-readable description of the source document. This is sometimes known as the \"title\"."
          },
          {
            "url": "http://www.healthintersections.com.au/fhir/Profile/metadata#type",
            "valueString": "string"
          }
        ],
        "linkId": "DocumentReference.description",
        "required": false,
        "repeats": true,
        "question": [
          {
            "linkId": "DocumentReference.description.value",
            "text": "Human-readable description (title)",
            "type": "string",
            "required": false,
            "repeats": false
          }
        ]
      },
      {
        "extension": [
          {
            "url": "http://hl7.org/fhir/Profile/questionnaire-extensions#flyover",
            "valueString": "A set of Security-Tag codes specifying the level of privacy/security of the Document."
          },
          {
            "url": "http://www.healthintersections.com.au/fhir/Profile/metadata#type",
            "valueString": "CodeableConcept"
          }
        ],
        "linkId": "DocumentReference.confidentiality",
        "text": "Document security-tags",
        "required": false,
        "repeats": true,
        "question": [
          {
            "linkId": "DocumentReference.confidentiality.coding",
            "text": "code:",
            "type": "open-choice",
            "required": false,
            "repeats": false
          },
          {
            "linkId": "DocumentReference.confidentiality.text",
            "text": "text:",
            "type": "string",
            "required": false,
            "repeats": false
          }
        ]
      },
      {
        "extension": [
          {
            "url": "http://hl7.org/fhir/Profile/questionnaire-extensions#flyover",
            "valueString": "The document or url to the document along with critical metadata to prove content has integrity."
          },
          {
            "url": "http://www.healthintersections.com.au/fhir/Profile/metadata#type",
            "valueString": "Attachment"
          }
        ],
        "linkId": "DocumentReference.content",
        "text": "Where to access the document",
        "required": true,
        "repeats": true
      },
      {
        "extension": [
          {
            "url": "http://hl7.org/fhir/Profile/questionnaire-extensions#flyover",
            "valueString": "The clinical context in which the document was prepared."
          }
        ],
        "linkId": "DocumentReference.context",
        "title": "Clinical context of document",
        "required": false,
        "repeats": false,
        "group": [
          {
            "extension": [
              {
                "url": "http://hl7.org/fhir/Profile/questionnaire-extensions#flyover",
                "valueString": "unique id for the element within a resource (for internal references)."
              },
              {
                "url": "http://www.healthintersections.com.au/fhir/Profile/metadata#type",
                "valueString": "string"
              }
            ],
            "linkId": "DocumentReference.context.id",
            "required": false,
            "repeats": true,
            "question": [
              {
                "linkId": "DocumentReference.context.id.value",
                "text": "xml:id (or equivalent in JSON)",
                "type": "string",
                "required": false,
                "repeats": false
              }
            ]
          },
          {
            "extension": [
              {
                "url": "http://hl7.org/fhir/Profile/questionnaire-extensions#flyover",
                "valueString": "May be used to represent additional information that is not part of the basic definition of the element. In order to make the use of extensions safe and manageable, there is a strict set of governance  applied to the definition and use of extensions. Though any implementer is allowed to define an extension, there is a set of requirements that SHALL be met as part of the definition of the extension."
              }
            ],
            "linkId": "DocumentReference.context.extension",
            "text": "Additional Content defined by implementations",
            "required": false,
            "repeats": true
          },
          {
            "extension": [
              {
                "url": "http://hl7.org/fhir/Profile/questionnaire-extensions#flyover",
                "valueString": "May be used to represent additional information that is not part of the basic definition of the element, and that modifies the understanding of the element that contains it. Usually modifier elements provide negation or qualification. In order to make the use of extensions safe and manageable, there is a strict set of governance applied to the definition and use of extensions. Though any implementer is allowed to define an extension, there is a set of requirements that SHALL be met as part of the definition of the extension. Applications processing a resource are required to check for modifier extensions."
              }
            ],
            "linkId": "DocumentReference.context.modifierExtension",
            "text": "Extensions that cannot be ignored",
            "required": false,
            "repeats": true
          },
          {
            "extension": [
              {
                "url": "http://hl7.org/fhir/Profile/questionnaire-extensions#flyover",
                "valueString": "This list of codes represents the main clinical acts, such as a colonoscopy or an appendectomy, being documented. In some cases, the event is inherent in the typeCode, such as a \"History and Physical Report\" in which the procedure being documented is necessarily a \"History and Physical\" act."
              },
              {
                "url": "http://www.healthintersections.com.au/fhir/Profile/metadata#type",
                "valueString": "CodeableConcept"
              }
            ],
            "linkId": "DocumentReference.context.event",
            "text": "Main Clinical Acts Documented",
            "required": false,
            "repeats": true,
            "question": [
              {
                "linkId": "DocumentReference.context.event.coding",
                "text": "code:",
                "type": "open-choice",
                "required": false,
                "repeats": false
              },
              {
                "linkId": "DocumentReference.context.event.text",
                "text": "text:",
                "type": "string",
                "required": false,
                "repeats": false
              }
            ]
          },
          {
            "extension": [
              {
                "url": "http://hl7.org/fhir/Profile/questionnaire-extensions#flyover",
                "valueString": "The time period over which the service that is described by the document was provided."
              },
              {
                "url": "http://www.healthintersections.com.au/fhir/Profile/metadata#type",
                "valueString": "Period"
              }
            ],
            "linkId": "DocumentReference.context.period",
            "text": "Time of service that is being documented",
            "required": false,
            "repeats": true,
            "question": [
              {
                "linkId": "DocumentReference.context.period.low",
                "text": "start:",
                "type": "dateTime",
                "required": false,
                "repeats": false
              },
              {
                "linkId": "DocumentReference.context.period.end",
                "text": "end:",
                "type": "dateTime",
                "required": false,
                "repeats": false
              }
            ]
          },
          {
            "extension": [
              {
                "url": "http://hl7.org/fhir/Profile/questionnaire-extensions#flyover",
                "valueString": "The kind of facility where the patient was seen."
              },
              {
                "url": "http://www.healthintersections.com.au/fhir/Profile/metadata#type",
                "valueString": "CodeableConcept"
              }
            ],
            "linkId": "DocumentReference.context.facilityType",
            "text": "Kind of facility where patient was seen",
            "required": false,
            "repeats": true,
            "question": [
              {
                "linkId": "DocumentReference.context.facilityType.coding",
                "text": "code:",
                "type": "open-choice",
                "required": false,
                "repeats": false
              },
              {
                "linkId": "DocumentReference.context.facilityType.text",
                "text": "text:",
                "type": "string",
                "required": false,
                "repeats": false
              }
            ]
          },
          {
            "extension": [
              {
                "url": "http://hl7.org/fhir/Profile/questionnaire-extensions#flyover",
                "valueString": "This property may convey specifics about the practice setting where the content was created, often reflecting the clinical specialty."
              },
              {
                "url": "http://www.healthintersections.com.au/fhir/Profile/metadata#type",
                "valueString": "CodeableConcept"
              }
            ],
            "linkId": "DocumentReference.context.practiceSetting",
            "text": "Additional details about where the content was created (e.g. clinical specialty)",
            "required": false,
            "repeats": true,
            "question": [
              {
                "linkId": "DocumentReference.context.practiceSetting.coding",
                "text": "code:",
                "type": "open-choice",
                "required": false,
                "repeats": false
              },
              {
                "linkId": "DocumentReference.context.practiceSetting.text",
                "text": "text:",
                "type": "string",
                "required": false,
                "repeats": false
              }
            ]
          },
          {
            "extension": [
              {
                "url": "http://hl7.org/fhir/Profile/questionnaire-extensions#flyover",
                "valueString": "The Patient Information as known when the document was published. May be a reference to a version specific, or contained."
              },
              {
                "url": "http://www.healthintersections.com.au/fhir/Profile/metadata#type",
                "valueString": "Reference"
              }
            ],
            "linkId": "DocumentReference.context.sourcePatientInfo",
            "required": false,
            "repeats": true,
            "question": [
              {
                "extension": [
                  {
                    "url": "http://www.healthintersections.com.au/fhir/Profile/metadata#reference",
                    "valueString": "/Patient?subject=$subj&patient=$subj&encounter=$encounter"
                  }
                ],
                "linkId": "DocumentReference.context.sourcePatientInfo.value",
                "text": "Source patient info",
                "type": "reference",
                "required": false,
                "repeats": false
              }
            ]
          },
          {
            "extension": [
              {
                "url": "http://hl7.org/fhir/Profile/questionnaire-extensions#flyover",
                "valueString": "Related identifiers or resources associated with the DocumentReference."
              }
            ],
            "linkId": "DocumentReference.context.related",
            "title": "Related things",
            "required": false,
            "repeats": true,
            "group": [
              {
                "extension": [
                  {
                    "url": "http://hl7.org/fhir/Profile/questionnaire-extensions#flyover",
                    "valueString": "unique id for the element within a resource (for internal references)."
                  },
                  {
                    "url": "http://www.healthintersections.com.au/fhir/Profile/metadata#type",
                    "valueString": "string"
                  }
                ],
                "linkId": "DocumentReference.context.related.id",
                "required": false,
                "repeats": true,
                "question": [
                  {
                    "linkId": "DocumentReference.context.related.id.value",
                    "text": "xml:id (or equivalent in JSON)",
                    "type": "string",
                    "required": false,
                    "repeats": false
                  }
                ]
              },
              {
                "extension": [
                  {
                    "url": "http://hl7.org/fhir/Profile/questionnaire-extensions#flyover",
                    "valueString": "May be used to represent additional information that is not part of the basic definition of the element. In order to make the use of extensions safe and manageable, there is a strict set of governance  applied to the definition and use of extensions. Though any implementer is allowed to define an extension, there is a set of requirements that SHALL be met as part of the definition of the extension."
                  }
                ],
                "linkId": "DocumentReference.context.related.extension",
                "text": "Additional Content defined by implementations",
                "required": false,
                "repeats": true
              },
              {
                "extension": [
                  {
                    "url": "http://hl7.org/fhir/Profile/questionnaire-extensions#flyover",
                    "valueString": "May be used to represent additional information that is not part of the basic definition of the element, and that modifies the understanding of the element that contains it. Usually modifier elements provide negation or qualification. In order to make the use of extensions safe and manageable, there is a strict set of governance applied to the definition and use of extensions. Though any implementer is allowed to define an extension, there is a set of requirements that SHALL be met as part of the definition of the extension. Applications processing a resource are required to check for modifier extensions."
                  }
                ],
                "linkId": "DocumentReference.context.related.modifierExtension",
                "text": "Extensions that cannot be ignored",
                "required": false,
                "repeats": true
              },
              {
                "extension": [
                  {
                    "url": "http://hl7.org/fhir/Profile/questionnaire-extensions#flyover",
                    "valueString": "Related identifier to this DocumentReference. If both id and ref are present they shall refer to the same thing."
                  },
                  {
                    "url": "http://www.healthintersections.com.au/fhir/Profile/metadata#type",
                    "valueString": "Identifier"
                  }
                ],
                "linkId": "DocumentReference.context.related.identifier",
                "text": "Related Identifier",
                "required": false,
                "repeats": true,
                "question": [
                  {
                    "linkId": "DocumentReference.context.related.identifier.label",
                    "text": "label:",
                    "type": "string",
                    "required": false,
                    "repeats": false
                  },
                  {
                    "linkId": "DocumentReference.context.related.identifier.system",
                    "text": "system:",
                    "type": "string",
                    "required": false,
                    "repeats": false
                  },
                  {
                    "linkId": "DocumentReference.context.related.identifier.value",
                    "text": "value:",
                    "type": "string",
                    "required": false,
                    "repeats": false
                  }
                ]
              },
              {
                "extension": [
                  {
                    "url": "http://hl7.org/fhir/Profile/questionnaire-extensions#flyover",
                    "valueString": "Related Resource to this DocumentReference. If both id and ref are present they shall refer to the same thing."
                  },
                  {
                    "url": "http://www.healthintersections.com.au/fhir/Profile/metadata#type",
                    "valueString": "Reference"
                  }
                ],
                "linkId": "DocumentReference.context.related.ref",
                "required": false,
                "repeats": true,
                "question": [
                  {
                    "extension": [
                      {
                        "url": "http://www.healthintersections.com.au/fhir/Profile/metadata#reference",
                        "valueString": "/Resource?subject=$subj&patient=$subj&encounter=$encounter"
                      }
                    ],
                    "linkId": "DocumentReference.context.related.ref.value",
                    "text": "Related Resource",
                    "type": "reference",
                    "required": false,
                    "repeats": false
                  }
                ]
              }
            ]
          }
        ]
      }
    ]
  }
}