{
  "resourceType": "ConceptMap",
  "id": "v3-document-reference-status",
  "text": {
    "status": "generated",
    "div": "<div><h2>v3 map for DocumentReferenceStatus (http://hl7.org/fhir/ConceptMap/v3-document-reference-status)</h2><p>Mapping from <a href=\"valueset-document-reference-status.html\">http://hl7.org/fhir/ValueSet/document-reference-status</a> to <a href=\"v3/ActStatus/index.html\">http://hl7.org/fhir/ValueSet/v3-ActStatus</a></p><p>DRAFT. Published on Jul 24, 2015 5:31:16 PM by HL7 (FHIR Project) (<a href=\"http://hl7.org/fhir\">http://hl7.org/fhir</a>, <a href=\"mailto:fhir@lists.hl7.org\">fhir@lists.hl7.org</a>; ). </p><p>v3 Map (ActStatus)</p><br/><table class=\"grid\"><tr><td><b>Source Code</b></td><td><b>Equivalence</b></td><td><b>Destination Code</b></td></tr><tr><td>current (Current)</td><td>equivalent</td><td>active (active)</td></tr><tr><td>superseded (Superseded)</td><td>equivalent</td><td>obsolete (obsolete)</td></tr><tr><td>entered-in-error (Entered in Error)</td><td>equivalent</td><td>nullified (nullified)</td></tr></table></div>"
  },
  "url": "http://hl7.org/fhir/ConceptMap/v3-document-reference-status",
  "name": "v3 map for DocumentReferenceStatus",
  "publisher": "HL7 (FHIR Project)",
  "contact": [
    {
      "telecom": [
        {
          "system": "other",
          "value": "http://hl7.org/fhir"
        },
        {
          "system": "email",
          "value": "fhir@lists.hl7.org"
        }
      ]
    }
  ],
  "description": "v3 Map (ActStatus)",
  "status": "draft",
  "date": "2015-07-24T17:31:16-04:00",
  "sourceReference": {
    "reference": "http://hl7.org/fhir/ValueSet/document-reference-status"
  },
  "targetReference": {
    "reference": "http://hl7.org/fhir/ValueSet/v3-ActStatus"
  },
  "element": [
    {
      "codeSystem": "http://hl7.org/fhir/document-reference-status",
      "code": "current",
      "target": [
        {
          "codeSystem": "http://hl7.org/fhir/v3/ActStatus",
          "code": "active",
          "equivalence": "equivalent"
        }
      ]
    },
    {
      "codeSystem": "http://hl7.org/fhir/document-reference-status",
      "code": "superseded",
      "target": [
        {
          "codeSystem": "http://hl7.org/fhir/v3/ActStatus",
          "code": "obsolete",
          "equivalence": "equivalent"
        }
      ]
    },
    {
      "codeSystem": "http://hl7.org/fhir/document-reference-status",
      "code": "entered-in-error",
      "target": [
        {
          "codeSystem": "http://hl7.org/fhir/v3/ActStatus",
          "code": "nullified",
          "equivalence": "equivalent"
        }
      ]
    }
  ]
}