{
  "resourceType": "Encounter",
  "id": "f202",
  "text": {
    "status": "generated",
    "div": "<div><p><b>Generated Narrative with Details</b></p><p><b>id</b>: f202</p><p><b>identifier</b>: Encounter_Roel_20130128 (TEMP)</p><p><b>status</b>: finished</p><p><b>class</b>: outpatient</p><p><b>type</b>: Chemotherapy <span>(Details : {SNOMED CT code '367336001' = 'Chemotherapy', given as 'Chemotherapy'})</span></p><p><b>patient</b>: <a>Roel</a></p><h3>Participants</h3><table><tr><td>-</td><td><b>Individual</b></td></tr><tr><td>*</td><td><a>Practitioner/f201</a></td></tr></table><p><b>length</b>: 56 minutes<span> (Details: SNOMED CT code 258701004 = 'min (qualifier value)')</span></p><p><b>reason</b>: The patient is treated for a tumor. <span>(Details )</span></p><p><b>indication</b>: <a>Roel's TPF chemotherapy on January 28th, 2013</a></p><p><b>priority</b>: Urgent <span>(Details : {SNOMED CT code '103391001' = 'Urgent', given as 'Urgent'})</span></p><p><b>serviceProvider</b>: <a>Organization/f201</a></p></div>"
  },
  "identifier": [
    {
      "use": "temp",
      "value": "Encounter_Roel_20130128"
    }
  ],
  "status": "finished",
  "class": "outpatient",
  "type": [
    {
      "coding": [
        {
          "system": "http://snomed.info/sct",
          "code": "367336001",
          "display": "Chemotherapy"
        }
      ]
    }
  ],
  "patient": {
    "reference": "Patient/f201",
    "display": "Roel"
  },
  "participant": [
    {
      "individual": {
        "reference": "Practitioner/f201"
      }
    }
  ],
  "length": {
    "value": 56,
    "units": "minutes",
    "system": "http://snomed.info/sct",
    "code": "258701004"
  },
  "reason": [
    {
      "text": "The patient is treated for a tumor."
    }
  ],
  "indication": [
    {
      "reference": "Procedure/f201",
      "display": "Roel's TPF chemotherapy on January 28th, 2013"
    }
  ],
  "priority": {
    "coding": [
      {
        "system": "http://snomed.info/sct",
        "code": "103391001",
        "display": "Urgent"
      }
    ]
  },
  "serviceProvider": {
    "reference": "Organization/f201"
  }
}