{"class":"inpatient","extension":[{"extension":[{"url":"http://hl7.org/fhir/StructureDefinition/encounter-condition","valueReference":{"reference":"Condition/qicore"}},{"url":"http://hl7.org/fhir/StructureDefinition/encounter-conditionRole","valueCodeableConcept":{"coding":[{"code":"8319008","display":"Principal diagnosis","system":"http://snomed.info/sct"}]}}],"url":"http://hl7.org/fhir/StructureDefinition/encounter-relatedCondition"}],"hospitalization":{"dischargeDisposition":{"coding":[{"code":"home","display":"Home","system":"http://hl7.org/fhir/discharge-disposition"}]}},"id":"encounter-qicore-example","patient":{"reference":"Patient/qicore"},"period":{"end":"2015-02-20T00:00:00Z","start":"2015-02-09T00:00:00Z"},"resourceType":"Encounter","status":"finished","text":{"div":"<div>Encounter with patient @qicore</div>","status":"generated"}}