{"class":"outpatient","id":"f202","identifier":[{"use":"temp","value":"Encounter_Roel_20130128"}],"indication":[{"display":"Roel's TPF chemotherapy on January 28th, 2013","reference":"Procedure/f201"}],"length":{"code":"258701004","system":"http://snomed.info/sct","units":"minutes","value":56},"participant":[{"individual":{"reference":"Practitioner/f201"}}],"patient":{"display":"Roel","reference":"Patient/f201"},"priority":{"coding":[{"code":"103391001","display":"Urgent","system":"http://snomed.info/sct"}]},"reason":[{"text":"The patient is treated for a tumor."}],"resourceType":"Encounter","serviceProvider":{"reference":"Organization/f201"},"status":"finished","text":{"div":"<div><p><b>Generated Narrative with Details</b></p><p><b>id</b>: f202</p><p><b>identifier</b>: Encounter_Roel_20130128 (TEMP)</p><p><b>status</b>: finished</p><p><b>class</b>: outpatient</p><p><b>type</b>: Chemotherapy <span>(Details : {SNOMED CT code '367336001' = 'Chemotherapy', given as 'Chemotherapy'})</span></p><p><b>patient</b>: <a>Roel</a></p><h3>Participants</h3><table><tr><td>-</td><td><b>Individual</b></td></tr><tr><td>*</td><td><a>Practitioner/f201</a></td></tr></table><p><b>length</b>: 56 minutes<span> (Details: SNOMED CT code 258701004 = 'min (qualifier value)')</span></p><p><b>reason</b>: The patient is treated for a tumor. <span>(Details )</span></p><p><b>indication</b>: <a>Roel's TPF chemotherapy on January 28th, 2013</a></p><p><b>priority</b>: Urgent <span>(Details : {SNOMED CT code '103391001' = 'Urgent', given as 'Urgent'})</span></p><p><b>serviceProvider</b>: <a>Organization/f201</a></p></div>","status":"generated"},"type":[{"coding":[{"code":"367336001","display":"Chemotherapy","system":"http://snomed.info/sct"}]}]}