{
  "resourceType": "StructureDefinition",
  "id": "encounter-daf-dafencounter",
  "text": {
    "status": "generated",
    "div": "<div>to do</div>"
  },
  "url": "http://hl7.org/fhir/StructureDefinition/encounter-daf-dafencounter",
  "name": "U.S. Data Access Framework (DAF) Encounter profile",
  "publisher": "Health Level Seven International (Infrastructure and Messaging - Data Access Framework)",
  "contact": [
    {
      "telecom": [
        {
          "system": "other",
          "value": "http://www.healthit.gov"
        }
      ]
    }
  ],
  "description": "Defines constraints and extensions on the Encounter resource for use in querying and retrieving a patient's encounter related information.",
  "status": "draft",
  "date": "2014-08-21",
  "kind": "resource",
  "constrainedType": "Encounter",
  "abstract": false,
  "base": "http://hl7.org/fhir/StructureDefinition/Encounter",
  "snapshot": {
    "element": [
      {
        "path": "Encounter",
        "name": "DAFEncounter",
        "short": "An interaction during which services are provided to the patient",
        "definition": "An interaction between a patient and healthcare provider(s) for the purpose of providing healthcare service(s) or assessing the health status of a patient.",
        "alias": [
          "Visit"
        ],
        "min": 0,
        "max": "*",
        "base": {
          "path": "Encounter",
          "min": 0,
          "max": "*"
        },
        "type": [
          {
            "code": "Encounter"
          }
        ],
        "mapping": [
          {
            "identity": "rim",
            "map": "Encounter[moodCode=EVN]"
          }
        ]
      },
      {
        "path": "Encounter.id",
        "short": "Logical id of this artifact",
        "definition": "The logical id of the resource, as used in the url for the resource. Once assigned, this value never changes.",
        "min": 0,
        "max": "1",
        "base": {
          "path": "Encounter.id",
          "min": 0,
          "max": "1"
        },
        "type": [
          {
            "code": "id"
          }
        ]
      },
      {
        "path": "Encounter.meta",
        "short": "Metadata about the resource",
        "definition": "The metadata about the resource. This is content that is maintained by the infrastructure. Changes to the content may not always be associated with version changes to the resource.",
        "min": 0,
        "max": "1",
        "base": {
          "path": "Encounter.meta",
          "min": 0,
          "max": "1"
        },
        "type": [
          {
            "code": "Meta"
          }
        ]
      },
      {
        "path": "Encounter.implicitRules",
        "short": "A set of rules under which this content was created",
        "definition": "A reference to a set of rules that were followed when the resource was constructed, and which must be understood when processing the content.",
        "min": 0,
        "max": "1",
        "base": {
          "path": "Encounter.implicitRules",
          "min": 0,
          "max": "1"
        },
        "type": [
          {
            "code": "uri"
          }
        ],
        "isModifier": true
      },
      {
        "path": "Encounter.language",
        "short": "Language of the resource content",
        "definition": "The base language in which the resource is written.",
        "min": 0,
        "max": "1",
        "base": {
          "path": "Encounter.language",
          "min": 0,
          "max": "1"
        },
        "type": [
          {
            "code": "code"
          }
        ],
        "binding": {
          "strength": "required",
          "description": "A human language",
          "valueSetUri": "http://tools.ietf.org/html/bcp47"
        }
      },
      {
        "path": "Encounter.text",
        "short": "Text summary of the resource, for human interpretation",
        "definition": "A human-readable narrative that contains a summary of the resource, and may be used to represent the content of the resource to a human. The narrative need not encode all the structured data, but is required to contain sufficient detail to make it \"clinically safe\" for a human to just read the narrative. Resource definitions may define what content should be represented in the narrative to ensure clinical safety.",
        "alias": [
          "narrative",
          "html",
          "xhtml",
          "display"
        ],
        "min": 0,
        "max": "1",
        "base": {
          "path": "Encounter.text",
          "min": 0,
          "max": "1"
        },
        "type": [
          {
            "code": "Narrative"
          }
        ],
        "condition": [
          "dom-1"
        ],
        "mapping": [
          {
            "identity": "rim",
            "map": "Act.text?"
          }
        ]
      },
      {
        "path": "Encounter.contained",
        "short": "Contained, inline Resources",
        "definition": "These resources do not have an independent existence apart from the resource that contains them - they cannot be identified independently, and nor can they have their own independent transaction scope.",
        "alias": [
          "inline resources",
          "anonymous resources",
          "contained resources"
        ],
        "min": 0,
        "max": "*",
        "base": {
          "path": "Encounter.contained",
          "min": 0,
          "max": "*"
        },
        "type": [
          {
            "code": "Resource"
          }
        ],
        "mapping": [
          {
            "identity": "rim",
            "map": "N/A"
          }
        ]
      },
      {
        "path": "Encounter.extension",
        "short": "Additional Content defined by implementations",
        "definition": "May be used to represent additional information that is not part of the basic definition of the resource. In order to make the use of extensions safe and manageable, there is a strict set of governance  applied to the definition and use of extensions. Though any implementer is allowed to define an extension, there is a set of requirements that SHALL be met as part of the definition of the extension.",
        "alias": [
          "extensions",
          "user content"
        ],
        "min": 0,
        "max": "*",
        "base": {
          "path": "Encounter.extension",
          "min": 0,
          "max": "*"
        },
        "type": [
          {
            "code": "Extension"
          }
        ],
        "mapping": [
          {
            "identity": "rim",
            "map": "N/A"
          }
        ]
      },
      {
        "path": "Encounter.modifierExtension",
        "short": "Extensions that cannot be ignored",
        "definition": "May be used to represent additional information that is not part of the basic definition of the resource, and that modifies the understanding of the element that contains it. Usually modifier elements provide negation or qualification. In order to make the use of extensions safe and manageable, there is a strict set of governance applied to the definition and use of extensions. Though any implementer is allowed to define an extension, there is a set of requirements that SHALL be met as part of the definition of the extension. Applications processing a resource are required to check for modifier extensions.",
        "alias": [
          "extensions",
          "user content"
        ],
        "min": 0,
        "max": "*",
        "base": {
          "path": "Encounter.modifierExtension",
          "min": 0,
          "max": "*"
        },
        "type": [
          {
            "code": "Extension"
          }
        ],
        "isModifier": true,
        "mapping": [
          {
            "identity": "rim",
            "map": "N/A"
          }
        ]
      },
      {
        "path": "Encounter.identifier",
        "short": "Identifier(s) by which this encounter is known",
        "definition": "Identifier(s) by which this encounter is known.",
        "min": 1,
        "max": "*",
        "base": {
          "path": "Encounter.identifier",
          "min": 0,
          "max": "*"
        },
        "type": [
          {
            "code": "Identifier"
          }
        ],
        "mustSupport": true,
        "isSummary": true,
        "mapping": [
          {
            "identity": "v2",
            "map": "PV1-19-visit number"
          },
          {
            "identity": "rim",
            "map": ".id"
          }
        ]
      },
      {
        "path": "Encounter.status",
        "short": "planned | in-progress | onleave | finished | cancelled",
        "definition": "planned | in-progress | onleave | finished | cancelled.",
        "min": 1,
        "max": "1",
        "base": {
          "path": "Encounter.status",
          "min": 1,
          "max": "1"
        },
        "type": [
          {
            "code": "code"
          }
        ],
        "mustSupport": true,
        "isModifier": true,
        "isSummary": true,
        "binding": {
          "strength": "required",
          "description": "Current state of the encounter",
          "valueSetReference": {
            "reference": "http://hl7.org/fhir/ValueSet/encounter-state"
          }
        },
        "mapping": [
          {
            "identity": "v2",
            "map": "No clear equivalent in V2.x; active/finished could be inferred from PV1-44, PV1-45, PV2-24; inactive could be inferred from PV2-16"
          },
          {
            "identity": "rim",
            "map": ".statusCode"
          }
        ]
      },
      {
        "path": "Encounter.statusHistory",
        "short": "List of Encounter statuses",
        "definition": "The current status is always found in the current version of the resource. This status history permits the encounter resource to contain the status history without the needing to read through the historical versions of the resource, or even have the server store them.",
        "min": 0,
        "max": "*",
        "base": {
          "path": "Encounter.statusHistory",
          "min": 0,
          "max": "*"
        },
        "type": [
          {
            "code": "BackboneElement"
          }
        ]
      },
      {
        "path": "Encounter.statusHistory.id",
        "representation": [
          "xmlAttr"
        ],
        "short": "xml:id (or equivalent in JSON)",
        "definition": "unique id for the element within a resource (for internal references).",
        "min": 0,
        "max": "1",
        "base": {
          "path": "Encounter.statusHistory.id",
          "min": 0,
          "max": "1"
        },
        "type": [
          {
            "code": "id"
          }
        ],
        "mapping": [
          {
            "identity": "rim",
            "map": "n/a"
          }
        ]
      },
      {
        "path": "Encounter.statusHistory.extension",
        "short": "Additional Content defined by implementations",
        "definition": "May be used to represent additional information that is not part of the basic definition of the element. In order to make the use of extensions safe and manageable, there is a strict set of governance  applied to the definition and use of extensions. Though any implementer is allowed to define an extension, there is a set of requirements that SHALL be met as part of the definition of the extension.",
        "alias": [
          "extensions",
          "user content"
        ],
        "min": 0,
        "max": "*",
        "base": {
          "path": "Encounter.statusHistory.extension",
          "min": 0,
          "max": "*"
        },
        "type": [
          {
            "code": "Extension"
          }
        ],
        "mapping": [
          {
            "identity": "rim",
            "map": "n/a"
          }
        ]
      },
      {
        "path": "Encounter.statusHistory.modifierExtension",
        "short": "Extensions that cannot be ignored",
        "definition": "May be used to represent additional information that is not part of the basic definition of the element, and that modifies the understanding of the element that contains it. Usually modifier elements provide negation or qualification. In order to make the use of extensions safe and manageable, there is a strict set of governance applied to the definition and use of extensions. Though any implementer is allowed to define an extension, there is a set of requirements that SHALL be met as part of the definition of the extension. Applications processing a resource are required to check for modifier extensions.",
        "alias": [
          "extensions",
          "user content",
          "modifiers"
        ],
        "min": 0,
        "max": "*",
        "base": {
          "path": "Encounter.statusHistory.modifierExtension",
          "min": 0,
          "max": "*"
        },
        "type": [
          {
            "code": "Extension"
          }
        ],
        "isModifier": true,
        "mapping": [
          {
            "identity": "rim",
            "map": "N/A"
          }
        ]
      },
      {
        "path": "Encounter.statusHistory.status",
        "short": "planned | arrived | in-progress | onleave | finished | cancelled",
        "definition": "planned | arrived | in-progress | onleave | finished | cancelled.",
        "min": 1,
        "max": "1",
        "base": {
          "path": "Encounter.statusHistory.status",
          "min": 1,
          "max": "1"
        },
        "type": [
          {
            "code": "code"
          }
        ],
        "binding": {
          "strength": "required",
          "description": "Current state of the encounter",
          "valueSetReference": {
            "reference": "http://hl7.org/fhir/ValueSet/encounter-state"
          }
        }
      },
      {
        "path": "Encounter.statusHistory.period",
        "short": "The time that the episode was in the specified status",
        "definition": "The time that the episode was in the specified status.",
        "min": 1,
        "max": "1",
        "base": {
          "path": "Encounter.statusHistory.period",
          "min": 1,
          "max": "1"
        },
        "type": [
          {
            "code": "Period"
          }
        ]
      },
      {
        "path": "Encounter.class",
        "short": "inpatient | outpatient | ambulatory | emergency +",
        "definition": "inpatient | outpatient | ambulatory | emergency +.",
        "min": 1,
        "max": "1",
        "base": {
          "path": "Encounter.class",
          "min": 0,
          "max": "1"
        },
        "type": [
          {
            "code": "code"
          }
        ],
        "mustSupport": true,
        "isSummary": true,
        "binding": {
          "strength": "required",
          "description": "Classification of the encounter",
          "valueSetReference": {
            "reference": "http://hl7.org/fhir/ValueSet/encounter-class"
          }
        },
        "mapping": [
          {
            "identity": "v2",
            "map": "PV1-2-patient class"
          },
          {
            "identity": "rim",
            "map": ".inboundRelationship[typeCode=SUBJ].source[classCode=LIST].code"
          }
        ]
      },
      {
        "path": "Encounter.type",
        "short": "Specific type of encounter",
        "definition": "Specific type of encounter (e.g. e-mail consultation, surgical day-care, skilled nursing, rehabilitation).",
        "min": 0,
        "max": "1",
        "base": {
          "path": "Encounter.type",
          "min": 0,
          "max": "*"
        },
        "type": [
          {
            "code": "CodeableConcept"
          }
        ],
        "mustSupport": true,
        "isSummary": true,
        "binding": {
          "strength": "preferred",
          "description": "Encounter type Value set to describe the type of encounter.",
          "valueSetReference": {
            "reference": "http://hl7.org/fhir/ValueSet/daf-encounter-type"
          }
        },
        "mapping": [
          {
            "identity": "v2",
            "map": "PV1-4-admission type"
          },
          {
            "identity": "rim",
            "map": ".code"
          }
        ]
      },
      {
        "path": "Encounter.patient",
        "short": "Patient present at encounter",
        "definition": "Patient present at encounter.",
        "alias": [
          "patient"
        ],
        "min": 1,
        "max": "1",
        "base": {
          "path": "Encounter.patient",
          "min": 0,
          "max": "1"
        },
        "type": [
          {
            "code": "Reference",
            "profile": [
              "http://hl7.org/fhir/StructureDefinition/patient-daf-dafpatient"
            ]
          }
        ],
        "mustSupport": true,
        "isSummary": true,
        "mapping": [
          {
            "identity": "v2",
            "map": "PID-3-patient ID list"
          },
          {
            "identity": "rim",
            "map": ".participation[typeCode=SBJ]/role[classCode=PAT]"
          }
        ]
      },
      {
        "path": "Encounter.episodeOfCare",
        "short": "Episode(s) of care that this encounter should be recorded against",
        "definition": "Where a specific encounter should be classified as a part of a specific episode(s) of care this field should be used. This association can facilitate grouping of related encounters together for a specific purpose, such as govt reporting, issue tracking, association via a common problem.\n\nThe association is recorded on the encounter as these are typically created after the episode of care, and grouped on entry rather than editing the episode of care to append another encounter to it (the episode of care could span years).",
        "min": 0,
        "max": "*",
        "base": {
          "path": "Encounter.episodeOfCare",
          "min": 0,
          "max": "*"
        },
        "type": [
          {
            "code": "Reference",
            "profile": [
              "http://hl7.org/fhir/StructureDefinition/EpisodeOfCare"
            ]
          }
        ],
        "isSummary": true,
        "mapping": [
          {
            "identity": "v2",
            "map": "PV1-54, PV1-53"
          }
        ]
      },
      {
        "path": "Encounter.incomingReferralRequest",
        "short": "Incoming Referral Request",
        "definition": "The referral request that this encounter satisfies (incoming referral).",
        "min": 0,
        "max": "*",
        "base": {
          "path": "Encounter.incomingReferralRequest",
          "min": 0,
          "max": "*"
        },
        "type": [
          {
            "code": "Reference",
            "profile": [
              "http://hl7.org/fhir/StructureDefinition/ReferralRequest"
            ]
          }
        ]
      },
      {
        "path": "Encounter.participant",
        "short": "List of participants involved in the encounter",
        "definition": "The main practitioner responsible for providing the service.",
        "min": 0,
        "max": "*",
        "base": {
          "path": "Encounter.participant",
          "min": 0,
          "max": "*"
        },
        "type": [
          {
            "code": "BackboneElement"
          }
        ],
        "mustSupport": true,
        "isSummary": true,
        "mapping": [
          {
            "identity": "v2",
            "map": "ROL"
          },
          {
            "identity": "rim",
            "map": ".participation[typeCode=PFM]"
          }
        ]
      },
      {
        "path": "Encounter.participant.id",
        "representation": [
          "xmlAttr"
        ],
        "short": "xml:id (or equivalent in JSON)",
        "definition": "unique id for the element within a resource (for internal references).",
        "min": 0,
        "max": "1",
        "base": {
          "path": "Encounter.participant.id",
          "min": 0,
          "max": "1"
        },
        "type": [
          {
            "code": "id"
          }
        ],
        "mapping": [
          {
            "identity": "rim",
            "map": "n/a"
          }
        ]
      },
      {
        "path": "Encounter.participant.extension",
        "short": "Additional Content defined by implementations",
        "definition": "May be used to represent additional information that is not part of the basic definition of the element. In order to make the use of extensions safe and manageable, there is a strict set of governance  applied to the definition and use of extensions. Though any implementer is allowed to define an extension, there is a set of requirements that SHALL be met as part of the definition of the extension.",
        "alias": [
          "extensions",
          "user content"
        ],
        "min": 0,
        "max": "*",
        "base": {
          "path": "Encounter.participant.extension",
          "min": 0,
          "max": "*"
        },
        "type": [
          {
            "code": "Extension"
          }
        ],
        "mapping": [
          {
            "identity": "rim",
            "map": "n/a"
          }
        ]
      },
      {
        "path": "Encounter.participant.modifierExtension",
        "short": "Extensions that cannot be ignored",
        "definition": "May be used to represent additional information that is not part of the basic definition of the element, and that modifies the understanding of the element that contains it. Usually modifier elements provide negation or qualification. In order to make the use of extensions safe and manageable, there is a strict set of governance applied to the definition and use of extensions. Though any implementer is allowed to define an extension, there is a set of requirements that SHALL be met as part of the definition of the extension. Applications processing a resource are required to check for modifier extensions.",
        "alias": [
          "extensions",
          "user content",
          "modifiers"
        ],
        "min": 0,
        "max": "*",
        "base": {
          "path": "Encounter.participant.modifierExtension",
          "min": 0,
          "max": "*"
        },
        "type": [
          {
            "code": "Extension"
          }
        ],
        "isModifier": true,
        "mapping": [
          {
            "identity": "rim",
            "map": "N/A"
          }
        ]
      },
      {
        "path": "Encounter.participant.type",
        "short": "Role of participant in encounter",
        "definition": "Role of participant in encounter.",
        "min": 0,
        "max": "*",
        "base": {
          "path": "Encounter.participant.type",
          "min": 0,
          "max": "*"
        },
        "type": [
          {
            "code": "CodeableConcept"
          }
        ],
        "mustSupport": true,
        "isSummary": true,
        "binding": {
          "strength": "extensible",
          "description": "Role of participant in encounter",
          "valueSetReference": {
            "reference": "http://hl7.org/fhir/ValueSet/encounter-participant-type"
          }
        },
        "mapping": [
          {
            "identity": "v2",
            "map": "ROL-3"
          },
          {
            "identity": "rim",
            "map": ".functionCode"
          }
        ]
      },
      {
        "path": "Encounter.participant.period",
        "short": "Period of time during the encounter participant was present",
        "definition": "The period of time that the specified participant was present during the encounter. These can overlap or be sub-sets of the overall encounters period.",
        "min": 0,
        "max": "1",
        "base": {
          "path": "Encounter.participant.period",
          "min": 0,
          "max": "1"
        },
        "type": [
          {
            "code": "Period"
          }
        ],
        "mapping": [
          {
            "identity": "v2",
            "map": "ROL-5, ROL-6"
          }
        ]
      },
      {
        "path": "Encounter.participant.individual",
        "short": "Persons involved in the encounter other than the patient",
        "definition": "Persons involved in the encounter other than the patient.",
        "min": 0,
        "max": "1",
        "base": {
          "path": "Encounter.participant.individual",
          "min": 0,
          "max": "1"
        },
        "type": [
          {
            "code": "Reference",
            "profile": [
              "http://hl7.org/fhir/StructureDefinition/pract-daf-dafpract"
            ]
          },
          {
            "code": "Reference",
            "profile": [
              "http://hl7.org/fhir/StructureDefinition/relatedperson-daf-dafrelatedperson"
            ]
          }
        ],
        "mustSupport": true,
        "isSummary": true,
        "mapping": [
          {
            "identity": "v2",
            "map": "ROL-4"
          },
          {
            "identity": "rim",
            "map": ".role"
          }
        ]
      },
      {
        "path": "Encounter.fulfills",
        "short": "The appointment that scheduled this encounter",
        "definition": "The appointment that scheduled this encounter.",
        "min": 0,
        "max": "1",
        "base": {
          "path": "Encounter.fulfills",
          "min": 0,
          "max": "1"
        },
        "type": [
          {
            "code": "Reference",
            "profile": [
              "http://hl7.org/fhir/StructureDefinition/Appointment"
            ]
          }
        ],
        "isSummary": true,
        "mapping": [
          {
            "identity": "v2",
            "map": "SCH-1-placer appointment ID / SCH-2-filler appointment ID"
          },
          {
            "identity": "rim",
            "map": ".outboundRelationship[typeCode=FLFS].target[classCode=ENC, moodCode=APT]"
          }
        ]
      },
      {
        "path": "Encounter.period",
        "short": "The start and end time of the encounter",
        "definition": "The start and end time of the encounter.",
        "min": 0,
        "max": "1",
        "base": {
          "path": "Encounter.period",
          "min": 0,
          "max": "1"
        },
        "type": [
          {
            "code": "Period"
          }
        ],
        "mustSupport": true,
        "mapping": [
          {
            "identity": "v2",
            "map": "PV1-44, PV1-45"
          },
          {
            "identity": "rim",
            "map": ".effectiveTime\n(low & high)"
          }
        ]
      },
      {
        "path": "Encounter.length",
        "short": "Quantity of time the encounter lasted (less time absent)",
        "definition": "Quantity of time the encounter lasted. This excludes the time during leaves of absence.",
        "min": 0,
        "max": "1",
        "base": {
          "path": "Encounter.length",
          "min": 0,
          "max": "1"
        },
        "type": [
          {
            "code": "Duration"
          }
        ],
        "mapping": [
          {
            "identity": "v2",
            "map": "(PV1-45 less PV1-44) iff ( (PV1-44 not empty) and (PV1-45 not empty) ); units in minutes"
          },
          {
            "identity": "rim",
            "map": ".lengthOfStayQuantity"
          }
        ]
      },
      {
        "path": "Encounter.reason",
        "short": "Reason the encounter takes place (code)",
        "definition": "Reason the encounter takes place, expressed as a code. For admissions, this can be used for a coded admission diagnosis.",
        "min": 0,
        "max": "1",
        "base": {
          "path": "Encounter.reason",
          "min": 0,
          "max": "*"
        },
        "type": [
          {
            "code": "CodeableConcept"
          }
        ],
        "mustSupport": true,
        "isSummary": true,
        "binding": {
          "strength": "extensible",
          "description": "Encounter Diagnoses Value set to describe the specific encounter code.",
          "valueSetReference": {
            "reference": "http://hl7.org/fhir/ValueSet/daf-encounter-reason"
          }
        },
        "mapping": [
          {
            "identity": "v2",
            "map": "EVN-4-event reason code / PV2-3-admit reason (note: PV2-3 is nominally constrained to inpatient admissions; V2.x makes no vocabulary suggestions for PV2-3; would not expect PV2 segment or PV2-3 to be in use in all implementations\n)"
          },
          {
            "identity": "rim",
            "map": ".reasonCode"
          }
        ]
      },
      {
        "path": "Encounter.indication",
        "short": "Reason the encounter takes place (resource)",
        "definition": "Reason the encounter takes place, as specified using information from another resource. For admissions, this is the admission diagnosis.\nThe indication will typically be a Condition (with other resources referenced in the evidence.detail), or a Procedure.",
        "alias": [
          "Admission diagnosis"
        ],
        "min": 0,
        "max": "*",
        "base": {
          "path": "Encounter.indication",
          "min": 0,
          "max": "*"
        },
        "type": [
          {
            "code": "Reference",
            "profile": [
              "http://hl7.org/fhir/StructureDefinition/Resource"
            ]
          }
        ],
        "mapping": [
          {
            "identity": "v2",
            "map": "Resources that would commonly referenced at Encounter.indication would be Condition and/or Procedure. These most closely align with DG1/PRB and PR1 respectively."
          },
          {
            "identity": "rim",
            "map": ".outboundRelationship[typeCode=RSON].target"
          }
        ]
      },
      {
        "path": "Encounter.priority",
        "short": "Indicates the urgency of the encounter",
        "definition": "Indicates the urgency of the encounter.",
        "min": 0,
        "max": "1",
        "base": {
          "path": "Encounter.priority",
          "min": 0,
          "max": "1"
        },
        "type": [
          {
            "code": "CodeableConcept"
          }
        ],
        "binding": {
          "strength": "example",
          "description": "Indicates the urgency of the encounter",
          "valueSetReference": {
            "reference": "http://hl7.org/fhir/ValueSet/encounter-priority"
          }
        },
        "mapping": [
          {
            "identity": "v2",
            "map": "PV2-25-visit priority code"
          },
          {
            "identity": "rim",
            "map": ".priorityCode"
          }
        ]
      },
      {
        "path": "Encounter.hospitalization",
        "short": "Details about an admission to a clinic",
        "definition": "Details about an admission to a clinic.",
        "min": 0,
        "max": "1",
        "base": {
          "path": "Encounter.hospitalization",
          "min": 0,
          "max": "1"
        },
        "type": [
          {
            "code": "BackboneElement"
          }
        ],
        "mustSupport": true,
        "mapping": [
          {
            "identity": "rim",
            "map": ".outboundRelationship[typeCode=COMP].target[classCode=ENC, moodCode=EVN]"
          }
        ]
      },
      {
        "path": "Encounter.hospitalization.id",
        "representation": [
          "xmlAttr"
        ],
        "short": "xml:id (or equivalent in JSON)",
        "definition": "unique id for the element within a resource (for internal references).",
        "min": 0,
        "max": "1",
        "base": {
          "path": "Encounter.hospitalization.id",
          "min": 0,
          "max": "1"
        },
        "type": [
          {
            "code": "id"
          }
        ],
        "mapping": [
          {
            "identity": "rim",
            "map": "n/a"
          }
        ]
      },
      {
        "path": "Encounter.hospitalization.extension",
        "short": "Additional Content defined by implementations",
        "definition": "May be used to represent additional information that is not part of the basic definition of the element. In order to make the use of extensions safe and manageable, there is a strict set of governance  applied to the definition and use of extensions. Though any implementer is allowed to define an extension, there is a set of requirements that SHALL be met as part of the definition of the extension.",
        "alias": [
          "extensions",
          "user content"
        ],
        "min": 0,
        "max": "*",
        "base": {
          "path": "Encounter.hospitalization.extension",
          "min": 0,
          "max": "*"
        },
        "type": [
          {
            "code": "Extension"
          }
        ],
        "mapping": [
          {
            "identity": "rim",
            "map": "n/a"
          }
        ]
      },
      {
        "path": "Encounter.hospitalization.modifierExtension",
        "short": "Extensions that cannot be ignored",
        "definition": "May be used to represent additional information that is not part of the basic definition of the element, and that modifies the understanding of the element that contains it. Usually modifier elements provide negation or qualification. In order to make the use of extensions safe and manageable, there is a strict set of governance applied to the definition and use of extensions. Though any implementer is allowed to define an extension, there is a set of requirements that SHALL be met as part of the definition of the extension. Applications processing a resource are required to check for modifier extensions.",
        "alias": [
          "extensions",
          "user content",
          "modifiers"
        ],
        "min": 0,
        "max": "*",
        "base": {
          "path": "Encounter.hospitalization.modifierExtension",
          "min": 0,
          "max": "*"
        },
        "type": [
          {
            "code": "Extension"
          }
        ],
        "isModifier": true,
        "mapping": [
          {
            "identity": "rim",
            "map": "N/A"
          }
        ]
      },
      {
        "path": "Encounter.hospitalization.preAdmissionIdentifier",
        "short": "Pre-admission identifier",
        "definition": "Pre-admission identifier.",
        "min": 0,
        "max": "1",
        "base": {
          "path": "Encounter.hospitalization.preAdmissionIdentifier",
          "min": 0,
          "max": "1"
        },
        "type": [
          {
            "code": "Identifier"
          }
        ],
        "mapping": [
          {
            "identity": "v2",
            "map": "PV1-5-preadmit number"
          },
          {
            "identity": "rim",
            "map": ".id"
          }
        ]
      },
      {
        "path": "Encounter.hospitalization.origin",
        "short": "The location from which the patient came before admission",
        "definition": "The location from which the patient came before admission.",
        "min": 0,
        "max": "1",
        "base": {
          "path": "Encounter.hospitalization.origin",
          "min": 0,
          "max": "1"
        },
        "type": [
          {
            "code": "Reference",
            "profile": [
              "http://hl7.org/fhir/StructureDefinition/Location"
            ]
          }
        ],
        "mapping": [
          {
            "identity": "rim",
            "map": ".participation[typeCode=ORG].role"
          }
        ]
      },
      {
        "path": "Encounter.hospitalization.admitSource",
        "short": "From where patient was admitted (physician referral, transfer)",
        "definition": "From where patient was admitted (physician referral, transfer).",
        "min": 0,
        "max": "1",
        "base": {
          "path": "Encounter.hospitalization.admitSource",
          "min": 0,
          "max": "1"
        },
        "type": [
          {
            "code": "CodeableConcept"
          }
        ],
        "binding": {
          "strength": "preferred",
          "description": "From where the patient was admitted",
          "valueSetReference": {
            "reference": "http://hl7.org/fhir/ValueSet/encounter-admit-source"
          }
        },
        "mapping": [
          {
            "identity": "v2",
            "map": "PV1-14-admit source"
          },
          {
            "identity": "rim",
            "map": ".admissionReferralSourceCode"
          }
        ]
      },
      {
        "path": "Encounter.hospitalization.admittingDiagnosis",
        "short": "The admitting Diagnosis as reported by admitting practitioner",
        "definition": "The admitting Diagnosis field is used to record the diagnosis codes as reported by admitting practitioner. This could be different or in addition to the conditions reported as reason-condition(s) for the encounter.",
        "min": 0,
        "max": "*",
        "base": {
          "path": "Encounter.hospitalization.admittingDiagnosis",
          "min": 0,
          "max": "*"
        },
        "type": [
          {
            "code": "Reference",
            "profile": [
              "http://hl7.org/fhir/StructureDefinition/Condition"
            ]
          }
        ]
      },
      {
        "path": "Encounter.hospitalization.reAdmission",
        "short": "The type of hospital re-admission that has occurred (if any). If the value is absent, then this is not identified as a readmission",
        "definition": "Whether this hospitalization is a readmission and why if known.",
        "min": 0,
        "max": "1",
        "base": {
          "path": "Encounter.hospitalization.reAdmission",
          "min": 0,
          "max": "1"
        },
        "type": [
          {
            "code": "CodeableConcept"
          }
        ],
        "mapping": [
          {
            "identity": "v2",
            "map": "PV1-13-re-admission indicator"
          },
          {
            "identity": "rim",
            "map": "Propose at harmonization"
          }
        ]
      },
      {
        "path": "Encounter.hospitalization.dietPreference",
        "short": "Diet preferences reported by the patient",
        "definition": "Diet preferences reported by the patient.",
        "requirements": "Used to track patient's diet restrictions and/or preference. For a complete description of the nutrition needs of a patient during their stay, one should use the nutritionOrder resource which links to Encounter.",
        "min": 0,
        "max": "*",
        "base": {
          "path": "Encounter.hospitalization.dietPreference",
          "min": 0,
          "max": "*"
        },
        "type": [
          {
            "code": "CodeableConcept"
          }
        ],
        "binding": {
          "strength": "example",
          "description": "Medical, cultural or ethical food preferences to help with catering requirements",
          "valueSetReference": {
            "reference": "http://hl7.org/fhir/ValueSet/encounter-diet"
          }
        },
        "mapping": [
          {
            "identity": "v2",
            "map": "PV1-38-diet type"
          },
          {
            "identity": "rim",
            "map": ".outboundRelationship[typeCode=COMP].target[classCode=SBADM, moodCode=EVN, code=\"diet\"]"
          }
        ]
      },
      {
        "path": "Encounter.hospitalization.specialCourtesy",
        "short": "Special courtesies (VIP, board member)",
        "definition": "Special courtesies (VIP, board member).",
        "min": 0,
        "max": "*",
        "base": {
          "path": "Encounter.hospitalization.specialCourtesy",
          "min": 0,
          "max": "*"
        },
        "type": [
          {
            "code": "CodeableConcept"
          }
        ],
        "binding": {
          "strength": "preferred",
          "description": "Special courtesies",
          "valueSetReference": {
            "reference": "http://hl7.org/fhir/ValueSet/encounter-special-courtesy"
          }
        },
        "mapping": [
          {
            "identity": "v2",
            "map": "PV1-16-VIP indicator"
          },
          {
            "identity": "rim",
            "map": ".specialCourtesiesCode"
          }
        ]
      },
      {
        "path": "Encounter.hospitalization.specialArrangement",
        "short": "Wheelchair, translator, stretcher, etc",
        "definition": "Wheelchair, translator, stretcher, etc.",
        "min": 0,
        "max": "*",
        "base": {
          "path": "Encounter.hospitalization.specialArrangement",
          "min": 0,
          "max": "*"
        },
        "type": [
          {
            "code": "CodeableConcept"
          }
        ],
        "binding": {
          "strength": "preferred",
          "description": "Special arrangements",
          "valueSetReference": {
            "reference": "http://hl7.org/fhir/ValueSet/encounter-special-arrangements"
          }
        },
        "mapping": [
          {
            "identity": "v2",
            "map": "PV1-15-ambulatory status / OBR-30-transportation mode / OBR-43-planned patient transport comment"
          },
          {
            "identity": "rim",
            "map": ".specialArrangementCode"
          }
        ]
      },
      {
        "path": "Encounter.hospitalization.destination",
        "short": "Location to which the patient is discharged",
        "definition": "Location to which the patient is discharged.",
        "min": 0,
        "max": "1",
        "base": {
          "path": "Encounter.hospitalization.destination",
          "min": 0,
          "max": "1"
        },
        "type": [
          {
            "code": "Reference",
            "profile": [
              "http://hl7.org/fhir/StructureDefinition/Location"
            ]
          }
        ],
        "mapping": [
          {
            "identity": "v2",
            "map": "PV1-37"
          },
          {
            "identity": "rim",
            "map": ".participation[typeCode=DST]"
          }
        ]
      },
      {
        "path": "Encounter.hospitalization.dischargeDisposition",
        "short": "Category or kind of location after discharge",
        "definition": "Category or kind of location after discharge.",
        "min": 0,
        "max": "1",
        "base": {
          "path": "Encounter.hospitalization.dischargeDisposition",
          "min": 0,
          "max": "1"
        },
        "type": [
          {
            "code": "CodeableConcept"
          }
        ],
        "mustSupport": true,
        "binding": {
          "strength": "extensible",
          "description": "Value set to describe kind of location or category of discharge.",
          "valueSetReference": {
            "reference": "http://hl7.org/fhir/ValueSet/daf-encounter-dischargedisposition"
          }
        },
        "mapping": [
          {
            "identity": "v2",
            "map": "PV1-36-discharge disposition"
          },
          {
            "identity": "rim",
            "map": ".dischargeDispositionCode"
          }
        ]
      },
      {
        "path": "Encounter.hospitalization.dischargeDiagnosis",
        "short": "The final diagnosis given a patient before release from the hospital after all testing, surgery, and workup are complete",
        "definition": "The final diagnosis given a patient before release from the hospital after all testing, surgery, and workup are complete.",
        "min": 0,
        "max": "*",
        "base": {
          "path": "Encounter.hospitalization.dischargeDiagnosis",
          "min": 0,
          "max": "*"
        },
        "type": [
          {
            "code": "Reference",
            "profile": [
              "http://hl7.org/fhir/StructureDefinition/Condition"
            ]
          }
        ],
        "mapping": [
          {
            "identity": "rim",
            "map": ".outboundRelationship[typeCode=OUT].target[classCode=OBS, moodCode=EVN, code=ASSERTION].value"
          }
        ]
      },
      {
        "path": "Encounter.location",
        "short": "List of locations the patient has been at",
        "definition": "List of locations at which the patient has been.",
        "min": 0,
        "max": "1",
        "base": {
          "path": "Encounter.location",
          "min": 0,
          "max": "*"
        },
        "type": [
          {
            "code": "BackboneElement"
          }
        ],
        "mustSupport": true,
        "mapping": [
          {
            "identity": "rim",
            "map": ".participation[typeCode=LOC]"
          }
        ]
      },
      {
        "path": "Encounter.location.id",
        "representation": [
          "xmlAttr"
        ],
        "short": "xml:id (or equivalent in JSON)",
        "definition": "unique id for the element within a resource (for internal references).",
        "min": 0,
        "max": "1",
        "base": {
          "path": "Encounter.location.id",
          "min": 0,
          "max": "1"
        },
        "type": [
          {
            "code": "id"
          }
        ],
        "mapping": [
          {
            "identity": "rim",
            "map": "n/a"
          }
        ]
      },
      {
        "path": "Encounter.location.extension",
        "short": "Additional Content defined by implementations",
        "definition": "May be used to represent additional information that is not part of the basic definition of the element. In order to make the use of extensions safe and manageable, there is a strict set of governance  applied to the definition and use of extensions. Though any implementer is allowed to define an extension, there is a set of requirements that SHALL be met as part of the definition of the extension.",
        "alias": [
          "extensions",
          "user content"
        ],
        "min": 0,
        "max": "*",
        "base": {
          "path": "Encounter.location.extension",
          "min": 0,
          "max": "*"
        },
        "type": [
          {
            "code": "Extension"
          }
        ],
        "mapping": [
          {
            "identity": "rim",
            "map": "n/a"
          }
        ]
      },
      {
        "path": "Encounter.location.modifierExtension",
        "short": "Extensions that cannot be ignored",
        "definition": "May be used to represent additional information that is not part of the basic definition of the element, and that modifies the understanding of the element that contains it. Usually modifier elements provide negation or qualification. In order to make the use of extensions safe and manageable, there is a strict set of governance applied to the definition and use of extensions. Though any implementer is allowed to define an extension, there is a set of requirements that SHALL be met as part of the definition of the extension. Applications processing a resource are required to check for modifier extensions.",
        "alias": [
          "extensions",
          "user content",
          "modifiers"
        ],
        "min": 0,
        "max": "*",
        "base": {
          "path": "Encounter.location.modifierExtension",
          "min": 0,
          "max": "*"
        },
        "type": [
          {
            "code": "Extension"
          }
        ],
        "isModifier": true,
        "mapping": [
          {
            "identity": "rim",
            "map": "N/A"
          }
        ]
      },
      {
        "path": "Encounter.location.location",
        "short": "Location the encounter takes place",
        "definition": "The location where the encounter takes place.",
        "min": 1,
        "max": "1",
        "base": {
          "path": "Encounter.location.location",
          "min": 1,
          "max": "1"
        },
        "type": [
          {
            "code": "Reference",
            "profile": [
              "http://hl7.org/fhir/StructureDefinition/location-daf-daflocation"
            ]
          }
        ],
        "mustSupport": true,
        "mapping": [
          {
            "identity": "v2",
            "map": "PV1-3-assigned patient location / PV1-6-prior patient location / PV1-11-temporary location / PV1-42-pending location / PV1-43-prior temporary location"
          },
          {
            "identity": "rim",
            "map": ".role"
          }
        ]
      },
      {
        "path": "Encounter.location.status",
        "short": "planned | present | reserved",
        "definition": "The status of the participants presence at the specified location during the period specified. If the participant is is no longer at the location, then the period will have an end date/time.",
        "min": 0,
        "max": "1",
        "base": {
          "path": "Encounter.location.status",
          "min": 0,
          "max": "1"
        },
        "type": [
          {
            "code": "code"
          }
        ],
        "binding": {
          "strength": "required",
          "description": "The status of the location",
          "valueSetReference": {
            "reference": "http://hl7.org/fhir/ValueSet/encounter-location-status"
          }
        }
      },
      {
        "path": "Encounter.location.period",
        "short": "Time period during which the patient was present at the location",
        "definition": "Time period during which the patient was present at the location.",
        "min": 0,
        "max": "1",
        "base": {
          "path": "Encounter.location.period",
          "min": 0,
          "max": "1"
        },
        "type": [
          {
            "code": "Period"
          }
        ],
        "mapping": [
          {
            "identity": "rim",
            "map": ".time"
          }
        ]
      },
      {
        "path": "Encounter.serviceProvider",
        "short": "The custodian organization of this Encounter record",
        "definition": "An organization that is in charge of maintaining the information of this Encounter (e.g., who maintains the report or the master service catalog item, etc.). This MAY be the same as the organization on the Patient record, however it could be different. This MAY not be not the Service Delivery Location's Organization.",
        "min": 0,
        "max": "1",
        "base": {
          "path": "Encounter.serviceProvider",
          "min": 0,
          "max": "1"
        },
        "type": [
          {
            "code": "Reference",
            "profile": [
              "http://hl7.org/fhir/StructureDefinition/Organization"
            ]
          }
        ],
        "mapping": [
          {
            "identity": "v2",
            "map": "PV1-10-hospital service / PL.6 Person Location Type & PL.1 Point of Care (note: V2.x definition is \"the treatment or type of surgery that the patient is scheduled to receive\"; seems slightly out of alignment with the concept name 'hospital service'. Would not trust that implementations apply this semantic by default)"
          },
          {
            "identity": "rim",
            "map": ".particiaption[typeCode=PFM].role"
          }
        ]
      },
      {
        "path": "Encounter.partOf",
        "short": "Another Encounter this encounter is part of",
        "definition": "Another Encounter of which this encounter is a part of (administratively or in time).",
        "min": 0,
        "max": "1",
        "base": {
          "path": "Encounter.partOf",
          "min": 0,
          "max": "1"
        },
        "type": [
          {
            "code": "Reference",
            "profile": [
              "http://hl7.org/fhir/StructureDefinition/Encounter"
            ]
          }
        ],
        "mapping": [
          {
            "identity": "rim",
            "map": ".inboundRelationship[typeCode=COMP].source[classCode=COMP, moodCode=EVN]"
          }
        ]
      }
    ]
  },
  "differential": {
    "element": [
      {
        "path": "Encounter",
        "name": "DAFEncounter",
        "min": 0,
        "max": "*",
        "type": [
          {
            "code": "Encounter"
          }
        ]
      },
      {
        "path": "Encounter.identifier",
        "min": 1,
        "max": "*",
        "type": [
          {
            "code": "Identifier"
          }
        ],
        "mustSupport": true
      },
      {
        "path": "Encounter.status",
        "short": "planned | in-progress | onleave | finished | cancelled",
        "definition": "planned | in-progress | onleave | finished | cancelled.",
        "min": 1,
        "max": "1",
        "type": [
          {
            "code": "code"
          }
        ],
        "mustSupport": true
      },
      {
        "path": "Encounter.class",
        "short": "inpatient | outpatient | ambulatory | emergency +",
        "definition": "inpatient | outpatient | ambulatory | emergency +.",
        "min": 1,
        "max": "1",
        "type": [
          {
            "code": "code"
          }
        ],
        "mustSupport": true
      },
      {
        "path": "Encounter.type",
        "min": 0,
        "max": "1",
        "type": [
          {
            "code": "CodeableConcept"
          }
        ],
        "mustSupport": true,
        "binding": {
          "strength": "preferred",
          "description": "Encounter type Value set to describe the type of encounter.",
          "valueSetReference": {
            "reference": "http://hl7.org/fhir/ValueSet/daf-encounter-type"
          }
        }
      },
      {
        "path": "Encounter.patient",
        "short": "Patient present at encounter",
        "definition": "Patient present at encounter.",
        "alias": [
          "patient"
        ],
        "min": 1,
        "max": "1",
        "type": [
          {
            "code": "Reference",
            "profile": [
              "http://hl7.org/fhir/StructureDefinition/patient-daf-dafpatient"
            ]
          }
        ],
        "mustSupport": true
      },
      {
        "path": "Encounter.participant",
        "min": 0,
        "max": "*",
        "mustSupport": true
      },
      {
        "path": "Encounter.participant.type",
        "min": 0,
        "max": "*",
        "type": [
          {
            "code": "CodeableConcept"
          }
        ],
        "mustSupport": true
      },
      {
        "path": "Encounter.participant.individual",
        "min": 0,
        "max": "1",
        "type": [
          {
            "code": "Reference",
            "profile": [
              "http://hl7.org/fhir/StructureDefinition/pract-daf-dafpract"
            ]
          },
          {
            "code": "Reference",
            "profile": [
              "http://hl7.org/fhir/StructureDefinition/relatedperson-daf-dafrelatedperson"
            ]
          }
        ],
        "mustSupport": true
      },
      {
        "path": "Encounter.period",
        "min": 0,
        "max": "1",
        "type": [
          {
            "code": "Period"
          }
        ],
        "mustSupport": true
      },
      {
        "path": "Encounter.reason",
        "min": 0,
        "max": "1",
        "type": [
          {
            "code": "CodeableConcept"
          }
        ],
        "mustSupport": true,
        "binding": {
          "strength": "extensible",
          "description": "Encounter Diagnoses Value set to describe the specific encounter code.",
          "valueSetReference": {
            "reference": "http://hl7.org/fhir/ValueSet/daf-encounter-reason"
          }
        }
      },
      {
        "path": "Encounter.hospitalization",
        "min": 0,
        "max": "1",
        "mustSupport": true
      },
      {
        "path": "Encounter.hospitalization.dischargeDisposition",
        "min": 0,
        "max": "1",
        "type": [
          {
            "code": "CodeableConcept"
          }
        ],
        "mustSupport": true,
        "binding": {
          "strength": "extensible",
          "description": "Value set to describe kind of location or category of discharge.",
          "valueSetReference": {
            "reference": "http://hl7.org/fhir/ValueSet/daf-encounter-dischargedisposition"
          }
        }
      },
      {
        "path": "Encounter.location",
        "min": 0,
        "max": "1",
        "mustSupport": true
      },
      {
        "path": "Encounter.location.location",
        "min": 1,
        "max": "1",
        "type": [
          {
            "code": "Reference",
            "profile": [
              "http://hl7.org/fhir/StructureDefinition/location-daf-daflocation"
            ]
          }
        ],
        "mustSupport": true
      }
    ]
  }
}