{
  "resourceType": "Questionnaire",
  "id": "qs1",
  "contained": [
    {
      "resourceType": "ValueSet",
      "id": "vs2",
      "name": "Type options for Encounter.participant.individual",
      "description": "Type options for Encounter.participant.individual",
      "status": "active",
      "expansion": {
        "identifier": "urn:uuid:58c8f07b-1516-4efd-9821-d46246d3ace5",
        "timestamp": "2015-07-28T17:37:10-04:00",
        "contains": [
          {
            "system": "http://hl7.org/fhir/resource-types",
            "code": "pract-daf-dafpract",
            "display": "pract-daf-dafpract"
          },
          {
            "system": "http://hl7.org/fhir/resource-types",
            "code": "relatedperson-daf-dafrelatedperson",
            "display": "relatedperson-daf-dafrelatedperson"
          }
        ]
      }
    }
  ],
  "identifier": [
    {
      "system": "urn:ietf:rfc:3986"
    }
  ],
  "status": "draft",
  "date": "2014-08-21T00:00:00-04:00",
  "publisher": "Health Level Seven International (Infrastructure and Messaging - Data Access Framework)",
  "group": {
    "extension": [
      {
        "url": "http://hl7.org/fhir/Profile/questionnaire-extensions#flyover",
        "valueString": "An interaction between a patient and healthcare provider(s) for the purpose of providing healthcare service(s) or assessing the health status of a patient."
      }
    ],
    "linkId": "Encounter",
    "title": "An interaction during which services are provided to the patient",
    "required": false,
    "repeats": true,
    "group": [
      {
        "extension": [
          {
            "url": "http://hl7.org/fhir/Profile/questionnaire-extensions#flyover",
            "valueString": "The logical id of the resource, as used in the url for the resource. Once assigned, this value never changes."
          },
          {
            "url": "http://www.healthintersections.com.au/fhir/Profile/metadata#type",
            "valueString": "string"
          }
        ],
        "linkId": "Encounter.id",
        "required": false,
        "repeats": true,
        "question": [
          {
            "linkId": "Encounter.id.value",
            "text": "Logical id of this artifact",
            "type": "string",
            "required": false,
            "repeats": false
          }
        ]
      },
      {
        "extension": [
          {
            "url": "http://hl7.org/fhir/Profile/questionnaire-extensions#flyover",
            "valueString": "The metadata about the resource. This is content that is maintained by the infrastructure. Changes to the content may not always be associated with version changes to the resource."
          }
        ],
        "linkId": "Encounter.meta",
        "text": "Metadata about the resource",
        "required": false,
        "repeats": true
      },
      {
        "extension": [
          {
            "url": "http://hl7.org/fhir/Profile/questionnaire-extensions#flyover",
            "valueString": "A reference to a set of rules that were followed when the resource was constructed, and which must be understood when processing the content."
          },
          {
            "url": "http://www.healthintersections.com.au/fhir/Profile/metadata#type",
            "valueString": "uri"
          }
        ],
        "linkId": "Encounter.implicitRules",
        "required": false,
        "repeats": true,
        "question": [
          {
            "linkId": "Encounter.implicitRules.value",
            "text": "A set of rules under which this content was created",
            "type": "string",
            "required": false,
            "repeats": false
          }
        ]
      },
      {
        "extension": [
          {
            "url": "http://hl7.org/fhir/Profile/questionnaire-extensions#flyover",
            "valueString": "The base language in which the resource is written."
          },
          {
            "url": "http://www.healthintersections.com.au/fhir/Profile/metadata#type",
            "valueString": "code"
          }
        ],
        "linkId": "Encounter.language",
        "required": false,
        "repeats": true,
        "question": [
          {
            "linkId": "Encounter.language.value",
            "text": "language",
            "type": "choice",
            "required": false,
            "repeats": false
          }
        ]
      },
      {
        "extension": [
          {
            "url": "http://hl7.org/fhir/Profile/questionnaire-extensions#flyover",
            "valueString": "A human-readable narrative that contains a summary of the resource, and may be used to represent the content of the resource to a human. The narrative need not encode all the structured data, but is required to contain sufficient detail to make it \"clinically safe\" for a human to just read the narrative. Resource definitions may define what content should be represented in the narrative to ensure clinical safety."
          }
        ],
        "linkId": "Encounter.text",
        "text": "Text summary of the resource, for human interpretation",
        "required": false,
        "repeats": true
      },
      {
        "extension": [
          {
            "url": "http://hl7.org/fhir/Profile/questionnaire-extensions#flyover",
            "valueString": "These resources do not have an independent existence apart from the resource that contains them - they cannot be identified independently, and nor can they have their own independent transaction scope."
          }
        ],
        "linkId": "Encounter.contained",
        "text": "Contained, inline Resources",
        "required": false,
        "repeats": true
      },
      {
        "extension": [
          {
            "url": "http://hl7.org/fhir/Profile/questionnaire-extensions#flyover",
            "valueString": "May be used to represent additional information that is not part of the basic definition of the resource. In order to make the use of extensions safe and manageable, there is a strict set of governance  applied to the definition and use of extensions. Though any implementer is allowed to define an extension, there is a set of requirements that SHALL be met as part of the definition of the extension."
          }
        ],
        "linkId": "Encounter.extension",
        "text": "Additional Content defined by implementations",
        "required": false,
        "repeats": true
      },
      {
        "extension": [
          {
            "url": "http://hl7.org/fhir/Profile/questionnaire-extensions#flyover",
            "valueString": "May be used to represent additional information that is not part of the basic definition of the resource, and that modifies the understanding of the element that contains it. Usually modifier elements provide negation or qualification. In order to make the use of extensions safe and manageable, there is a strict set of governance applied to the definition and use of extensions. Though any implementer is allowed to define an extension, there is a set of requirements that SHALL be met as part of the definition of the extension. Applications processing a resource are required to check for modifier extensions."
          }
        ],
        "linkId": "Encounter.modifierExtension",
        "text": "Extensions that cannot be ignored",
        "required": false,
        "repeats": true
      },
      {
        "extension": [
          {
            "url": "http://hl7.org/fhir/Profile/questionnaire-extensions#flyover",
            "valueString": "Identifier(s) by which this encounter is known."
          },
          {
            "url": "http://www.healthintersections.com.au/fhir/Profile/metadata#type",
            "valueString": "Identifier"
          }
        ],
        "linkId": "Encounter.identifier",
        "text": "Identifier(s) by which this encounter is known",
        "required": true,
        "repeats": true,
        "question": [
          {
            "linkId": "Encounter.identifier.label",
            "text": "label:",
            "type": "string",
            "required": false,
            "repeats": false
          },
          {
            "linkId": "Encounter.identifier.system",
            "text": "system:",
            "type": "string",
            "required": false,
            "repeats": false
          },
          {
            "linkId": "Encounter.identifier.value",
            "text": "value:",
            "type": "string",
            "required": false,
            "repeats": false
          }
        ]
      },
      {
        "extension": [
          {
            "url": "http://hl7.org/fhir/Profile/questionnaire-extensions#flyover",
            "valueString": "planned | in-progress | onleave | finished | cancelled."
          },
          {
            "url": "http://www.healthintersections.com.au/fhir/Profile/metadata#type",
            "valueString": "code"
          }
        ],
        "linkId": "Encounter.status",
        "required": true,
        "repeats": true,
        "question": [
          {
            "linkId": "Encounter.status.value",
            "text": "status",
            "type": "choice",
            "required": false,
            "repeats": false
          }
        ]
      },
      {
        "extension": [
          {
            "url": "http://hl7.org/fhir/Profile/questionnaire-extensions#flyover",
            "valueString": "The current status is always found in the current version of the resource. This status history permits the encounter resource to contain the status history without the needing to read through the historical versions of the resource, or even have the server store them."
          }
        ],
        "linkId": "Encounter.statusHistory",
        "title": "List of Encounter statuses",
        "required": false,
        "repeats": true,
        "group": [
          {
            "extension": [
              {
                "url": "http://hl7.org/fhir/Profile/questionnaire-extensions#flyover",
                "valueString": "unique id for the element within a resource (for internal references)."
              },
              {
                "url": "http://www.healthintersections.com.au/fhir/Profile/metadata#type",
                "valueString": "string"
              }
            ],
            "linkId": "Encounter.statusHistory.id",
            "required": false,
            "repeats": true,
            "question": [
              {
                "linkId": "Encounter.statusHistory.id.value",
                "text": "xml:id (or equivalent in JSON)",
                "type": "string",
                "required": false,
                "repeats": false
              }
            ]
          },
          {
            "extension": [
              {
                "url": "http://hl7.org/fhir/Profile/questionnaire-extensions#flyover",
                "valueString": "May be used to represent additional information that is not part of the basic definition of the element. In order to make the use of extensions safe and manageable, there is a strict set of governance  applied to the definition and use of extensions. Though any implementer is allowed to define an extension, there is a set of requirements that SHALL be met as part of the definition of the extension."
              }
            ],
            "linkId": "Encounter.statusHistory.extension",
            "text": "Additional Content defined by implementations",
            "required": false,
            "repeats": true
          },
          {
            "extension": [
              {
                "url": "http://hl7.org/fhir/Profile/questionnaire-extensions#flyover",
                "valueString": "May be used to represent additional information that is not part of the basic definition of the element, and that modifies the understanding of the element that contains it. Usually modifier elements provide negation or qualification. In order to make the use of extensions safe and manageable, there is a strict set of governance applied to the definition and use of extensions. Though any implementer is allowed to define an extension, there is a set of requirements that SHALL be met as part of the definition of the extension. Applications processing a resource are required to check for modifier extensions."
              }
            ],
            "linkId": "Encounter.statusHistory.modifierExtension",
            "text": "Extensions that cannot be ignored",
            "required": false,
            "repeats": true
          },
          {
            "extension": [
              {
                "url": "http://hl7.org/fhir/Profile/questionnaire-extensions#flyover",
                "valueString": "planned | arrived | in-progress | onleave | finished | cancelled."
              },
              {
                "url": "http://www.healthintersections.com.au/fhir/Profile/metadata#type",
                "valueString": "code"
              }
            ],
            "linkId": "Encounter.statusHistory.status",
            "required": true,
            "repeats": true,
            "question": [
              {
                "linkId": "Encounter.statusHistory.status.value",
                "text": "status",
                "type": "choice",
                "required": false,
                "repeats": false
              }
            ]
          },
          {
            "extension": [
              {
                "url": "http://hl7.org/fhir/Profile/questionnaire-extensions#flyover",
                "valueString": "The time that the episode was in the specified status."
              },
              {
                "url": "http://www.healthintersections.com.au/fhir/Profile/metadata#type",
                "valueString": "Period"
              }
            ],
            "linkId": "Encounter.statusHistory.period",
            "text": "The time that the episode was in the specified status",
            "required": true,
            "repeats": true,
            "question": [
              {
                "linkId": "Encounter.statusHistory.period.low",
                "text": "start:",
                "type": "dateTime",
                "required": false,
                "repeats": false
              },
              {
                "linkId": "Encounter.statusHistory.period.end",
                "text": "end:",
                "type": "dateTime",
                "required": false,
                "repeats": false
              }
            ]
          }
        ]
      },
      {
        "extension": [
          {
            "url": "http://hl7.org/fhir/Profile/questionnaire-extensions#flyover",
            "valueString": "inpatient | outpatient | ambulatory | emergency +."
          },
          {
            "url": "http://www.healthintersections.com.au/fhir/Profile/metadata#type",
            "valueString": "code"
          }
        ],
        "linkId": "Encounter.class",
        "required": true,
        "repeats": true,
        "question": [
          {
            "linkId": "Encounter.class.value",
            "text": "class",
            "type": "choice",
            "required": false,
            "repeats": false
          }
        ]
      },
      {
        "extension": [
          {
            "url": "http://hl7.org/fhir/Profile/questionnaire-extensions#flyover",
            "valueString": "Specific type of encounter (e.g. e-mail consultation, surgical day-care, skilled nursing, rehabilitation)."
          },
          {
            "url": "http://www.healthintersections.com.au/fhir/Profile/metadata#type",
            "valueString": "CodeableConcept"
          }
        ],
        "linkId": "Encounter.type",
        "text": "Specific type of encounter",
        "required": false,
        "repeats": true,
        "question": [
          {
            "linkId": "Encounter.type.coding",
            "text": "code:",
            "type": "open-choice",
            "required": false,
            "repeats": false
          },
          {
            "linkId": "Encounter.type.text",
            "text": "text:",
            "type": "string",
            "required": false,
            "repeats": false
          }
        ]
      },
      {
        "extension": [
          {
            "url": "http://hl7.org/fhir/Profile/questionnaire-extensions#flyover",
            "valueString": "Patient present at encounter."
          },
          {
            "url": "http://www.healthintersections.com.au/fhir/Profile/metadata#type",
            "valueString": "Reference"
          }
        ],
        "linkId": "Encounter.patient",
        "required": true,
        "repeats": true,
        "question": [
          {
            "extension": [
              {
                "url": "http://www.healthintersections.com.au/fhir/Profile/metadata#reference",
                "valueString": "/patient-daf-dafpatient?subject=$subj&patient=$subj&encounter=$encounter"
              }
            ],
            "linkId": "Encounter.patient.value",
            "text": "Patient present at encounter",
            "type": "reference",
            "required": false,
            "repeats": false
          }
        ]
      },
      {
        "extension": [
          {
            "url": "http://hl7.org/fhir/Profile/questionnaire-extensions#flyover",
            "valueString": "Where a specific encounter should be classified as a part of a specific episode(s) of care this field should be used. This association can facilitate grouping of related encounters together for a specific purpose, such as govt reporting, issue tracking, association via a common problem.\n\nThe association is recorded on the encounter as these are typically created after the episode of care, and grouped on entry rather than editing the episode of care to append another encounter to it (the episode of care could span years)."
          },
          {
            "url": "http://www.healthintersections.com.au/fhir/Profile/metadata#type",
            "valueString": "Reference"
          }
        ],
        "linkId": "Encounter.episodeOfCare",
        "required": false,
        "repeats": true,
        "question": [
          {
            "extension": [
              {
                "url": "http://www.healthintersections.com.au/fhir/Profile/metadata#reference",
                "valueString": "/EpisodeOfCare?subject=$subj&patient=$subj&encounter=$encounter"
              }
            ],
            "linkId": "Encounter.episodeOfCare.value",
            "text": "Episode(s) of care that this encounter should be recorded against",
            "type": "reference",
            "required": false,
            "repeats": false
          }
        ]
      },
      {
        "extension": [
          {
            "url": "http://hl7.org/fhir/Profile/questionnaire-extensions#flyover",
            "valueString": "The referral request that this encounter satisfies (incoming referral)."
          },
          {
            "url": "http://www.healthintersections.com.au/fhir/Profile/metadata#type",
            "valueString": "Reference"
          }
        ],
        "linkId": "Encounter.incomingReferralRequest",
        "required": false,
        "repeats": true,
        "question": [
          {
            "extension": [
              {
                "url": "http://www.healthintersections.com.au/fhir/Profile/metadata#reference",
                "valueString": "/ReferralRequest?subject=$subj&patient=$subj&encounter=$encounter"
              }
            ],
            "linkId": "Encounter.incomingReferralRequest.value",
            "text": "Incoming Referral Request",
            "type": "reference",
            "required": false,
            "repeats": false
          }
        ]
      },
      {
        "extension": [
          {
            "url": "http://hl7.org/fhir/Profile/questionnaire-extensions#flyover",
            "valueString": "The main practitioner responsible for providing the service."
          }
        ],
        "linkId": "Encounter.participant",
        "title": "List of participants involved in the encounter",
        "required": false,
        "repeats": true,
        "group": [
          {
            "extension": [
              {
                "url": "http://hl7.org/fhir/Profile/questionnaire-extensions#flyover",
                "valueString": "unique id for the element within a resource (for internal references)."
              },
              {
                "url": "http://www.healthintersections.com.au/fhir/Profile/metadata#type",
                "valueString": "string"
              }
            ],
            "linkId": "Encounter.participant.id",
            "required": false,
            "repeats": true,
            "question": [
              {
                "linkId": "Encounter.participant.id.value",
                "text": "xml:id (or equivalent in JSON)",
                "type": "string",
                "required": false,
                "repeats": false
              }
            ]
          },
          {
            "extension": [
              {
                "url": "http://hl7.org/fhir/Profile/questionnaire-extensions#flyover",
                "valueString": "May be used to represent additional information that is not part of the basic definition of the element. In order to make the use of extensions safe and manageable, there is a strict set of governance  applied to the definition and use of extensions. Though any implementer is allowed to define an extension, there is a set of requirements that SHALL be met as part of the definition of the extension."
              }
            ],
            "linkId": "Encounter.participant.extension",
            "text": "Additional Content defined by implementations",
            "required": false,
            "repeats": true
          },
          {
            "extension": [
              {
                "url": "http://hl7.org/fhir/Profile/questionnaire-extensions#flyover",
                "valueString": "May be used to represent additional information that is not part of the basic definition of the element, and that modifies the understanding of the element that contains it. Usually modifier elements provide negation or qualification. In order to make the use of extensions safe and manageable, there is a strict set of governance applied to the definition and use of extensions. Though any implementer is allowed to define an extension, there is a set of requirements that SHALL be met as part of the definition of the extension. Applications processing a resource are required to check for modifier extensions."
              }
            ],
            "linkId": "Encounter.participant.modifierExtension",
            "text": "Extensions that cannot be ignored",
            "required": false,
            "repeats": true
          },
          {
            "extension": [
              {
                "url": "http://hl7.org/fhir/Profile/questionnaire-extensions#flyover",
                "valueString": "Role of participant in encounter."
              },
              {
                "url": "http://www.healthintersections.com.au/fhir/Profile/metadata#type",
                "valueString": "CodeableConcept"
              }
            ],
            "linkId": "Encounter.participant.type",
            "text": "Role of participant in encounter",
            "required": false,
            "repeats": true,
            "question": [
              {
                "linkId": "Encounter.participant.type.coding",
                "text": "code:",
                "type": "open-choice",
                "required": false,
                "repeats": false
              },
              {
                "linkId": "Encounter.participant.type.text",
                "text": "text:",
                "type": "string",
                "required": false,
                "repeats": false
              }
            ]
          },
          {
            "extension": [
              {
                "url": "http://hl7.org/fhir/Profile/questionnaire-extensions#flyover",
                "valueString": "The period of time that the specified participant was present during the encounter. These can overlap or be sub-sets of the overall encounters period."
              },
              {
                "url": "http://www.healthintersections.com.au/fhir/Profile/metadata#type",
                "valueString": "Period"
              }
            ],
            "linkId": "Encounter.participant.period",
            "text": "Period of time during the encounter participant was present",
            "required": false,
            "repeats": true,
            "question": [
              {
                "linkId": "Encounter.participant.period.low",
                "text": "start:",
                "type": "dateTime",
                "required": false,
                "repeats": false
              },
              {
                "linkId": "Encounter.participant.period.end",
                "text": "end:",
                "type": "dateTime",
                "required": false,
                "repeats": false
              }
            ]
          },
          {
            "extension": [
              {
                "url": "http://hl7.org/fhir/Profile/questionnaire-extensions#flyover",
                "valueString": "Persons involved in the encounter other than the patient."
              }
            ],
            "linkId": "Encounter.participant.individual",
            "text": "Persons involved in the encounter other than the patient",
            "required": false,
            "repeats": true,
            "question": [
              {
                "linkId": "Encounter.participant.individual._type",
                "text": "type",
                "type": "choice",
                "required": false,
                "repeats": false,
                "options": {
                  "reference": "#vs2"
                },
                "group": [
                  {
                    "extension": [
                      {
                        "url": "http://www.healthintersections.com.au/fhir/Profile/metadata#type",
                        "valueString": "Reference"
                      }
                    ],
                    "linkId": "Encounter.participant.individual._pract-daf-dafpract",
                    "question": [
                      {
                        "extension": [
                          {
                            "url": "http://www.healthintersections.com.au/fhir/Profile/metadata#reference",
                            "valueString": "/pract-daf-dafpract?subject=$subj&patient=$subj&encounter=$encounter"
                          }
                        ],
                        "linkId": "Encounter.participant.individual._pract-daf-dafpract.value",
                        "text": "pract-daf-dafpract",
                        "type": "reference",
                        "required": false,
                        "repeats": false
                      }
                    ]
                  },
                  {
                    "extension": [
                      {
                        "url": "http://www.healthintersections.com.au/fhir/Profile/metadata#type",
                        "valueString": "Reference"
                      }
                    ],
                    "linkId": "Encounter.participant.individual._relatedperson-daf-dafrelatedperson",
                    "question": [
                      {
                        "extension": [
                          {
                            "url": "http://www.healthintersections.com.au/fhir/Profile/metadata#reference",
                            "valueString": "/relatedperson-daf-dafrelatedperson?subject=$subj&patient=$subj&encounter=$encounter"
                          }
                        ],
                        "linkId": "Encounter.participant.individual._relatedperson-daf-dafrelatedperson.value",
                        "text": "relatedperson-daf-dafrelatedperson",
                        "type": "reference",
                        "required": false,
                        "repeats": false
                      }
                    ]
                  }
                ]
              }
            ]
          }
        ]
      },
      {
        "extension": [
          {
            "url": "http://hl7.org/fhir/Profile/questionnaire-extensions#flyover",
            "valueString": "The appointment that scheduled this encounter."
          },
          {
            "url": "http://www.healthintersections.com.au/fhir/Profile/metadata#type",
            "valueString": "Reference"
          }
        ],
        "linkId": "Encounter.fulfills",
        "required": false,
        "repeats": true,
        "question": [
          {
            "extension": [
              {
                "url": "http://www.healthintersections.com.au/fhir/Profile/metadata#reference",
                "valueString": "/Appointment?subject=$subj&patient=$subj&encounter=$encounter"
              }
            ],
            "linkId": "Encounter.fulfills.value",
            "text": "The appointment that scheduled this encounter",
            "type": "reference",
            "required": false,
            "repeats": false
          }
        ]
      },
      {
        "extension": [
          {
            "url": "http://hl7.org/fhir/Profile/questionnaire-extensions#flyover",
            "valueString": "The start and end time of the encounter."
          },
          {
            "url": "http://www.healthintersections.com.au/fhir/Profile/metadata#type",
            "valueString": "Period"
          }
        ],
        "linkId": "Encounter.period",
        "text": "The start and end time of the encounter",
        "required": false,
        "repeats": true,
        "question": [
          {
            "linkId": "Encounter.period.low",
            "text": "start:",
            "type": "dateTime",
            "required": false,
            "repeats": false
          },
          {
            "linkId": "Encounter.period.end",
            "text": "end:",
            "type": "dateTime",
            "required": false,
            "repeats": false
          }
        ]
      },
      {
        "extension": [
          {
            "url": "http://hl7.org/fhir/Profile/questionnaire-extensions#flyover",
            "valueString": "Quantity of time the encounter lasted. This excludes the time during leaves of absence."
          },
          {
            "url": "http://www.healthintersections.com.au/fhir/Profile/metadata#type",
            "valueString": "Duration"
          }
        ],
        "linkId": "Encounter.length",
        "text": "Quantity of time the encounter lasted (less time absent)",
        "required": false,
        "repeats": true,
        "question": [
          {
            "linkId": "Encounter.length.value",
            "text": "value:",
            "type": "decimal",
            "required": false,
            "repeats": false
          },
          {
            "linkId": "Encounter.length.units",
            "text": "units:",
            "type": "string",
            "required": false,
            "repeats": false
          }
        ]
      },
      {
        "extension": [
          {
            "url": "http://hl7.org/fhir/Profile/questionnaire-extensions#flyover",
            "valueString": "Reason the encounter takes place, expressed as a code. For admissions, this can be used for a coded admission diagnosis."
          },
          {
            "url": "http://www.healthintersections.com.au/fhir/Profile/metadata#type",
            "valueString": "CodeableConcept"
          }
        ],
        "linkId": "Encounter.reason",
        "text": "Reason the encounter takes place (code)",
        "required": false,
        "repeats": true,
        "question": [
          {
            "linkId": "Encounter.reason.coding",
            "text": "code:",
            "type": "open-choice",
            "required": false,
            "repeats": false
          },
          {
            "linkId": "Encounter.reason.text",
            "text": "text:",
            "type": "string",
            "required": false,
            "repeats": false
          }
        ]
      },
      {
        "extension": [
          {
            "url": "http://hl7.org/fhir/Profile/questionnaire-extensions#flyover",
            "valueString": "Reason the encounter takes place, as specified using information from another resource. For admissions, this is the admission diagnosis.\nThe indication will typically be a Condition (with other resources referenced in the evidence.detail), or a Procedure."
          },
          {
            "url": "http://www.healthintersections.com.au/fhir/Profile/metadata#type",
            "valueString": "Reference"
          }
        ],
        "linkId": "Encounter.indication",
        "required": false,
        "repeats": true,
        "question": [
          {
            "extension": [
              {
                "url": "http://www.healthintersections.com.au/fhir/Profile/metadata#reference",
                "valueString": "/Resource?subject=$subj&patient=$subj&encounter=$encounter"
              }
            ],
            "linkId": "Encounter.indication.value",
            "text": "Reason the encounter takes place (resource)",
            "type": "reference",
            "required": false,
            "repeats": false
          }
        ]
      },
      {
        "extension": [
          {
            "url": "http://hl7.org/fhir/Profile/questionnaire-extensions#flyover",
            "valueString": "Indicates the urgency of the encounter."
          },
          {
            "url": "http://www.healthintersections.com.au/fhir/Profile/metadata#type",
            "valueString": "CodeableConcept"
          }
        ],
        "linkId": "Encounter.priority",
        "text": "Indicates the urgency of the encounter",
        "required": false,
        "repeats": true,
        "question": [
          {
            "linkId": "Encounter.priority.coding",
            "text": "code:",
            "type": "open-choice",
            "required": false,
            "repeats": false
          },
          {
            "linkId": "Encounter.priority.text",
            "text": "text:",
            "type": "string",
            "required": false,
            "repeats": false
          }
        ]
      },
      {
        "extension": [
          {
            "url": "http://hl7.org/fhir/Profile/questionnaire-extensions#flyover",
            "valueString": "Details about an admission to a clinic."
          }
        ],
        "linkId": "Encounter.hospitalization",
        "title": "Details about an admission to a clinic",
        "required": false,
        "repeats": false,
        "group": [
          {
            "extension": [
              {
                "url": "http://hl7.org/fhir/Profile/questionnaire-extensions#flyover",
                "valueString": "unique id for the element within a resource (for internal references)."
              },
              {
                "url": "http://www.healthintersections.com.au/fhir/Profile/metadata#type",
                "valueString": "string"
              }
            ],
            "linkId": "Encounter.hospitalization.id",
            "required": false,
            "repeats": true,
            "question": [
              {
                "linkId": "Encounter.hospitalization.id.value",
                "text": "xml:id (or equivalent in JSON)",
                "type": "string",
                "required": false,
                "repeats": false
              }
            ]
          },
          {
            "extension": [
              {
                "url": "http://hl7.org/fhir/Profile/questionnaire-extensions#flyover",
                "valueString": "May be used to represent additional information that is not part of the basic definition of the element. In order to make the use of extensions safe and manageable, there is a strict set of governance  applied to the definition and use of extensions. Though any implementer is allowed to define an extension, there is a set of requirements that SHALL be met as part of the definition of the extension."
              }
            ],
            "linkId": "Encounter.hospitalization.extension",
            "text": "Additional Content defined by implementations",
            "required": false,
            "repeats": true
          },
          {
            "extension": [
              {
                "url": "http://hl7.org/fhir/Profile/questionnaire-extensions#flyover",
                "valueString": "May be used to represent additional information that is not part of the basic definition of the element, and that modifies the understanding of the element that contains it. Usually modifier elements provide negation or qualification. In order to make the use of extensions safe and manageable, there is a strict set of governance applied to the definition and use of extensions. Though any implementer is allowed to define an extension, there is a set of requirements that SHALL be met as part of the definition of the extension. Applications processing a resource are required to check for modifier extensions."
              }
            ],
            "linkId": "Encounter.hospitalization.modifierExtension",
            "text": "Extensions that cannot be ignored",
            "required": false,
            "repeats": true
          },
          {
            "extension": [
              {
                "url": "http://hl7.org/fhir/Profile/questionnaire-extensions#flyover",
                "valueString": "Pre-admission identifier."
              },
              {
                "url": "http://www.healthintersections.com.au/fhir/Profile/metadata#type",
                "valueString": "Identifier"
              }
            ],
            "linkId": "Encounter.hospitalization.preAdmissionIdentifier",
            "text": "Pre-admission identifier",
            "required": false,
            "repeats": true,
            "question": [
              {
                "linkId": "Encounter.hospitalization.preAdmissionIdentifier.label",
                "text": "label:",
                "type": "string",
                "required": false,
                "repeats": false
              },
              {
                "linkId": "Encounter.hospitalization.preAdmissionIdentifier.system",
                "text": "system:",
                "type": "string",
                "required": false,
                "repeats": false
              },
              {
                "linkId": "Encounter.hospitalization.preAdmissionIdentifier.value",
                "text": "value:",
                "type": "string",
                "required": false,
                "repeats": false
              }
            ]
          },
          {
            "extension": [
              {
                "url": "http://hl7.org/fhir/Profile/questionnaire-extensions#flyover",
                "valueString": "The location from which the patient came before admission."
              },
              {
                "url": "http://www.healthintersections.com.au/fhir/Profile/metadata#type",
                "valueString": "Reference"
              }
            ],
            "linkId": "Encounter.hospitalization.origin",
            "required": false,
            "repeats": true,
            "question": [
              {
                "extension": [
                  {
                    "url": "http://www.healthintersections.com.au/fhir/Profile/metadata#reference",
                    "valueString": "/Location?subject=$subj&patient=$subj&encounter=$encounter"
                  }
                ],
                "linkId": "Encounter.hospitalization.origin.value",
                "text": "The location from which the patient came before admission",
                "type": "reference",
                "required": false,
                "repeats": false
              }
            ]
          },
          {
            "extension": [
              {
                "url": "http://hl7.org/fhir/Profile/questionnaire-extensions#flyover",
                "valueString": "From where patient was admitted (physician referral, transfer)."
              },
              {
                "url": "http://www.healthintersections.com.au/fhir/Profile/metadata#type",
                "valueString": "CodeableConcept"
              }
            ],
            "linkId": "Encounter.hospitalization.admitSource",
            "text": "From where patient was admitted (physician referral, transfer)",
            "required": false,
            "repeats": true,
            "question": [
              {
                "linkId": "Encounter.hospitalization.admitSource.coding",
                "text": "code:",
                "type": "open-choice",
                "required": false,
                "repeats": false
              },
              {
                "linkId": "Encounter.hospitalization.admitSource.text",
                "text": "text:",
                "type": "string",
                "required": false,
                "repeats": false
              }
            ]
          },
          {
            "extension": [
              {
                "url": "http://hl7.org/fhir/Profile/questionnaire-extensions#flyover",
                "valueString": "The admitting Diagnosis field is used to record the diagnosis codes as reported by admitting practitioner. This could be different or in addition to the conditions reported as reason-condition(s) for the encounter."
              },
              {
                "url": "http://www.healthintersections.com.au/fhir/Profile/metadata#type",
                "valueString": "Reference"
              }
            ],
            "linkId": "Encounter.hospitalization.admittingDiagnosis",
            "required": false,
            "repeats": true,
            "question": [
              {
                "extension": [
                  {
                    "url": "http://www.healthintersections.com.au/fhir/Profile/metadata#reference",
                    "valueString": "/Condition?subject=$subj&patient=$subj&encounter=$encounter"
                  }
                ],
                "linkId": "Encounter.hospitalization.admittingDiagnosis.value",
                "text": "The admitting Diagnosis as reported by admitting practitioner",
                "type": "reference",
                "required": false,
                "repeats": false
              }
            ]
          },
          {
            "extension": [
              {
                "url": "http://hl7.org/fhir/Profile/questionnaire-extensions#flyover",
                "valueString": "Whether this hospitalization is a readmission and why if known."
              },
              {
                "url": "http://www.healthintersections.com.au/fhir/Profile/metadata#type",
                "valueString": "CodeableConcept"
              }
            ],
            "linkId": "Encounter.hospitalization.reAdmission",
            "text": "The type of hospital re-admission that has occurred (if any). If the value is absent, then this is not identified as a readmission",
            "required": false,
            "repeats": true,
            "question": [
              {
                "linkId": "Encounter.hospitalization.reAdmission.coding",
                "text": "code:",
                "type": "open-choice",
                "required": false,
                "repeats": false
              },
              {
                "linkId": "Encounter.hospitalization.reAdmission.text",
                "text": "text:",
                "type": "string",
                "required": false,
                "repeats": false
              }
            ]
          },
          {
            "extension": [
              {
                "url": "http://hl7.org/fhir/Profile/questionnaire-extensions#flyover",
                "valueString": "Diet preferences reported by the patient."
              },
              {
                "url": "http://www.healthintersections.com.au/fhir/Profile/metadata#type",
                "valueString": "CodeableConcept"
              }
            ],
            "linkId": "Encounter.hospitalization.dietPreference",
            "text": "Diet preferences reported by the patient",
            "required": false,
            "repeats": true,
            "question": [
              {
                "linkId": "Encounter.hospitalization.dietPreference.coding",
                "text": "code:",
                "type": "open-choice",
                "required": false,
                "repeats": false
              },
              {
                "linkId": "Encounter.hospitalization.dietPreference.text",
                "text": "text:",
                "type": "string",
                "required": false,
                "repeats": false
              }
            ]
          },
          {
            "extension": [
              {
                "url": "http://hl7.org/fhir/Profile/questionnaire-extensions#flyover",
                "valueString": "Special courtesies (VIP, board member)."
              },
              {
                "url": "http://www.healthintersections.com.au/fhir/Profile/metadata#type",
                "valueString": "CodeableConcept"
              }
            ],
            "linkId": "Encounter.hospitalization.specialCourtesy",
            "text": "Special courtesies (VIP, board member)",
            "required": false,
            "repeats": true,
            "question": [
              {
                "linkId": "Encounter.hospitalization.specialCourtesy.coding",
                "text": "code:",
                "type": "open-choice",
                "required": false,
                "repeats": false
              },
              {
                "linkId": "Encounter.hospitalization.specialCourtesy.text",
                "text": "text:",
                "type": "string",
                "required": false,
                "repeats": false
              }
            ]
          },
          {
            "extension": [
              {
                "url": "http://hl7.org/fhir/Profile/questionnaire-extensions#flyover",
                "valueString": "Wheelchair, translator, stretcher, etc."
              },
              {
                "url": "http://www.healthintersections.com.au/fhir/Profile/metadata#type",
                "valueString": "CodeableConcept"
              }
            ],
            "linkId": "Encounter.hospitalization.specialArrangement",
            "text": "Wheelchair, translator, stretcher, etc",
            "required": false,
            "repeats": true,
            "question": [
              {
                "linkId": "Encounter.hospitalization.specialArrangement.coding",
                "text": "code:",
                "type": "open-choice",
                "required": false,
                "repeats": false
              },
              {
                "linkId": "Encounter.hospitalization.specialArrangement.text",
                "text": "text:",
                "type": "string",
                "required": false,
                "repeats": false
              }
            ]
          },
          {
            "extension": [
              {
                "url": "http://hl7.org/fhir/Profile/questionnaire-extensions#flyover",
                "valueString": "Location to which the patient is discharged."
              },
              {
                "url": "http://www.healthintersections.com.au/fhir/Profile/metadata#type",
                "valueString": "Reference"
              }
            ],
            "linkId": "Encounter.hospitalization.destination",
            "required": false,
            "repeats": true,
            "question": [
              {
                "extension": [
                  {
                    "url": "http://www.healthintersections.com.au/fhir/Profile/metadata#reference",
                    "valueString": "/Location?subject=$subj&patient=$subj&encounter=$encounter"
                  }
                ],
                "linkId": "Encounter.hospitalization.destination.value",
                "text": "Location to which the patient is discharged",
                "type": "reference",
                "required": false,
                "repeats": false
              }
            ]
          },
          {
            "extension": [
              {
                "url": "http://hl7.org/fhir/Profile/questionnaire-extensions#flyover",
                "valueString": "Category or kind of location after discharge."
              },
              {
                "url": "http://www.healthintersections.com.au/fhir/Profile/metadata#type",
                "valueString": "CodeableConcept"
              }
            ],
            "linkId": "Encounter.hospitalization.dischargeDisposition",
            "text": "Category or kind of location after discharge",
            "required": false,
            "repeats": true,
            "question": [
              {
                "linkId": "Encounter.hospitalization.dischargeDisposition.coding",
                "text": "code:",
                "type": "open-choice",
                "required": false,
                "repeats": false
              },
              {
                "linkId": "Encounter.hospitalization.dischargeDisposition.text",
                "text": "text:",
                "type": "string",
                "required": false,
                "repeats": false
              }
            ]
          },
          {
            "extension": [
              {
                "url": "http://hl7.org/fhir/Profile/questionnaire-extensions#flyover",
                "valueString": "The final diagnosis given a patient before release from the hospital after all testing, surgery, and workup are complete."
              },
              {
                "url": "http://www.healthintersections.com.au/fhir/Profile/metadata#type",
                "valueString": "Reference"
              }
            ],
            "linkId": "Encounter.hospitalization.dischargeDiagnosis",
            "required": false,
            "repeats": true,
            "question": [
              {
                "extension": [
                  {
                    "url": "http://www.healthintersections.com.au/fhir/Profile/metadata#reference",
                    "valueString": "/Condition?subject=$subj&patient=$subj&encounter=$encounter"
                  }
                ],
                "linkId": "Encounter.hospitalization.dischargeDiagnosis.value",
                "text": "The final diagnosis given a patient before release from the hospital after all testing, surgery, and workup are complete",
                "type": "reference",
                "required": false,
                "repeats": false
              }
            ]
          }
        ]
      },
      {
        "extension": [
          {
            "url": "http://hl7.org/fhir/Profile/questionnaire-extensions#flyover",
            "valueString": "List of locations at which the patient has been."
          }
        ],
        "linkId": "Encounter.location",
        "title": "List of locations the patient has been at",
        "required": false,
        "repeats": false,
        "group": [
          {
            "extension": [
              {
                "url": "http://hl7.org/fhir/Profile/questionnaire-extensions#flyover",
                "valueString": "unique id for the element within a resource (for internal references)."
              },
              {
                "url": "http://www.healthintersections.com.au/fhir/Profile/metadata#type",
                "valueString": "string"
              }
            ],
            "linkId": "Encounter.location.id",
            "required": false,
            "repeats": true,
            "question": [
              {
                "linkId": "Encounter.location.id.value",
                "text": "xml:id (or equivalent in JSON)",
                "type": "string",
                "required": false,
                "repeats": false
              }
            ]
          },
          {
            "extension": [
              {
                "url": "http://hl7.org/fhir/Profile/questionnaire-extensions#flyover",
                "valueString": "May be used to represent additional information that is not part of the basic definition of the element. In order to make the use of extensions safe and manageable, there is a strict set of governance  applied to the definition and use of extensions. Though any implementer is allowed to define an extension, there is a set of requirements that SHALL be met as part of the definition of the extension."
              }
            ],
            "linkId": "Encounter.location.extension",
            "text": "Additional Content defined by implementations",
            "required": false,
            "repeats": true
          },
          {
            "extension": [
              {
                "url": "http://hl7.org/fhir/Profile/questionnaire-extensions#flyover",
                "valueString": "May be used to represent additional information that is not part of the basic definition of the element, and that modifies the understanding of the element that contains it. Usually modifier elements provide negation or qualification. In order to make the use of extensions safe and manageable, there is a strict set of governance applied to the definition and use of extensions. Though any implementer is allowed to define an extension, there is a set of requirements that SHALL be met as part of the definition of the extension. Applications processing a resource are required to check for modifier extensions."
              }
            ],
            "linkId": "Encounter.location.modifierExtension",
            "text": "Extensions that cannot be ignored",
            "required": false,
            "repeats": true
          },
          {
            "extension": [
              {
                "url": "http://hl7.org/fhir/Profile/questionnaire-extensions#flyover",
                "valueString": "The location where the encounter takes place."
              },
              {
                "url": "http://www.healthintersections.com.au/fhir/Profile/metadata#type",
                "valueString": "Reference"
              }
            ],
            "linkId": "Encounter.location.location",
            "required": true,
            "repeats": true,
            "question": [
              {
                "extension": [
                  {
                    "url": "http://www.healthintersections.com.au/fhir/Profile/metadata#reference",
                    "valueString": "/location-daf-daflocation?subject=$subj&patient=$subj&encounter=$encounter"
                  }
                ],
                "linkId": "Encounter.location.location.value",
                "text": "Location the encounter takes place",
                "type": "reference",
                "required": false,
                "repeats": false
              }
            ]
          },
          {
            "extension": [
              {
                "url": "http://hl7.org/fhir/Profile/questionnaire-extensions#flyover",
                "valueString": "The status of the participants presence at the specified location during the period specified. If the participant is is no longer at the location, then the period will have an end date/time."
              },
              {
                "url": "http://www.healthintersections.com.au/fhir/Profile/metadata#type",
                "valueString": "code"
              }
            ],
            "linkId": "Encounter.location.status",
            "required": false,
            "repeats": true,
            "question": [
              {
                "linkId": "Encounter.location.status.value",
                "text": "status",
                "type": "choice",
                "required": false,
                "repeats": false
              }
            ]
          },
          {
            "extension": [
              {
                "url": "http://hl7.org/fhir/Profile/questionnaire-extensions#flyover",
                "valueString": "Time period during which the patient was present at the location."
              },
              {
                "url": "http://www.healthintersections.com.au/fhir/Profile/metadata#type",
                "valueString": "Period"
              }
            ],
            "linkId": "Encounter.location.period",
            "text": "Time period during which the patient was present at the location",
            "required": false,
            "repeats": true,
            "question": [
              {
                "linkId": "Encounter.location.period.low",
                "text": "start:",
                "type": "dateTime",
                "required": false,
                "repeats": false
              },
              {
                "linkId": "Encounter.location.period.end",
                "text": "end:",
                "type": "dateTime",
                "required": false,
                "repeats": false
              }
            ]
          }
        ]
      },
      {
        "extension": [
          {
            "url": "http://hl7.org/fhir/Profile/questionnaire-extensions#flyover",
            "valueString": "An organization that is in charge of maintaining the information of this Encounter (e.g., who maintains the report or the master service catalog item, etc.). This MAY be the same as the organization on the Patient record, however it could be different. This MAY not be not the Service Delivery Location's Organization."
          },
          {
            "url": "http://www.healthintersections.com.au/fhir/Profile/metadata#type",
            "valueString": "Reference"
          }
        ],
        "linkId": "Encounter.serviceProvider",
        "required": false,
        "repeats": true,
        "question": [
          {
            "extension": [
              {
                "url": "http://www.healthintersections.com.au/fhir/Profile/metadata#reference",
                "valueString": "/Organization?subject=$subj&patient=$subj&encounter=$encounter"
              }
            ],
            "linkId": "Encounter.serviceProvider.value",
            "text": "The custodian organization of this Encounter record",
            "type": "reference",
            "required": false,
            "repeats": false
          }
        ]
      },
      {
        "extension": [
          {
            "url": "http://hl7.org/fhir/Profile/questionnaire-extensions#flyover",
            "valueString": "Another Encounter of which this encounter is a part of (administratively or in time)."
          },
          {
            "url": "http://www.healthintersections.com.au/fhir/Profile/metadata#type",
            "valueString": "Reference"
          }
        ],
        "linkId": "Encounter.partOf",
        "required": false,
        "repeats": true,
        "question": [
          {
            "extension": [
              {
                "url": "http://www.healthintersections.com.au/fhir/Profile/metadata#reference",
                "valueString": "/Encounter?subject=$subj&patient=$subj&encounter=$encounter"
              }
            ],
            "linkId": "Encounter.partOf.value",
            "text": "Another Encounter this encounter is part of",
            "type": "reference",
            "required": false,
            "repeats": false
          }
        ]
      }
    ]
  }
}