{"class":"outpatient","hospitalization":{"admitSource":{"coding":[{"code":"305956004","display":"Referral by physician","system":"http://snomed.info/sct"}]},"dischargeDisposition":{"coding":[{"code":"306689006","display":"Discharge to home","system":"http://snomed.info/sct"}]},"preAdmissionIdentifier":{"system":"http://www.bmc.nl/zorgportal/identifiers/pre-admissions","use":"official","value":"93042"}},"id":"f003","identifier":[{"system":"http://www.bmc.nl/zorgportal/identifiers/encounters","use":"official","value":"v6751"}],"length":{"code":"min","system":"http://unitsofmeasure.org","units":"min","value":90},"participant":[{"individual":{"display":"E.M. van den Broek","reference":"Practitioner/f001"}}],"patient":{"display":"P. van de Heuvel","reference":"Patient/f001"},"priority":{"coding":[{"code":"103391001","display":"Non-urgent ear, nose and throat admission","system":"http://snomed.info/sct"}]},"reason":[{"coding":[{"code":"18099001","display":"Retropharyngeal abscess","system":"http://snomed.info/sct"}]}],"resourceType":"Encounter","serviceProvider":{"reference":"Organization/f001"},"status":"finished","text":{"div":"<div><p><b>Generated Narrative with Details</b></p><p><b>id</b>: f003</p><p><b>identifier</b>: v6751 (OFFICIAL)</p><p><b>status</b>: finished</p><p><b>class</b>: outpatient</p><p><b>type</b>: Patient-initiated encounter <span>(Details : {SNOMED CT code '270427003' = 'Patient-initiated encounter', given as 'Patient-initiated encounter'})</span></p><p><b>patient</b>: <a>P. van de Heuvel</a></p><h3>Participants</h3><table><tr><td>-</td><td><b>Individual</b></td></tr><tr><td>*</td><td><a>E.M. van den Broek</a></td></tr></table><p><b>length</b>: 90 min<span> (Details: http://unitsofmeasure.org code min = 'min')</span></p><p><b>reason</b>: Retropharyngeal abscess <span>(Details : {SNOMED CT code '18099001' = 'Retropharyngeal abscess', given as 'Retropharyngeal abscess'})</span></p><p><b>priority</b>: Non-urgent ear, nose and throat admission <span>(Details : {SNOMED CT code '103391001' = 'Urgent', given as 'Non-urgent ear, nose and throat admission'})</span></p><h3>Hospitalizations</h3><table><tr><td>-</td><td><b>PreAdmissionIdentifier</b></td><td><b>AdmitSource</b></td><td><b>DischargeDisposition</b></td></tr><tr><td>*</td><td>93042 (OFFICIAL)</td><td>Referral by physician <span>(Details : {SNOMED CT code '305956004' = 'Referral by physician', given as 'Referral by physician'})</span></td><td>Discharge to home <span>(Details : {SNOMED CT code '306689006' = 'Discharge to home', given as 'Discharge to home'})</span></td></tr></table><p><b>serviceProvider</b>: <a>Organization/f001</a></p></div>","status":"generated"},"type":[{"coding":[{"code":"270427003","display":"Patient-initiated encounter","system":"http://snomed.info/sct"}]}]}