{"class":"outpatient","hospitalization":{"admitSource":{"coding":[{"code":"305956004","display":"Referral by physician","system":"http://snomed.info/sct"}]},"dischargeDisposition":{"coding":[{"code":"306689006","display":"Discharge to home","system":"http://snomed.info/sct"}]},"preAdmissionIdentifier":{"system":"http://www.amc.nl/zorgportal/identifiers/pre-admissions","use":"official","value":"93042"}},"id":"f001","identifier":[{"system":"http://www.amc.nl/zorgportal/identifiers/visits","use":"official","value":"v1451"}],"length":{"code":"min","system":"http://unitsofmeasure.org","units":"min","value":140},"participant":[{"individual":{"display":"P. Voigt","reference":"Practitioner/f002"}}],"patient":{"display":"P. van de Heuvel","reference":"Patient/f001"},"priority":{"coding":[{"code":"310361003","display":"Non-urgent cardiological admission","system":"http://snomed.info/sct"}]},"reason":[{"coding":[{"code":"34068001","display":"Heart valve replacement","system":"http://snomed.info/sct"}]}],"resourceType":"Encounter","serviceProvider":{"display":"Burgers University Medical Center","reference":"Organization/f001"},"status":"finished","text":{"div":"<div><p><b>Generated Narrative with Details</b></p><p><b>id</b>: f001</p><p><b>identifier</b>: v1451 (OFFICIAL)</p><p><b>status</b>: finished</p><p><b>class</b>: outpatient</p><p><b>type</b>: Patient-initiated encounter <span>(Details : {SNOMED CT code '270427003' = 'Patient-initiated encounter', given as 'Patient-initiated encounter'})</span></p><p><b>patient</b>: <a>P. van de Heuvel</a></p><h3>Participants</h3><table><tr><td>-</td><td><b>Individual</b></td></tr><tr><td>*</td><td><a>P. Voigt</a></td></tr></table><p><b>length</b>: 140 min<span> (Details: http://unitsofmeasure.org code min = 'min')</span></p><p><b>reason</b>: Heart valve replacement <span>(Details : {SNOMED CT code '34068001' = 'Heart valve replacement', given as 'Heart valve replacement'})</span></p><p><b>priority</b>: Non-urgent cardiological admission <span>(Details : {SNOMED CT code '310361003' = 'Non-urgent cardiological admission', given as 'Non-urgent cardiological admission'})</span></p><h3>Hospitalizations</h3><table><tr><td>-</td><td><b>PreAdmissionIdentifier</b></td><td><b>AdmitSource</b></td><td><b>DischargeDisposition</b></td></tr><tr><td>*</td><td>93042 (OFFICIAL)</td><td>Referral by physician <span>(Details : {SNOMED CT code '305956004' = 'Referral by physician', given as 'Referral by physician'})</span></td><td>Discharge to home <span>(Details : {SNOMED CT code '306689006' = 'Discharge to home', given as 'Discharge to home'})</span></td></tr></table><p><b>serviceProvider</b>: <a>Burgers University Medical Center</a></p></div>","status":"generated"},"type":[{"coding":[{"code":"270427003","display":"Patient-initiated encounter","system":"http://snomed.info/sct"}]}]}