{
  "resourceType": "StructureDefinition",
  "id": "11179-objectClass",
  "url": "http://hl7.org/fhir/StructureDefinition/11179-objectClass",
  "name": "Object Class",
  "display": "Object Class",
  "publisher": "Health Level Seven International (Orders and Observations)",
  "contact": [
    {
      "telecom": [
        {
          "system": "other",
          "value": "http://hl7.org"
        }
      ]
    }
  ],
  "description": "A concept that represents a set of ideas, abstractions, or things in the real world that can be identified with explicit boundaries and meaning and whose properties and behavior follow the same rules. It may be either a single or a group of associated concepts, abstractions, or things.",
  "status": "draft",
  "date": "2014-04-21",
  "mapping": [
    {
      "identity": "v2",
      "uri": "http://hl7.org/v2",
      "name": "HL7 v2"
    },
    {
      "identity": "rim",
      "uri": "http://hl7.org/v3",
      "name": "RIM"
    },
    {
      "identity": "iso11179",
      "uri": "http://metadata-standards.org/11179/",
      "name": "ISO 11179"
    }
  ],
  "kind": "datatype",
  "constrainedType": "Extension",
  "abstract": false,
  "contextType": "datatype",
  "context": [
    "ElementDefinition.mapping"
  ],
  "base": "http://hl7.org/fhir/StructureDefinition/Extension",
  "snapshot": {
    "element": [
      {
        "path": "Extension",
        "short": "Object Class",
        "definition": "A concept that represents a set of ideas, abstractions, or things in the real world that can be identified with explicit boundaries and meaning and whose properties and behavior follow the same rules. It may be either a single or a group of associated concepts, abstractions, or things.",
        "comments": "ObjectClass and Property are treated as a data model that can be mapped to like any other.  This extension merely captures the ObjectClass element as a discrete code.  The information conveyed here should also be conveyed in human-readable form in the mapping.map element.",
        "min": 0,
        "max": "1",
        "base": {
          "path": "Extension",
          "min": 0,
          "max": "*"
        },
        "type": [
          {
            "code": "Extension"
          }
        ],
        "mapping": [
          {
            "identity": "v2",
            "map": "N/A"
          },
          {
            "identity": "rim",
            "map": "N/A"
          },
          {
            "identity": "iso11179",
            "map": "Data_Element.meaning.object_class"
          }
        ]
      },
      {
        "path": "Extension.id",
        "representation": [
          "xmlAttr"
        ],
        "short": "xml:id (or equivalent in JSON)",
        "definition": "unique id for the element within a resource (for internal references).",
        "min": 0,
        "max": "1",
        "base": {
          "path": "Extension.id",
          "min": 0,
          "max": "1"
        },
        "type": [
          {
            "code": "id"
          }
        ],
        "mapping": [
          {
            "identity": "rim",
            "map": "n/a"
          }
        ]
      },
      {
        "path": "Extension.extension",
        "short": "Additional Content defined by implementations",
        "definition": "May be used to represent additional information that is not part of the basic definition of the element. In order to make the use of extensions safe and manageable, there is a strict set of governance  applied to the definition and use of extensions. Though any implementer is allowed to define an extension, there is a set of requirements that SHALL be met as part of the definition of the extension.",
        "alias": [
          "extensions",
          "user content"
        ],
        "min": 0,
        "max": "*",
        "base": {
          "path": "Extension.extension",
          "min": 0,
          "max": "*"
        },
        "type": [
          {
            "code": "Extension"
          }
        ],
        "mapping": [
          {
            "identity": "rim",
            "map": "n/a"
          }
        ]
      },
      {
        "path": "Extension.url",
        "representation": [
          "xmlAttr"
        ],
        "short": "identifies the meaning of the extension",
        "definition": "Source of the definition for the extension code - a logical name or a URL.",
        "min": 1,
        "max": "1",
        "base": {
          "path": "Extension.url",
          "min": 1,
          "max": "1"
        },
        "type": [
          {
            "code": "uri"
          }
        ],
        "fixedUri": "http://hl7.org/fhir/StructureDefinition/11179-objectClass",
        "mapping": [
          {
            "identity": "rim",
            "map": "N/A"
          }
        ]
      },
      {
        "path": "Extension.valueCoding",
        "short": "Value of extension",
        "definition": "Value of extension - may be a resource or one of a constrained set of the data types (see Extensibility in the spec for list).",
        "min": 0,
        "max": "1",
        "base": {
          "path": "Extension.value[x]",
          "min": 0,
          "max": "1"
        },
        "type": [
          {
            "code": "Coding"
          }
        ],
        "binding": {
          "strength": "example",
          "description": "A concept that represents a set of ideas, abstractions, or things in the real world that can be identified with explicit boundaries and meaning and whose properties and behavior follow the same rules.  E.g. Person, Prescription, Encounter, etc.",
          "valueSetReference": {
            "reference": "http://hl7.org/fhir/ValueSet/dataelement-sdcobjectclass"
          }
        },
        "mapping": [
          {
            "identity": "rim",
            "map": "N/A"
          }
        ]
      }
    ]
  },
  "differential": {
    "element": [
      {
        "path": "Extension",
        "short": "Object Class",
        "definition": "A concept that represents a set of ideas, abstractions, or things in the real world that can be identified with explicit boundaries and meaning and whose properties and behavior follow the same rules. It may be either a single or a group of associated concepts, abstractions, or things.",
        "comments": "ObjectClass and Property are treated as a data model that can be mapped to like any other.  This extension merely captures the ObjectClass element as a discrete code.  The information conveyed here should also be conveyed in human-readable form in the mapping.map element.",
        "min": 0,
        "max": "1",
        "type": [
          {
            "code": "Extension"
          }
        ],
        "mapping": [
          {
            "identity": "v2",
            "map": "N/A"
          },
          {
            "identity": "rim",
            "map": "N/A"
          },
          {
            "identity": "iso11179",
            "map": "Data_Element.meaning.object_class"
          }
        ]
      },
      {
        "path": "Extension.url",
        "type": [
          {
            "code": "uri"
          }
        ],
        "fixedUri": "http://hl7.org/fhir/StructureDefinition/11179-objectClass"
      },
      {
        "path": "Extension.value[x]",
        "type": [
          {
            "code": "Coding"
          }
        ],
        "binding": {
          "strength": "example",
          "description": "A concept that represents a set of ideas, abstractions, or things in the real world that can be identified with explicit boundaries and meaning and whose properties and behavior follow the same rules.  E.g. Person, Prescription, Encounter, etc.",
          "valueSetReference": {
            "reference": "http://hl7.org/fhir/ValueSet/dataelement-sdcobjectclass"
          }
        }
      }
    ]
  }
}