{
  "resourceType": "StructureDefinition",
  "id": "11179-de-administrative-status",
  "url": "http://hl7.org/fhir/StructureDefinition/11179-de-administrative-status",
  "name": "Status of internal processing",
  "publisher": "Health Level Seven International (Orders and Observations)",
  "contact": [
    {
      "telecom": [
        {
          "system": "other",
          "value": "http://hl7.org"
        }
      ]
    }
  ],
  "description": "Identifies internal processing status for the data element.  E.g. \"Under review\".",
  "status": "draft",
  "date": "2014-04-21",
  "mapping": [
    {
      "identity": "iso11179",
      "uri": "http://metadata-standards.org/11179/",
      "name": "ISO 11179"
    }
  ],
  "kind": "datatype",
  "constrainedType": "Extension",
  "abstract": false,
  "contextType": "resource",
  "context": [
    "DataElement"
  ],
  "base": "http://hl7.org/fhir/StructureDefinition/Extension",
  "snapshot": {
    "element": [
      {
        "path": "Extension",
        "short": "Status of internal processing",
        "definition": "Identifies internal processing status for the data element.  E.g. \"Under review\".",
        "min": 0,
        "max": "1",
        "base": {
          "path": "Extension",
          "min": 0,
          "max": "*"
        },
        "type": [
          {
            "code": "Extension"
          }
        ],
        "mapping": [
          {
            "identity": "iso11179",
            "map": "Administrable_Item.status"
          }
        ]
      },
      {
        "path": "Extension.id",
        "representation": [
          "xmlAttr"
        ],
        "short": "xml:id (or equivalent in JSON)",
        "definition": "unique id for the element within a resource (for internal references).",
        "min": 0,
        "max": "1",
        "base": {
          "path": "Extension.id",
          "min": 0,
          "max": "1"
        },
        "type": [
          {
            "code": "id"
          }
        ],
        "mapping": [
          {
            "identity": "rim",
            "map": "n/a"
          }
        ]
      },
      {
        "path": "Extension.extension",
        "short": "Additional Content defined by implementations",
        "definition": "May be used to represent additional information that is not part of the basic definition of the element. In order to make the use of extensions safe and manageable, there is a strict set of governance  applied to the definition and use of extensions. Though any implementer is allowed to define an extension, there is a set of requirements that SHALL be met as part of the definition of the extension.",
        "alias": [
          "extensions",
          "user content"
        ],
        "min": 0,
        "max": "*",
        "base": {
          "path": "Extension.extension",
          "min": 0,
          "max": "*"
        },
        "type": [
          {
            "code": "Extension"
          }
        ],
        "mapping": [
          {
            "identity": "rim",
            "map": "n/a"
          }
        ]
      },
      {
        "path": "Extension.url",
        "representation": [
          "xmlAttr"
        ],
        "short": "identifies the meaning of the extension",
        "definition": "Source of the definition for the extension code - a logical name or a URL.",
        "min": 1,
        "max": "1",
        "base": {
          "path": "Extension.url",
          "min": 1,
          "max": "1"
        },
        "type": [
          {
            "code": "uri"
          }
        ],
        "fixedUri": "http://hl7.org/fhir/StructureDefinition/11179-de-administrative-status",
        "mapping": [
          {
            "identity": "rim",
            "map": "N/A"
          }
        ]
      },
      {
        "path": "Extension.valueCodeableConcept",
        "short": "Value of extension",
        "definition": "Value of extension - may be a resource or one of a constrained set of the data types (see Extensibility in the spec for list).",
        "min": 0,
        "max": "1",
        "base": {
          "path": "Extension.value[x]",
          "min": 0,
          "max": "1"
        },
        "type": [
          {
            "code": "CodeableConcept"
          }
        ],
        "binding": {
          "strength": "required",
          "description": "Codes identifying the position of the data element within its administrative life-cycle.  Examples include awaiting review, conditionally approved, scheduled for release, etc."
        },
        "mapping": [
          {
            "identity": "rim",
            "map": "N/A"
          }
        ]
      }
    ]
  },
  "differential": {
    "element": [
      {
        "path": "Extension",
        "short": "Status of internal processing",
        "definition": "Identifies internal processing status for the data element.  E.g. \"Under review\".",
        "min": 0,
        "max": "1",
        "type": [
          {
            "code": "Extension"
          }
        ],
        "mapping": [
          {
            "identity": "iso11179",
            "map": "Administrable_Item.status"
          }
        ]
      },
      {
        "path": "Extension.url",
        "type": [
          {
            "code": "uri"
          }
        ],
        "fixedUri": "http://hl7.org/fhir/StructureDefinition/11179-de-administrative-status"
      },
      {
        "path": "Extension.value[x]",
        "type": [
          {
            "code": "CodeableConcept"
          }
        ],
        "binding": {
          "strength": "required",
          "description": "Codes identifying the position of the data element within its administrative life-cycle.  Examples include awaiting review, conditionally approved, scheduled for release, etc."
        }
      }
    ]
  }
}